date,ticker,decision_time,text_available_at,revised_available_at,return_start_at,return_end_at,text_signal,revised_text_signal,latent_regime,next_return,close
2021-01-04,ACME,2021-01-04 16:00:00+00:00,2021-01-04 15:58:00+00:00,2021-01-05 12:00:00+00:00,2021-01-04 16:01:00+00:00,2021-01-05 16:00:00+00:00,0.127589,-0.387776,normal,-0.00984735,99.0153
2021-01-05,ACME,2021-01-05 16:00:00+00:00,2021-01-05 15:58:00+00:00,2021-01-06 12:00:00+00:00,2021-01-05 16:01:00+00:00,2021-01-06 16:00:00+00:00,-0.637633,-1.519663,normal,-0.0215467,96.8818
2021-01-06,ACME,2021-01-06 16:00:00+00:00,2021-01-06 15:58:00+00:00,2021-01-07 12:00:00+00:00,2021-01-06 16:01:00+00:00,2021-01-07 16:00:00+00:00,0.549105,0.251208,normal,-0.00673361,96.2294
2021-01-07,ACME,2021-01-07 16:00:00+00:00,2021-01-07 15:58:00+00:00,2021-01-08 12:00:00+00:00,2021-01-07 16:01:00+00:00,2021-01-08 16:00:00+00:00,1.411765,1.808165,expansion,0.00700007,96.9031
2021-01-08,ACME,2021-01-08 16:00:00+00:00,2021-01-08 15:58:00+00:00,2021-01-09 12:00:00+00:00,2021-01-08 16:01:00+00:00,2021-01-11 16:00:00+00:00,0.339246,-0.152125,normal,-0.00451235,96.4658
2021-01-11,ACME,2021-01-11 16:00:00+00:00,2021-01-11 15:58:00+00:00,2021-01-12 12:00:00+00:00,2021-01-11 16:01:00+00:00,2021-01-12 16:00:00+00:00,1.20156,2.2015,normal,0.01803621,98.2057
2021-01-12,ACME,2021-01-12 16:00:00+00:00,2021-01-12 15:58:00+00:00,2021-01-13 12:00:00+00:00,2021-01-12 16:01:00+00:00,2021-01-13 16:00:00+00:00,-0.147044,-0.784598,expansion,-0.01503599,96.7291
2021-01-13,ACME,2021-01-13 16:00:00+00:00,2021-01-13 15:58:00+00:00,2021-01-14 12:00:00+00:00,2021-01-13 16:01:00+00:00,2021-01-14 16:00:00+00:00,0.108255,-0.500631,normal,-0.01151425,95.6153
2021-01-14,ACME,2021-01-14 16:00:00+00:00,2021-01-14 15:58:00+00:00,2021-01-15 12:00:00+00:00,2021-01-14 16:01:00+00:00,2021-01-15 16:00:00+00:00,-0.352337,-0.165261,normal,0.00349465,95.9494
2021-01-15,ACME,2021-01-15 16:00:00+00:00,2021-01-15 15:58:00+00:00,2021-01-16 12:00:00+00:00,2021-01-15 16:01:00+00:00,2021-01-18 16:00:00+00:00,-0.30191,-0.685734,normal,-0.00990759,94.9988
2021-01-18,ACME,2021-01-18 16:00:00+00:00,2021-01-18 15:58:00+00:00,2021-01-19 12:00:00+00:00,2021-01-18 16:01:00+00:00,2021-01-19 16:00:00+00:00,0.376562,0.347534,normal,-0.00110436,94.8939
2021-01-19,ACME,2021-01-19 16:00:00+00:00,2021-01-19 15:58:00+00:00,2021-01-20 12:00:00+00:00,2021-01-19 16:01:00+00:00,2021-01-20 16:00:00+00:00,1.34162,1.876644,expansion,0.01084094,95.9226
2021-01-20,ACME,2021-01-20 16:00:00+00:00,2021-01-20 15:58:00+00:00,2021-01-21 12:00:00+00:00,2021-01-20 16:01:00+00:00,2021-01-21 16:00:00+00:00,1.258213,1.077182,expansion,-0.00695975,95.255
2021-01-21,ACME,2021-01-21 16:00:00+00:00,2021-01-21 15:58:00+00:00,2021-01-22 12:00:00+00:00,2021-01-21 16:01:00+00:00,2021-01-22 16:00:00+00:00,0.835968,1.68817,normal,0.02189117,97.3403
2021-01-22,ACME,2021-01-22 16:00:00+00:00,2021-01-22 15:58:00+00:00,2021-01-23 12:00:00+00:00,2021-01-22 16:01:00+00:00,2021-01-25 16:00:00+00:00,0.041656,-0.122364,normal,-0.00543681,96.8111
2021-01-25,ACME,2021-01-25 16:00:00+00:00,2021-01-25 15:58:00+00:00,2021-01-26 12:00:00+00:00,2021-01-25 16:01:00+00:00,2021-01-26 16:00:00+00:00,-0.414913,-0.092668,normal,0.0059215,97.3843
2021-01-26,ACME,2021-01-26 16:00:00+00:00,2021-01-26 15:58:00+00:00,2021-01-27 12:00:00+00:00,2021-01-26 16:01:00+00:00,2021-01-27 16:00:00+00:00,0.91545,1.178281,normal,0.00655865,98.023
2021-01-27,ACME,2021-01-27 16:00:00+00:00,2021-01-27 15:58:00+00:00,2021-01-28 12:00:00+00:00,2021-01-27 16:01:00+00:00,2021-01-28 16:00:00+00:00,-0.338948,-1.451121,normal,-0.02432879,95.6383
2021-01-28,ACME,2021-01-28 16:00:00+00:00,2021-01-28 15:58:00+00:00,2021-01-29 12:00:00+00:00,2021-01-28 16:01:00+00:00,2021-01-29 16:00:00+00:00,-0.257446,-0.825299,normal,-0.0091451,94.7636
2021-01-29,ACME,2021-01-29 16:00:00+00:00,2021-01-29 15:58:00+00:00,2021-01-30 12:00:00+00:00,2021-01-29 16:01:00+00:00,2021-02-01 16:00:00+00:00,-0.659342,-1.246034,normal,-0.01111197,93.7106
2021-02-01,ACME,2021-02-01 16:00:00+00:00,2021-02-01 15:58:00+00:00,2021-02-02 12:00:00+00:00,2021-02-01 16:01:00+00:00,2021-02-02 16:00:00+00:00,-0.577647,0.015618,normal,0.01013206,94.6601
2021-02-02,ACME,2021-02-02 16:00:00+00:00,2021-02-02 15:58:00+00:00,2021-02-03 12:00:00+00:00,2021-02-02 16:01:00+00:00,2021-02-03 16:00:00+00:00,-0.926667,-0.610179,stress,0.00595978,95.2243
2021-02-03,ACME,2021-02-03 16:00:00+00:00,2021-02-03 15:58:00+00:00,2021-02-04 12:00:00+00:00,2021-02-03 16:01:00+00:00,2021-02-04 16:00:00+00:00,-0.443419,-0.746397,normal,-0.00795772,94.4665
2021-02-04,ACME,2021-02-04 16:00:00+00:00,2021-02-04 15:58:00+00:00,2021-02-05 12:00:00+00:00,2021-02-04 16:01:00+00:00,2021-02-05 16:00:00+00:00,-0.524789,-0.358012,normal,0.00259903,94.712
2021-02-05,ACME,2021-02-05 16:00:00+00:00,2021-02-05 15:58:00+00:00,2021-02-06 12:00:00+00:00,2021-02-05 16:01:00+00:00,2021-02-08 16:00:00+00:00,0.020657,-0.016817,normal,-0.00201167,94.5215
2021-02-08,ACME,2021-02-08 16:00:00+00:00,2021-02-08 15:58:00+00:00,2021-02-09 12:00:00+00:00,2021-02-08 16:01:00+00:00,2021-02-09 16:00:00+00:00,0.958037,0.279718,expansion,-0.01850913,92.772
2021-02-09,ACME,2021-02-09 16:00:00+00:00,2021-02-09 15:58:00+00:00,2021-02-10 12:00:00+00:00,2021-02-09 16:01:00+00:00,2021-02-10 16:00:00+00:00,0.062362,0.942808,normal,0.01672836,94.3239
2021-02-10,ACME,2021-02-10 16:00:00+00:00,2021-02-10 15:58:00+00:00,2021-02-11 12:00:00+00:00,2021-02-10 16:01:00+00:00,2021-02-11 16:00:00+00:00,0.019537,-0.127804,normal,-0.0057709,93.7796
2021-02-11,ACME,2021-02-11 16:00:00+00:00,2021-02-11 15:58:00+00:00,2021-02-12 12:00:00+00:00,2021-02-11 16:01:00+00:00,2021-02-12 16:00:00+00:00,1.232097,1.961434,expansion,0.01270299,94.9708
2021-02-12,ACME,2021-02-12 16:00:00+00:00,2021-02-12 15:58:00+00:00,2021-02-13 12:00:00+00:00,2021-02-12 16:01:00+00:00,2021-02-15 16:00:00+00:00,-0.065424,0.347924,normal,0.00345477,95.2989
2021-02-15,ACME,2021-02-15 16:00:00+00:00,2021-02-15 15:58:00+00:00,2021-02-16 12:00:00+00:00,2021-02-15 16:01:00+00:00,2021-02-16 16:00:00+00:00,1.470077,1.394984,expansion,0.00181432,95.4718
2021-02-16,ACME,2021-02-16 16:00:00+00:00,2021-02-16 15:58:00+00:00,2021-02-17 12:00:00+00:00,2021-02-16 16:01:00+00:00,2021-02-17 16:00:00+00:00,1.644024,1.863196,expansion,0.00544043,95.9913
2021-02-17,ACME,2021-02-17 16:00:00+00:00,2021-02-17 15:58:00+00:00,2021-02-18 12:00:00+00:00,2021-02-17 16:01:00+00:00,2021-02-18 16:00:00+00:00,1.478557,1.375728,expansion,-0.00077071,95.9173
2021-02-18,ACME,2021-02-18 16:00:00+00:00,2021-02-18 15:58:00+00:00,2021-02-19 12:00:00+00:00,2021-02-18 16:01:00+00:00,2021-02-19 16:00:00+00:00,0.479072,0.346287,normal,0.00266115,96.1725
2021-02-19,ACME,2021-02-19 16:00:00+00:00,2021-02-19 15:58:00+00:00,2021-02-20 12:00:00+00:00,2021-02-19 16:01:00+00:00,2021-02-22 16:00:00+00:00,0.564445,-0.439583,normal,-0.02429911,93.8356
2021-02-22,ACME,2021-02-22 16:00:00+00:00,2021-02-22 15:58:00+00:00,2021-02-23 12:00:00+00:00,2021-02-22 16:01:00+00:00,2021-02-23 16:00:00+00:00,0.735865,0.43599,normal,-0.00580195,93.2912
2021-02-23,ACME,2021-02-23 16:00:00+00:00,2021-02-23 15:58:00+00:00,2021-02-24 12:00:00+00:00,2021-02-23 16:01:00+00:00,2021-02-24 16:00:00+00:00,0.719418,1.706845,normal,0.02022687,95.1782
2021-02-24,ACME,2021-02-24 16:00:00+00:00,2021-02-24 15:58:00+00:00,2021-02-25 12:00:00+00:00,2021-02-24 16:01:00+00:00,2021-02-25 16:00:00+00:00,-0.079632,0.298457,normal,0.0118755,96.3085
2021-02-25,ACME,2021-02-25 16:00:00+00:00,2021-02-25 15:58:00+00:00,2021-02-26 12:00:00+00:00,2021-02-25 16:01:00+00:00,2021-02-26 16:00:00+00:00,0.684145,0.474423,expansion,-0.00542386,95.7861
2021-02-26,ACME,2021-02-26 16:00:00+00:00,2021-02-26 15:58:00+00:00,2021-02-27 12:00:00+00:00,2021-02-26 16:01:00+00:00,2021-03-01 16:00:00+00:00,1.022697,1.022405,expansion,-7.819e-05,95.7786
2021-03-01,ACME,2021-03-01 16:00:00+00:00,2021-03-01 15:58:00+00:00,2021-03-02 12:00:00+00:00,2021-03-01 16:01:00+00:00,2021-03-02 16:00:00+00:00,1.419638,0.200804,expansion,-0.0220669,93.6651
2021-03-02,ACME,2021-03-02 16:00:00+00:00,2021-03-02 15:58:00+00:00,2021-03-03 12:00:00+00:00,2021-03-02 16:01:00+00:00,2021-03-03 16:00:00+00:00,0.470064,0.319471,normal,-0.00217436,93.4614
2021-03-03,ACME,2021-03-03 16:00:00+00:00,2021-03-03 15:58:00+00:00,2021-03-04 12:00:00+00:00,2021-03-03 16:01:00+00:00,2021-03-04 16:00:00+00:00,1.316392,1.474828,expansion,0.00374373,93.8113
2021-03-04,ACME,2021-03-04 16:00:00+00:00,2021-03-04 15:58:00+00:00,2021-03-05 12:00:00+00:00,2021-03-04 16:01:00+00:00,2021-03-05 16:00:00+00:00,1.006159,1.317268,normal,0.00341102,94.1313
2021-03-05,ACME,2021-03-05 16:00:00+00:00,2021-03-05 15:58:00+00:00,2021-03-06 12:00:00+00:00,2021-03-05 16:01:00+00:00,2021-03-08 16:00:00+00:00,0.067484,0.046657,normal,0.0029068,94.4049
2021-03-08,ACME,2021-03-08 16:00:00+00:00,2021-03-08 15:58:00+00:00,2021-03-09 12:00:00+00:00,2021-03-08 16:01:00+00:00,2021-03-09 16:00:00+00:00,0.430911,0.811241,normal,0.01100199,95.4436
2021-03-09,ACME,2021-03-09 16:00:00+00:00,2021-03-09 15:58:00+00:00,2021-03-10 12:00:00+00:00,2021-03-09 16:01:00+00:00,2021-03-10 16:00:00+00:00,0.59979,0.688182,normal,0.00679425,96.092
2021-03-10,ACME,2021-03-10 16:00:00+00:00,2021-03-10 15:58:00+00:00,2021-03-11 12:00:00+00:00,2021-03-10 16:01:00+00:00,2021-03-11 16:00:00+00:00,0.368018,-0.121618,normal,-0.00712763,95.4071
2021-03-11,ACME,2021-03-11 16:00:00+00:00,2021-03-11 15:58:00+00:00,2021-03-12 12:00:00+00:00,2021-03-11 16:01:00+00:00,2021-03-12 16:00:00+00:00,-0.760892,-0.497866,stress,0.00290939,95.6847
2021-03-12,ACME,2021-03-12 16:00:00+00:00,2021-03-12 15:58:00+00:00,2021-03-13 12:00:00+00:00,2021-03-12 16:01:00+00:00,2021-03-15 16:00:00+00:00,-0.451612,-1.1149,stress,-0.01237488,94.5006
2021-03-15,ACME,2021-03-15 16:00:00+00:00,2021-03-15 15:58:00+00:00,2021-03-16 12:00:00+00:00,2021-03-15 16:01:00+00:00,2021-03-16 16:00:00+00:00,1.239344,1.464225,normal,0.00712825,95.1742
2021-03-16,ACME,2021-03-16 16:00:00+00:00,2021-03-16 15:58:00+00:00,2021-03-17 12:00:00+00:00,2021-03-16 16:01:00+00:00,2021-03-17 16:00:00+00:00,0.790047,0.738317,normal,-0.00402067,94.7916
2021-03-17,ACME,2021-03-17 16:00:00+00:00,2021-03-17 15:58:00+00:00,2021-03-18 12:00:00+00:00,2021-03-17 16:01:00+00:00,2021-03-18 16:00:00+00:00,0.753356,0.589684,normal,-0.0012586,94.6723
2021-03-18,ACME,2021-03-18 16:00:00+00:00,2021-03-18 15:58:00+00:00,2021-03-19 12:00:00+00:00,2021-03-18 16:01:00+00:00,2021-03-19 16:00:00+00:00,0.844331,1.348516,expansion,0.01290653,95.8942
2021-03-19,ACME,2021-03-19 16:00:00+00:00,2021-03-19 15:58:00+00:00,2021-03-20 12:00:00+00:00,2021-03-19 16:01:00+00:00,2021-03-22 16:00:00+00:00,1.523,1.004692,expansion,-0.01259089,94.6868
2021-03-22,ACME,2021-03-22 16:00:00+00:00,2021-03-22 15:58:00+00:00,2021-03-23 12:00:00+00:00,2021-03-22 16:01:00+00:00,2021-03-23 16:00:00+00:00,0.087521,0.666226,normal,0.01250896,95.8712
2021-03-23,ACME,2021-03-23 16:00:00+00:00,2021-03-23 15:58:00+00:00,2021-03-24 12:00:00+00:00,2021-03-23 16:01:00+00:00,2021-03-24 16:00:00+00:00,0.494189,0.156531,normal,-0.0067202,95.2269
2021-03-24,ACME,2021-03-24 16:00:00+00:00,2021-03-24 15:58:00+00:00,2021-03-25 12:00:00+00:00,2021-03-24 16:01:00+00:00,2021-03-25 16:00:00+00:00,1.220361,1.246616,expansion,-0.00223068,95.0145
2021-03-25,ACME,2021-03-25 16:00:00+00:00,2021-03-25 15:58:00+00:00,2021-03-26 12:00:00+00:00,2021-03-25 16:01:00+00:00,2021-03-26 16:00:00+00:00,1.207191,0.633735,expansion,-0.01425779,93.6598
2021-03-26,ACME,2021-03-26 16:00:00+00:00,2021-03-26 15:58:00+00:00,2021-03-27 12:00:00+00:00,2021-03-26 16:01:00+00:00,2021-03-29 16:00:00+00:00,0.161664,0.651841,normal,0.01111997,94.7013
2021-03-29,ACME,2021-03-29 16:00:00+00:00,2021-03-29 15:58:00+00:00,2021-03-30 12:00:00+00:00,2021-03-29 16:01:00+00:00,2021-03-30 16:00:00+00:00,1.134052,1.243826,expansion,0.0035967,95.0419
2021-03-30,ACME,2021-03-30 16:00:00+00:00,2021-03-30 15:58:00+00:00,2021-03-31 12:00:00+00:00,2021-03-30 16:01:00+00:00,2021-03-31 16:00:00+00:00,0.042283,0.289674,expansion,0.00530046,95.5457
2021-03-31,ACME,2021-03-31 16:00:00+00:00,2021-03-31 15:58:00+00:00,2021-04-01 12:00:00+00:00,2021-03-31 16:01:00+00:00,2021-04-01 16:00:00+00:00,-0.917069,-1.607416,normal,-0.01589042,94.0274
2021-04-01,ACME,2021-04-01 16:00:00+00:00,2021-04-01 15:58:00+00:00,2021-04-02 12:00:00+00:00,2021-04-01 16:01:00+00:00,2021-04-02 16:00:00+00:00,-0.394219,-0.916243,normal,-0.01123748,92.9708
2021-04-02,ACME,2021-04-02 16:00:00+00:00,2021-04-02 15:58:00+00:00,2021-04-03 12:00:00+00:00,2021-04-02 16:01:00+00:00,2021-04-05 16:00:00+00:00,-1.359039,-0.831015,stress,0.01176979,94.065
2021-04-05,ACME,2021-04-05 16:00:00+00:00,2021-04-05 15:58:00+00:00,2021-04-06 12:00:00+00:00,2021-04-05 16:01:00+00:00,2021-04-06 16:00:00+00:00,-0.788836,-1.47692,stress,-0.01405807,92.7427
2021-04-06,ACME,2021-04-06 16:00:00+00:00,2021-04-06 15:58:00+00:00,2021-04-07 12:00:00+00:00,2021-04-06 16:01:00+00:00,2021-04-07 16:00:00+00:00,-0.741569,-0.409344,stress,0.01033601,93.7013
2021-04-07,ACME,2021-04-07 16:00:00+00:00,2021-04-07 15:58:00+00:00,2021-04-08 12:00:00+00:00,2021-04-07 16:01:00+00:00,2021-04-08 16:00:00+00:00,-1.101555,-1.553898,stress,-0.0037175,93.3529
2021-04-08,ACME,2021-04-08 16:00:00+00:00,2021-04-08 15:58:00+00:00,2021-04-09 12:00:00+00:00,2021-04-08 16:01:00+00:00,2021-04-09 16:00:00+00:00,-1.511626,-1.885215,stress,-0.0076876,92.6353
2021-04-09,ACME,2021-04-09 16:00:00+00:00,2021-04-09 15:58:00+00:00,2021-04-10 12:00:00+00:00,2021-04-09 16:01:00+00:00,2021-04-12 16:00:00+00:00,-0.480912,-0.642384,stress,-0.00212101,92.4388
2021-04-12,ACME,2021-04-12 16:00:00+00:00,2021-04-12 15:58:00+00:00,2021-04-13 12:00:00+00:00,2021-04-12 16:01:00+00:00,2021-04-13 16:00:00+00:00,-0.373867,-0.808294,normal,-0.00482402,91.9928
2021-04-13,ACME,2021-04-13 16:00:00+00:00,2021-04-13 15:58:00+00:00,2021-04-14 12:00:00+00:00,2021-04-13 16:01:00+00:00,2021-04-14 16:00:00+00:00,0.675458,0.154814,normal,-0.01303254,90.7939
2021-04-14,ACME,2021-04-14 16:00:00+00:00,2021-04-14 15:58:00+00:00,2021-04-15 12:00:00+00:00,2021-04-14 16:01:00+00:00,2021-04-15 16:00:00+00:00,1.087149,1.232263,normal,0.00744777,91.4702
2021-04-15,ACME,2021-04-15 16:00:00+00:00,2021-04-15 15:58:00+00:00,2021-04-16 12:00:00+00:00,2021-04-15 16:01:00+00:00,2021-04-16 16:00:00+00:00,-0.691777,-0.74785,normal,-0.00601188,90.9203
2021-04-16,ACME,2021-04-16 16:00:00+00:00,2021-04-16 15:58:00+00:00,2021-04-17 12:00:00+00:00,2021-04-16 16:01:00+00:00,2021-04-19 16:00:00+00:00,0.320629,0.822381,normal,0.01023785,91.8511
2021-04-19,ACME,2021-04-19 16:00:00+00:00,2021-04-19 15:58:00+00:00,2021-04-20 12:00:00+00:00,2021-04-19 16:01:00+00:00,2021-04-20 16:00:00+00:00,0.420461,-0.338261,normal,-0.01619377,90.3637
2021-04-20,ACME,2021-04-20 16:00:00+00:00,2021-04-20 15:58:00+00:00,2021-04-21 12:00:00+00:00,2021-04-20 16:01:00+00:00,2021-04-21 16:00:00+00:00,0.180578,0.291236,normal,-0.00151683,90.2266
2021-04-21,ACME,2021-04-21 16:00:00+00:00,2021-04-21 15:58:00+00:00,2021-04-22 12:00:00+00:00,2021-04-21 16:01:00+00:00,2021-04-22 16:00:00+00:00,-0.325522,-0.41089,normal,-0.00389802,89.8749
2021-04-22,ACME,2021-04-22 16:00:00+00:00,2021-04-22 15:58:00+00:00,2021-04-23 12:00:00+00:00,2021-04-22 16:01:00+00:00,2021-04-23 16:00:00+00:00,-1.466379,-2.162273,stress,-0.00907105,89.0596
2021-04-23,ACME,2021-04-23 16:00:00+00:00,2021-04-23 15:58:00+00:00,2021-04-24 12:00:00+00:00,2021-04-23 16:01:00+00:00,2021-04-26 16:00:00+00:00,-0.766354,-0.447474,stress,0.00634857,89.625
2021-04-26,ACME,2021-04-26 16:00:00+00:00,2021-04-26 15:58:00+00:00,2021-04-27 12:00:00+00:00,2021-04-26 16:01:00+00:00,2021-04-27 16:00:00+00:00,-1.331631,-0.615738,stress,0.01392974,90.8735
2021-04-27,ACME,2021-04-27 16:00:00+00:00,2021-04-27 15:58:00+00:00,2021-04-28 12:00:00+00:00,2021-04-27 16:01:00+00:00,2021-04-28 16:00:00+00:00,-1.005055,-0.902307,normal,-0.00023203,90.8524
2021-04-28,ACME,2021-04-28 16:00:00+00:00,2021-04-28 15:58:00+00:00,2021-04-29 12:00:00+00:00,2021-04-28 16:01:00+00:00,2021-04-29 16:00:00+00:00,-0.675171,-1.065214,normal,-0.01008613,89.9361
2021-04-29,ACME,2021-04-29 16:00:00+00:00,2021-04-29 15:58:00+00:00,2021-04-30 12:00:00+00:00,2021-04-29 16:01:00+00:00,2021-04-30 16:00:00+00:00,-0.529395,-1.409681,normal,-0.01869457,88.2547
2021-04-30,ACME,2021-04-30 16:00:00+00:00,2021-04-30 15:58:00+00:00,2021-05-01 12:00:00+00:00,2021-04-30 16:01:00+00:00,2021-05-03 16:00:00+00:00,-0.196042,-0.189264,stress,-0.00012335,88.2439
2021-05-03,ACME,2021-05-03 16:00:00+00:00,2021-05-03 15:58:00+00:00,2021-05-04 12:00:00+00:00,2021-05-03 16:01:00+00:00,2021-05-04 16:00:00+00:00,-1.107766,-1.328324,stress,-0.00752917,87.5795
2021-05-04,ACME,2021-05-04 16:00:00+00:00,2021-05-04 15:58:00+00:00,2021-05-05 12:00:00+00:00,2021-05-04 16:01:00+00:00,2021-05-05 16:00:00+00:00,-2.129484,-2.480228,stress,-0.00559175,87.0897
2021-05-05,ACME,2021-05-05 16:00:00+00:00,2021-05-05 15:58:00+00:00,2021-05-06 12:00:00+00:00,2021-05-05 16:01:00+00:00,2021-05-06 16:00:00+00:00,-1.851793,-2.553703,stress,-0.01351074,85.9131
2021-05-06,ACME,2021-05-06 16:00:00+00:00,2021-05-06 15:58:00+00:00,2021-05-07 12:00:00+00:00,2021-05-06 16:01:00+00:00,2021-05-07 16:00:00+00:00,-0.978507,-1.345714,stress,-0.00357626,85.6058
2021-05-07,ACME,2021-05-07 16:00:00+00:00,2021-05-07 15:58:00+00:00,2021-05-08 12:00:00+00:00,2021-05-07 16:01:00+00:00,2021-05-10 16:00:00+00:00,-0.835534,0.172311,stress,0.02049299,87.3602
2021-05-10,ACME,2021-05-10 16:00:00+00:00,2021-05-10 15:58:00+00:00,2021-05-11 12:00:00+00:00,2021-05-10 16:01:00+00:00,2021-05-11 16:00:00+00:00,-0.822921,-0.34363,stress,0.00936346,88.1781
2021-05-11,ACME,2021-05-11 16:00:00+00:00,2021-05-11 15:58:00+00:00,2021-05-12 12:00:00+00:00,2021-05-11 16:01:00+00:00,2021-05-12 16:00:00+00:00,-1.509072,-2.427655,stress,-0.0253909,85.9392
2021-05-12,ACME,2021-05-12 16:00:00+00:00,2021-05-12 15:58:00+00:00,2021-05-13 12:00:00+00:00,2021-05-12 16:01:00+00:00,2021-05-13 16:00:00+00:00,-0.999758,-1.124002,stress,-0.00505897,85.5045
2021-05-13,ACME,2021-05-13 16:00:00+00:00,2021-05-13 15:58:00+00:00,2021-05-14 12:00:00+00:00,2021-05-13 16:01:00+00:00,2021-05-14 16:00:00+00:00,-1.648171,-2.120028,stress,-0.01191319,84.4858
2021-05-14,ACME,2021-05-14 16:00:00+00:00,2021-05-14 15:58:00+00:00,2021-05-15 12:00:00+00:00,2021-05-14 16:01:00+00:00,2021-05-17 16:00:00+00:00,-0.898575,-2.275298,stress,-0.0282186,82.1018
2021-05-17,ACME,2021-05-17 16:00:00+00:00,2021-05-17 15:58:00+00:00,2021-05-18 12:00:00+00:00,2021-05-17 16:01:00+00:00,2021-05-18 16:00:00+00:00,0.005783,-0.480886,normal,-0.01286857,81.0452
2021-05-18,ACME,2021-05-18 16:00:00+00:00,2021-05-18 15:58:00+00:00,2021-05-19 12:00:00+00:00,2021-05-18 16:01:00+00:00,2021-05-19 16:00:00+00:00,-0.666149,-0.137347,normal,0.01064248,81.9077
2021-05-19,ACME,2021-05-19 16:00:00+00:00,2021-05-19 15:58:00+00:00,2021-05-20 12:00:00+00:00,2021-05-19 16:01:00+00:00,2021-05-20 16:00:00+00:00,-0.310619,-0.176624,normal,0.00208141,82.0782
2021-05-20,ACME,2021-05-20 16:00:00+00:00,2021-05-20 15:58:00+00:00,2021-05-21 12:00:00+00:00,2021-05-20 16:01:00+00:00,2021-05-21 16:00:00+00:00,-0.610027,0.018311,normal,0.00771964,82.7118
2021-05-21,ACME,2021-05-21 16:00:00+00:00,2021-05-21 15:58:00+00:00,2021-05-22 12:00:00+00:00,2021-05-21 16:01:00+00:00,2021-05-24 16:00:00+00:00,-0.432034,-0.433969,stress,-0.00188856,82.5556
2021-05-24,ACME,2021-05-24 16:00:00+00:00,2021-05-24 15:58:00+00:00,2021-05-25 12:00:00+00:00,2021-05-24 16:01:00+00:00,2021-05-25 16:00:00+00:00,-0.373997,-0.44617,normal,-0.00583536,82.0739
2021-05-25,ACME,2021-05-25 16:00:00+00:00,2021-05-25 15:58:00+00:00,2021-05-26 12:00:00+00:00,2021-05-25 16:01:00+00:00,2021-05-26 16:00:00+00:00,1.074136,0.782816,normal,-0.00680232,81.5156
2021-05-26,ACME,2021-05-26 16:00:00+00:00,2021-05-26 15:58:00+00:00,2021-05-27 12:00:00+00:00,2021-05-26 16:01:00+00:00,2021-05-27 16:00:00+00:00,0.666994,1.634301,expansion,0.01925046,83.0848
2021-05-27,ACME,2021-05-27 16:00:00+00:00,2021-05-27 15:58:00+00:00,2021-05-28 12:00:00+00:00,2021-05-27 16:01:00+00:00,2021-05-28 16:00:00+00:00,1.460074,1.377194,expansion,-0.0063242,82.5594
2021-05-28,ACME,2021-05-28 16:00:00+00:00,2021-05-28 15:58:00+00:00,2021-05-29 12:00:00+00:00,2021-05-28 16:01:00+00:00,2021-05-31 16:00:00+00:00,-0.252455,0.186432,normal,0.01422034,83.7334
2021-05-31,ACME,2021-05-31 16:00:00+00:00,2021-05-31 15:58:00+00:00,2021-06-01 12:00:00+00:00,2021-05-31 16:01:00+00:00,2021-06-01 16:00:00+00:00,2.191936,2.437957,expansion,0.00471363,84.1281
2021-06-01,ACME,2021-06-01 16:00:00+00:00,2021-06-01 15:58:00+00:00,2021-06-02 12:00:00+00:00,2021-06-01 16:01:00+00:00,2021-06-02 16:00:00+00:00,1.616451,1.626867,expansion,0.00152357,84.2563
2021-06-02,ACME,2021-06-02 16:00:00+00:00,2021-06-02 15:58:00+00:00,2021-06-03 12:00:00+00:00,2021-06-02 16:01:00+00:00,2021-06-03 16:00:00+00:00,1.268023,1.276379,expansion,0.00131624,84.3672
2021-06-03,ACME,2021-06-03 16:00:00+00:00,2021-06-03 15:58:00+00:00,2021-06-04 12:00:00+00:00,2021-06-03 16:01:00+00:00,2021-06-04 16:00:00+00:00,0.008838,0.979546,normal,0.02239413,86.2565
2021-06-04,ACME,2021-06-04 16:00:00+00:00,2021-06-04 15:58:00+00:00,2021-06-05 12:00:00+00:00,2021-06-04 16:01:00+00:00,2021-06-07 16:00:00+00:00,1.170249,1.416858,expansion,0.00631911,86.8016
2021-06-07,ACME,2021-06-07 16:00:00+00:00,2021-06-07 15:58:00+00:00,2021-06-08 12:00:00+00:00,2021-06-07 16:01:00+00:00,2021-06-08 16:00:00+00:00,1.223279,1.985488,expansion,0.01408514,88.0242
2021-06-08,ACME,2021-06-08 16:00:00+00:00,2021-06-08 15:58:00+00:00,2021-06-09 12:00:00+00:00,2021-06-08 16:01:00+00:00,2021-06-09 16:00:00+00:00,-0.275171,-0.320763,normal,-0.00309284,87.7519
2021-06-09,ACME,2021-06-09 16:00:00+00:00,2021-06-09 15:58:00+00:00,2021-06-10 12:00:00+00:00,2021-06-09 16:01:00+00:00,2021-06-10 16:00:00+00:00,-0.828754,-2.174698,stress,-0.02857893,85.2441
2021-06-10,ACME,2021-06-10 16:00:00+00:00,2021-06-10 15:58:00+00:00,2021-06-11 12:00:00+00:00,2021-06-10 16:01:00+00:00,2021-06-11 16:00:00+00:00,-0.408043,-0.110744,stress,0.00358284,85.5495
2021-06-11,ACME,2021-06-11 16:00:00+00:00,2021-06-11 15:58:00+00:00,2021-06-12 12:00:00+00:00,2021-06-11 16:01:00+00:00,2021-06-14 16:00:00+00:00,-0.872561,-1.085186,stress,-0.00688536,84.9604
2021-06-14,ACME,2021-06-14 16:00:00+00:00,2021-06-14 15:58:00+00:00,2021-06-15 12:00:00+00:00,2021-06-14 16:01:00+00:00,2021-06-15 16:00:00+00:00,0.316079,-0.458295,stress,-0.01736512,83.4851
2021-06-15,ACME,2021-06-15 16:00:00+00:00,2021-06-15 15:58:00+00:00,2021-06-16 12:00:00+00:00,2021-06-15 16:01:00+00:00,2021-06-16 16:00:00+00:00,-1.835544,-2.255091,stress,-0.0099589,82.6537
2021-06-16,ACME,2021-06-16 16:00:00+00:00,2021-06-16 15:58:00+00:00,2021-06-17 12:00:00+00:00,2021-06-16 16:01:00+00:00,2021-06-17 16:00:00+00:00,-2.272169,-2.242685,stress,-0.0025146,82.4458
2021-06-17,ACME,2021-06-17 16:00:00+00:00,2021-06-17 15:58:00+00:00,2021-06-18 12:00:00+00:00,2021-06-17 16:01:00+00:00,2021-06-18 16:00:00+00:00,-2.777641,-3.681635,stress,-0.02087218,80.725
2021-06-18,ACME,2021-06-18 16:00:00+00:00,2021-06-18 15:58:00+00:00,2021-06-19 12:00:00+00:00,2021-06-18 16:01:00+00:00,2021-06-21 16:00:00+00:00,-2.233862,-2.847997,stress,-0.01339465,79.6437
2021-06-21,ACME,2021-06-21 16:00:00+00:00,2021-06-21 15:58:00+00:00,2021-06-22 12:00:00+00:00,2021-06-21 16:01:00+00:00,2021-06-22 16:00:00+00:00,-1.484937,-1.572564,stress,0.00059071,79.6908
2021-06-22,ACME,2021-06-22 16:00:00+00:00,2021-06-22 15:58:00+00:00,2021-06-23 12:00:00+00:00,2021-06-22 16:01:00+00:00,2021-06-23 16:00:00+00:00,-2.921115,-3.052109,stress,-0.00429989,79.3481
2021-06-23,ACME,2021-06-23 16:00:00+00:00,2021-06-23 15:58:00+00:00,2021-06-24 12:00:00+00:00,2021-06-23 16:01:00+00:00,2021-06-24 16:00:00+00:00,-2.183969,-1.416872,stress,0.01575763,80.5984
2021-06-24,ACME,2021-06-24 16:00:00+00:00,2021-06-24 15:58:00+00:00,2021-06-25 12:00:00+00:00,2021-06-24 16:01:00+00:00,2021-06-25 16:00:00+00:00,-1.414835,-0.815255,stress,0.01610943,81.8968
2021-06-25,ACME,2021-06-25 16:00:00+00:00,2021-06-25 15:58:00+00:00,2021-06-26 12:00:00+00:00,2021-06-25 16:01:00+00:00,2021-06-28 16:00:00+00:00,-0.879939,-1.730852,normal,-0.01350749,80.7906
2021-06-28,ACME,2021-06-28 16:00:00+00:00,2021-06-28 15:58:00+00:00,2021-06-29 12:00:00+00:00,2021-06-28 16:01:00+00:00,2021-06-29 16:00:00+00:00,-1.095533,-1.316464,stress,-0.00459422,80.4195
2021-06-29,ACME,2021-06-29 16:00:00+00:00,2021-06-29 15:58:00+00:00,2021-06-30 12:00:00+00:00,2021-06-29 16:01:00+00:00,2021-06-30 16:00:00+00:00,-0.860758,-0.07937,stress,0.01202627,81.3866
2021-06-30,ACME,2021-06-30 16:00:00+00:00,2021-06-30 15:58:00+00:00,2021-07-01 12:00:00+00:00,2021-06-30 16:01:00+00:00,2021-07-01 16:00:00+00:00,-1.155056,-0.982514,stress,0.00177736,81.5313
2021-07-01,ACME,2021-07-01 16:00:00+00:00,2021-07-01 15:58:00+00:00,2021-07-02 12:00:00+00:00,2021-07-01 16:01:00+00:00,2021-07-02 16:00:00+00:00,-0.844045,-0.822724,stress,0.0013322,81.6399
2021-07-02,ACME,2021-07-02 16:00:00+00:00,2021-07-02 15:58:00+00:00,2021-07-03 12:00:00+00:00,2021-07-02 16:01:00+00:00,2021-07-05 16:00:00+00:00,-0.384158,-0.968469,normal,-0.01222989,80.6414
2021-07-05,ACME,2021-07-05 16:00:00+00:00,2021-07-05 15:58:00+00:00,2021-07-06 12:00:00+00:00,2021-07-05 16:01:00+00:00,2021-07-06 16:00:00+00:00,0.185008,-0.400229,normal,-0.01313595,79.5821
2021-07-06,ACME,2021-07-06 16:00:00+00:00,2021-07-06 15:58:00+00:00,2021-07-07 12:00:00+00:00,2021-07-06 16:01:00+00:00,2021-07-07 16:00:00+00:00,0.702863,0.044845,expansion,-0.0121996,78.6112
2021-07-07,ACME,2021-07-07 16:00:00+00:00,2021-07-07 15:58:00+00:00,2021-07-08 12:00:00+00:00,2021-07-07 16:01:00+00:00,2021-07-08 16:00:00+00:00,0.677466,1.052105,expansion,0.00693291,79.1563
2021-07-08,ACME,2021-07-08 16:00:00+00:00,2021-07-08 15:58:00+00:00,2021-07-09 12:00:00+00:00,2021-07-08 16:01:00+00:00,2021-07-09 16:00:00+00:00,0.229777,0.442448,normal,0.00500712,79.5526
2021-07-09,ACME,2021-07-09 16:00:00+00:00,2021-07-09 15:58:00+00:00,2021-07-10 12:00:00+00:00,2021-07-09 16:01:00+00:00,2021-07-12 16:00:00+00:00,0.207468,0.081605,normal,-0.00080193,79.4888
2021-07-12,ACME,2021-07-12 16:00:00+00:00,2021-07-12 15:58:00+00:00,2021-07-13 12:00:00+00:00,2021-07-12 16:01:00+00:00,2021-07-13 16:00:00+00:00,0.920421,0.068859,expansion,-0.0168818,78.1469
2021-07-13,ACME,2021-07-13 16:00:00+00:00,2021-07-13 15:58:00+00:00,2021-07-14 12:00:00+00:00,2021-07-13 16:01:00+00:00,2021-07-14 16:00:00+00:00,-0.095201,-0.979566,normal,-0.01749039,76.7801
2021-07-14,ACME,2021-07-14 16:00:00+00:00,2021-07-14 15:58:00+00:00,2021-07-15 12:00:00+00:00,2021-07-14 16:01:00+00:00,2021-07-15 16:00:00+00:00,1.099535,1.555079,normal,0.01074481,77.6051
2021-07-15,ACME,2021-07-15 16:00:00+00:00,2021-07-15 15:58:00+00:00,2021-07-16 12:00:00+00:00,2021-07-15 16:01:00+00:00,2021-07-16 16:00:00+00:00,-0.493916,-0.732176,normal,-0.0006606,77.5538
2021-07-16,ACME,2021-07-16 16:00:00+00:00,2021-07-16 15:58:00+00:00,2021-07-17 12:00:00+00:00,2021-07-16 16:01:00+00:00,2021-07-19 16:00:00+00:00,0.212176,0.152124,normal,-0.00249572,77.3602
2021-07-19,ACME,2021-07-19 16:00:00+00:00,2021-07-19 15:58:00+00:00,2021-07-20 12:00:00+00:00,2021-07-19 16:01:00+00:00,2021-07-20 16:00:00+00:00,0.390741,0.425761,normal,0.00657347,77.8688
2021-07-20,ACME,2021-07-20 16:00:00+00:00,2021-07-20 15:58:00+00:00,2021-07-21 12:00:00+00:00,2021-07-20 16:01:00+00:00,2021-07-21 16:00:00+00:00,1.290719,0.868573,expansion,-0.00974642,77.1098
2021-07-21,ACME,2021-07-21 16:00:00+00:00,2021-07-21 15:58:00+00:00,2021-07-22 12:00:00+00:00,2021-07-21 16:01:00+00:00,2021-07-22 16:00:00+00:00,1.068169,1.775517,expansion,0.01304946,78.1161
2021-07-22,ACME,2021-07-22 16:00:00+00:00,2021-07-22 15:58:00+00:00,2021-07-23 12:00:00+00:00,2021-07-22 16:01:00+00:00,2021-07-23 16:00:00+00:00,0.210926,0.656197,normal,0.0112097,78.9917
2021-07-23,ACME,2021-07-23 16:00:00+00:00,2021-07-23 15:58:00+00:00,2021-07-24 12:00:00+00:00,2021-07-23 16:01:00+00:00,2021-07-26 16:00:00+00:00,-0.21533,-0.36608,normal,-0.00476057,78.6157
2021-07-26,ACME,2021-07-26 16:00:00+00:00,2021-07-26 15:58:00+00:00,2021-07-27 12:00:00+00:00,2021-07-26 16:01:00+00:00,2021-07-27 16:00:00+00:00,-0.447381,-0.694876,normal,-0.00456535,78.2568
2021-07-27,ACME,2021-07-27 16:00:00+00:00,2021-07-27 15:58:00+00:00,2021-07-28 12:00:00+00:00,2021-07-27 16:01:00+00:00,2021-07-28 16:00:00+00:00,-0.197426,0.844106,normal,0.01738397,79.6172
2021-07-28,ACME,2021-07-28 16:00:00+00:00,2021-07-28 15:58:00+00:00,2021-07-29 12:00:00+00:00,2021-07-28 16:01:00+00:00,2021-07-29 16:00:00+00:00,-0.530709,-0.260923,normal,0.00164617,79.7482
2021-07-29,ACME,2021-07-29 16:00:00+00:00,2021-07-29 15:58:00+00:00,2021-07-30 12:00:00+00:00,2021-07-29 16:01:00+00:00,2021-07-30 16:00:00+00:00,-0.133845,-0.702728,normal,-0.00686266,79.201
2021-07-30,ACME,2021-07-30 16:00:00+00:00,2021-07-30 15:58:00+00:00,2021-07-31 12:00:00+00:00,2021-07-30 16:01:00+00:00,2021-08-02 16:00:00+00:00,0.360803,-0.230605,normal,-0.00830548,78.5432
2021-08-02,ACME,2021-08-02 16:00:00+00:00,2021-08-02 15:58:00+00:00,2021-08-03 12:00:00+00:00,2021-08-02 16:01:00+00:00,2021-08-03 16:00:00+00:00,-0.967517,-1.882974,normal,-0.01280211,77.5376
2021-08-03,ACME,2021-08-03 16:00:00+00:00,2021-08-03 15:58:00+00:00,2021-08-04 12:00:00+00:00,2021-08-03 16:01:00+00:00,2021-08-04 16:00:00+00:00,0.271127,-0.199703,normal,-0.00820822,76.9012
2021-08-04,ACME,2021-08-04 16:00:00+00:00,2021-08-04 15:58:00+00:00,2021-08-05 12:00:00+00:00,2021-08-04 16:01:00+00:00,2021-08-05 16:00:00+00:00,-0.189424,-0.501021,normal,-0.009359,76.1815
2021-08-05,ACME,2021-08-05 16:00:00+00:00,2021-08-05 15:58:00+00:00,2021-08-06 12:00:00+00:00,2021-08-05 16:01:00+00:00,2021-08-06 16:00:00+00:00,-0.895874,-1.460093,normal,-0.01598413,74.9638
2021-08-06,ACME,2021-08-06 16:00:00+00:00,2021-08-06 15:58:00+00:00,2021-08-07 12:00:00+00:00,2021-08-06 16:01:00+00:00,2021-08-09 16:00:00+00:00,0.967492,1.481889,normal,0.01319624,75.953
2021-08-09,ACME,2021-08-09 16:00:00+00:00,2021-08-09 15:58:00+00:00,2021-08-10 12:00:00+00:00,2021-08-09 16:01:00+00:00,2021-08-10 16:00:00+00:00,0.169473,-0.114698,normal,-0.00470708,75.5955
2021-08-10,ACME,2021-08-10 16:00:00+00:00,2021-08-10 15:58:00+00:00,2021-08-11 12:00:00+00:00,2021-08-10 16:01:00+00:00,2021-08-11 16:00:00+00:00,-1.179487,-0.826221,normal,0.0057441,76.0297
2021-08-11,ACME,2021-08-11 16:00:00+00:00,2021-08-11 15:58:00+00:00,2021-08-12 12:00:00+00:00,2021-08-11 16:01:00+00:00,2021-08-12 16:00:00+00:00,-1.7055,-2.173057,stress,-0.0024874,75.8406
2021-08-12,ACME,2021-08-12 16:00:00+00:00,2021-08-12 15:58:00+00:00,2021-08-13 12:00:00+00:00,2021-08-12 16:01:00+00:00,2021-08-13 16:00:00+00:00,-1.261748,-1.939334,stress,-0.01855724,74.4332
2021-08-13,ACME,2021-08-13 16:00:00+00:00,2021-08-13 15:58:00+00:00,2021-08-14 12:00:00+00:00,2021-08-13 16:01:00+00:00,2021-08-16 16:00:00+00:00,-1.031265,-1.843212,normal,-0.01661224,73.1967
2021-08-16,ACME,2021-08-16 16:00:00+00:00,2021-08-16 15:58:00+00:00,2021-08-17 12:00:00+00:00,2021-08-16 16:01:00+00:00,2021-08-17 16:00:00+00:00,-0.126043,0.189582,normal,0.01073455,73.9825
2021-08-17,ACME,2021-08-17 16:00:00+00:00,2021-08-17 15:58:00+00:00,2021-08-18 12:00:00+00:00,2021-08-17 16:01:00+00:00,2021-08-18 16:00:00+00:00,0.422645,0.911799,normal,0.00914062,74.6587
2021-08-18,ACME,2021-08-18 16:00:00+00:00,2021-08-18 15:58:00+00:00,2021-08-19 12:00:00+00:00,2021-08-18 16:01:00+00:00,2021-08-19 16:00:00+00:00,-0.049501,-0.05271,normal,0.00196657,74.8055
2021-08-19,ACME,2021-08-19 16:00:00+00:00,2021-08-19 15:58:00+00:00,2021-08-20 12:00:00+00:00,2021-08-19 16:01:00+00:00,2021-08-20 16:00:00+00:00,1.057023,0.987352,expansion,-0.00275101,74.5997
2021-08-20,ACME,2021-08-20 16:00:00+00:00,2021-08-20 15:58:00+00:00,2021-08-21 12:00:00+00:00,2021-08-20 16:01:00+00:00,2021-08-23 16:00:00+00:00,0.945977,0.081563,expansion,-0.01427119,73.5351
2021-08-23,ACME,2021-08-23 16:00:00+00:00,2021-08-23 15:58:00+00:00,2021-08-24 12:00:00+00:00,2021-08-23 16:01:00+00:00,2021-08-24 16:00:00+00:00,-0.250306,0.494036,normal,0.01551145,74.6757
2021-08-24,ACME,2021-08-24 16:00:00+00:00,2021-08-24 15:58:00+00:00,2021-08-25 12:00:00+00:00,2021-08-24 16:01:00+00:00,2021-08-25 16:00:00+00:00,0.00286,-0.278721,normal,-0.01142741,73.8224
2021-08-25,ACME,2021-08-25 16:00:00+00:00,2021-08-25 15:58:00+00:00,2021-08-26 12:00:00+00:00,2021-08-25 16:01:00+00:00,2021-08-26 16:00:00+00:00,-0.439289,-0.725597,normal,-0.00144669,73.7156
2021-08-26,ACME,2021-08-26 16:00:00+00:00,2021-08-26 15:58:00+00:00,2021-08-27 12:00:00+00:00,2021-08-26 16:01:00+00:00,2021-08-27 16:00:00+00:00,-0.275916,-0.508215,normal,-0.00817886,73.1127
2021-08-27,ACME,2021-08-27 16:00:00+00:00,2021-08-27 15:58:00+00:00,2021-08-28 12:00:00+00:00,2021-08-27 16:01:00+00:00,2021-08-30 16:00:00+00:00,-0.732917,-0.508306,stress,0.0042113,73.4206
2021-08-30,ACME,2021-08-30 16:00:00+00:00,2021-08-30 15:58:00+00:00,2021-08-31 12:00:00+00:00,2021-08-30 16:01:00+00:00,2021-08-31 16:00:00+00:00,-1.05146,-1.553205,normal,-0.01227041,72.5197
2021-08-31,ACME,2021-08-31 16:00:00+00:00,2021-08-31 15:58:00+00:00,2021-09-01 12:00:00+00:00,2021-08-31 16:01:00+00:00,2021-09-01 16:00:00+00:00,0.415417,-0.052175,normal,-0.01131515,71.6991
2021-09-01,ACME,2021-09-01 16:00:00+00:00,2021-09-01 15:58:00+00:00,2021-09-02 12:00:00+00:00,2021-09-01 16:01:00+00:00,2021-09-02 16:00:00+00:00,0.615656,1.178645,normal,0.01185617,72.5492
2021-09-02,ACME,2021-09-02 16:00:00+00:00,2021-09-02 15:58:00+00:00,2021-09-03 12:00:00+00:00,2021-09-02 16:01:00+00:00,2021-09-03 16:00:00+00:00,0.15451,-0.006936,normal,-0.0055946,72.1433
2021-09-03,ACME,2021-09-03 16:00:00+00:00,2021-09-03 15:58:00+00:00,2021-09-04 12:00:00+00:00,2021-09-03 16:01:00+00:00,2021-09-06 16:00:00+00:00,-0.212064,-0.174736,normal,0.00343773,72.3913
2021-09-06,ACME,2021-09-06 16:00:00+00:00,2021-09-06 15:58:00+00:00,2021-09-07 12:00:00+00:00,2021-09-06 16:01:00+00:00,2021-09-07 16:00:00+00:00,0.173834,-0.684546,normal,-0.01906882,71.0109
2021-09-07,ACME,2021-09-07 16:00:00+00:00,2021-09-07 15:58:00+00:00,2021-09-08 12:00:00+00:00,2021-09-07 16:01:00+00:00,2021-09-08 16:00:00+00:00,-0.720697,-0.239697,normal,0.01293588,71.9295
2021-09-08,ACME,2021-09-08 16:00:00+00:00,2021-09-08 15:58:00+00:00,2021-09-09 12:00:00+00:00,2021-09-08 16:01:00+00:00,2021-09-09 16:00:00+00:00,-0.342812,-0.493932,normal,-0.00548984,71.5346
2021-09-09,ACME,2021-09-09 16:00:00+00:00,2021-09-09 15:58:00+00:00,2021-09-10 12:00:00+00:00,2021-09-09 16:01:00+00:00,2021-09-10 16:00:00+00:00,0.533388,0.35711,normal,-0.00135514,71.4377
2021-09-10,ACME,2021-09-10 16:00:00+00:00,2021-09-10 15:58:00+00:00,2021-09-11 12:00:00+00:00,2021-09-10 16:01:00+00:00,2021-09-13 16:00:00+00:00,-0.321265,-0.428358,normal,0.00149221,71.5443
2021-09-13,ACME,2021-09-13 16:00:00+00:00,2021-09-13 15:58:00+00:00,2021-09-14 12:00:00+00:00,2021-09-13 16:01:00+00:00,2021-09-14 16:00:00+00:00,-0.297065,0.014632,normal,0.00839003,72.1445
2021-09-14,ACME,2021-09-14 16:00:00+00:00,2021-09-14 15:58:00+00:00,2021-09-15 12:00:00+00:00,2021-09-14 16:01:00+00:00,2021-09-15 16:00:00+00:00,0.137954,0.87063,normal,0.01509116,73.2333
2021-09-15,ACME,2021-09-15 16:00:00+00:00,2021-09-15 15:58:00+00:00,2021-09-16 12:00:00+00:00,2021-09-15 16:01:00+00:00,2021-09-16 16:00:00+00:00,0.994963,1.384434,expansion,0.0065772,73.7149
2021-09-16,ACME,2021-09-16 16:00:00+00:00,2021-09-16 15:58:00+00:00,2021-09-17 12:00:00+00:00,2021-09-16 16:01:00+00:00,2021-09-17 16:00:00+00:00,-0.543315,0.033296,normal,0.01548543,74.8564
2021-09-17,ACME,2021-09-17 16:00:00+00:00,2021-09-17 15:58:00+00:00,2021-09-18 12:00:00+00:00,2021-09-17 16:01:00+00:00,2021-09-20 16:00:00+00:00,0.227084,0.493342,normal,0.00348429,75.1173
2021-09-20,ACME,2021-09-20 16:00:00+00:00,2021-09-20 15:58:00+00:00,2021-09-21 12:00:00+00:00,2021-09-20 16:01:00+00:00,2021-09-21 16:00:00+00:00,0.48502,0.278013,normal,-0.00071624,75.0635
2021-09-21,ACME,2021-09-21 16:00:00+00:00,2021-09-21 15:58:00+00:00,2021-09-22 12:00:00+00:00,2021-09-21 16:01:00+00:00,2021-09-22 16:00:00+00:00,-1.12347,-1.756015,normal,-0.01566361,73.8877
2021-09-22,ACME,2021-09-22 16:00:00+00:00,2021-09-22 15:58:00+00:00,2021-09-23 12:00:00+00:00,2021-09-22 16:01:00+00:00,2021-09-23 16:00:00+00:00,-0.521558,0.302218,normal,0.01986196,75.3553
2021-09-23,ACME,2021-09-23 16:00:00+00:00,2021-09-23 15:58:00+00:00,2021-09-24 12:00:00+00:00,2021-09-23 16:01:00+00:00,2021-09-24 16:00:00+00:00,0.130557,-0.419453,normal,-0.00807513,74.7467
2021-09-24,ACME,2021-09-24 16:00:00+00:00,2021-09-24 15:58:00+00:00,2021-09-25 12:00:00+00:00,2021-09-24 16:01:00+00:00,2021-09-27 16:00:00+00:00,0.045215,0.263611,normal,0.00017879,74.7601
2021-09-27,ACME,2021-09-27 16:00:00+00:00,2021-09-27 15:58:00+00:00,2021-09-28 12:00:00+00:00,2021-09-27 16:01:00+00:00,2021-09-28 16:00:00+00:00,0.622218,0.549994,expansion,-0.00016392,74.7479
2021-09-28,ACME,2021-09-28 16:00:00+00:00,2021-09-28 15:58:00+00:00,2021-09-29 12:00:00+00:00,2021-09-28 16:01:00+00:00,2021-09-29 16:00:00+00:00,0.185239,0.149782,normal,0.00033011,74.7725
2021-09-29,ACME,2021-09-29 16:00:00+00:00,2021-09-29 15:58:00+00:00,2021-09-30 12:00:00+00:00,2021-09-29 16:01:00+00:00,2021-09-30 16:00:00+00:00,0.665017,0.408216,expansion,-0.00729451,74.2271
2021-09-30,ACME,2021-09-30 16:00:00+00:00,2021-09-30 15:58:00+00:00,2021-10-01 12:00:00+00:00,2021-09-30 16:01:00+00:00,2021-10-01 16:00:00+00:00,1.740911,1.63344,expansion,-0.00059012,74.1833
2021-10-01,ACME,2021-10-01 16:00:00+00:00,2021-10-01 15:58:00+00:00,2021-10-02 12:00:00+00:00,2021-10-01 16:01:00+00:00,2021-10-04 16:00:00+00:00,2.117629,2.68994,expansion,0.01434218,75.2473
2021-10-04,ACME,2021-10-04 16:00:00+00:00,2021-10-04 15:58:00+00:00,2021-10-05 12:00:00+00:00,2021-10-04 16:01:00+00:00,2021-10-05 16:00:00+00:00,1.405037,1.669439,expansion,0.00155732,75.3644
2021-10-05,ACME,2021-10-05 16:00:00+00:00,2021-10-05 15:58:00+00:00,2021-10-06 12:00:00+00:00,2021-10-05 16:01:00+00:00,2021-10-06 16:00:00+00:00,-0.009634,0.933605,normal,0.01579112,76.5545
2021-10-06,ACME,2021-10-06 16:00:00+00:00,2021-10-06 15:58:00+00:00,2021-10-07 12:00:00+00:00,2021-10-06 16:01:00+00:00,2021-10-07 16:00:00+00:00,-0.718318,-0.718939,normal,-0.00303449,76.3222
2021-10-07,ACME,2021-10-07 16:00:00+00:00,2021-10-07 15:58:00+00:00,2021-10-08 12:00:00+00:00,2021-10-07 16:01:00+00:00,2021-10-08 16:00:00+00:00,-0.545016,-0.216547,stress,0.0059487,76.7762
2021-10-08,ACME,2021-10-08 16:00:00+00:00,2021-10-08 15:58:00+00:00,2021-10-09 12:00:00+00:00,2021-10-08 16:01:00+00:00,2021-10-11 16:00:00+00:00,-2.246268,-2.738484,stress,-0.01178108,75.8717
2021-10-11,ACME,2021-10-11 16:00:00+00:00,2021-10-11 15:58:00+00:00,2021-10-12 12:00:00+00:00,2021-10-11 16:01:00+00:00,2021-10-12 16:00:00+00:00,-1.169717,-1.414427,stress,-0.00535276,75.4656
2021-10-12,ACME,2021-10-12 16:00:00+00:00,2021-10-12 15:58:00+00:00,2021-10-13 12:00:00+00:00,2021-10-12 16:01:00+00:00,2021-10-13 16:00:00+00:00,-0.870808,-0.984407,stress,-0.00247543,75.2788
2021-10-13,ACME,2021-10-13 16:00:00+00:00,2021-10-13 15:58:00+00:00,2021-10-14 12:00:00+00:00,2021-10-13 16:01:00+00:00,2021-10-14 16:00:00+00:00,-1.896954,-2.596428,stress,-0.01470581,74.1718
2021-10-14,ACME,2021-10-14 16:00:00+00:00,2021-10-14 15:58:00+00:00,2021-10-15 12:00:00+00:00,2021-10-14 16:01:00+00:00,2021-10-15 16:00:00+00:00,-1.2504,-1.369182,stress,-0.00031951,74.1481
2021-10-15,ACME,2021-10-15 16:00:00+00:00,2021-10-15 15:58:00+00:00,2021-10-16 12:00:00+00:00,2021-10-15 16:01:00+00:00,2021-10-18 16:00:00+00:00,-2.950022,-2.235627,stress,0.01298664,75.111
2021-10-18,ACME,2021-10-18 16:00:00+00:00,2021-10-18 15:58:00+00:00,2021-10-19 12:00:00+00:00,2021-10-18 16:01:00+00:00,2021-10-19 16:00:00+00:00,-2.587496,-2.448926,stress,0.00452194,75.4506
2021-10-19,ACME,2021-10-19 16:00:00+00:00,2021-10-19 15:58:00+00:00,2021-10-20 12:00:00+00:00,2021-10-19 16:01:00+00:00,2021-10-20 16:00:00+00:00,-2.998007,-2.513908,stress,0.01040259,76.2355
2021-10-20,ACME,2021-10-20 16:00:00+00:00,2021-10-20 15:58:00+00:00,2021-10-21 12:00:00+00:00,2021-10-20 16:01:00+00:00,2021-10-21 16:00:00+00:00,-3.231219,-2.497701,stress,0.01325271,77.2459
2021-10-21,ACME,2021-10-21 16:00:00+00:00,2021-10-21 15:58:00+00:00,2021-10-22 12:00:00+00:00,2021-10-21 16:01:00+00:00,2021-10-22 16:00:00+00:00,-2.819759,-3.163742,stress,-0.0090999,76.5429
2021-10-22,ACME,2021-10-22 16:00:00+00:00,2021-10-22 15:58:00+00:00,2021-10-23 12:00:00+00:00,2021-10-22 16:01:00+00:00,2021-10-25 16:00:00+00:00,-1.740345,-1.278367,stress,0.00178169,76.6793
2021-10-25,ACME,2021-10-25 16:00:00+00:00,2021-10-25 15:58:00+00:00,2021-10-26 12:00:00+00:00,2021-10-25 16:01:00+00:00,2021-10-26 16:00:00+00:00,-2.157568,-2.70845,stress,-0.01070499,75.8584
2021-10-26,ACME,2021-10-26 16:00:00+00:00,2021-10-26 15:58:00+00:00,2021-10-27 12:00:00+00:00,2021-10-26 16:01:00+00:00,2021-10-27 16:00:00+00:00,-1.242717,-0.500185,stress,0.01386787,76.9104
2021-10-27,ACME,2021-10-27 16:00:00+00:00,2021-10-27 15:58:00+00:00,2021-10-28 12:00:00+00:00,2021-10-27 16:01:00+00:00,2021-10-28 16:00:00+00:00,-1.384469,-1.968516,stress,-0.01503952,75.7537
2021-10-28,ACME,2021-10-28 16:00:00+00:00,2021-10-28 15:58:00+00:00,2021-10-29 12:00:00+00:00,2021-10-28 16:01:00+00:00,2021-10-29 16:00:00+00:00,-2.733557,-3.488188,stress,-0.01569336,74.5649
2021-10-29,ACME,2021-10-29 16:00:00+00:00,2021-10-29 15:58:00+00:00,2021-10-30 12:00:00+00:00,2021-10-29 16:01:00+00:00,2021-11-01 16:00:00+00:00,-1.787759,-2.644926,stress,-0.0172695,73.2772
2021-11-01,ACME,2021-11-01 16:00:00+00:00,2021-11-01 15:58:00+00:00,2021-11-02 12:00:00+00:00,2021-11-01 16:01:00+00:00,2021-11-02 16:00:00+00:00,-1.543844,-1.559279,stress,-0.00186726,73.1404
2021-11-02,ACME,2021-11-02 16:00:00+00:00,2021-11-02 15:58:00+00:00,2021-11-03 12:00:00+00:00,2021-11-02 16:01:00+00:00,2021-11-03 16:00:00+00:00,-0.868775,-1.26369,stress,-0.00456231,72.8067
2021-11-03,ACME,2021-11-03 16:00:00+00:00,2021-11-03 15:58:00+00:00,2021-11-04 12:00:00+00:00,2021-11-03 16:01:00+00:00,2021-11-04 16:00:00+00:00,-0.822372,-1.070636,stress,-0.00503658,72.44
2021-11-04,ACME,2021-11-04 16:00:00+00:00,2021-11-04 15:58:00+00:00,2021-11-05 12:00:00+00:00,2021-11-04 16:01:00+00:00,2021-11-05 16:00:00+00:00,-0.701503,-0.43325,normal,0.00572929,72.855
2021-11-05,ACME,2021-11-05 16:00:00+00:00,2021-11-05 15:58:00+00:00,2021-11-06 12:00:00+00:00,2021-11-05 16:01:00+00:00,2021-11-08 16:00:00+00:00,-0.425109,-0.416799,normal,0.00198658,72.9998
2021-11-08,ACME,2021-11-08 16:00:00+00:00,2021-11-08 15:58:00+00:00,2021-11-09 12:00:00+00:00,2021-11-08 16:01:00+00:00,2021-11-09 16:00:00+00:00,1.519875,1.4485,expansion,-0.0012287,72.9101
2021-11-09,ACME,2021-11-09 16:00:00+00:00,2021-11-09 15:58:00+00:00,2021-11-10 12:00:00+00:00,2021-11-09 16:01:00+00:00,2021-11-10 16:00:00+00:00,1.597364,2.043408,expansion,0.00954338,73.6059
2021-11-10,ACME,2021-11-10 16:00:00+00:00,2021-11-10 15:58:00+00:00,2021-11-11 12:00:00+00:00,2021-11-10 16:01:00+00:00,2021-11-11 16:00:00+00:00,1.060195,0.110786,expansion,-0.02134903,72.0345
2021-11-11,ACME,2021-11-11 16:00:00+00:00,2021-11-11 15:58:00+00:00,2021-11-12 12:00:00+00:00,2021-11-11 16:01:00+00:00,2021-11-12 16:00:00+00:00,0.410145,0.451769,expansion,0.00017441,72.047
2021-11-12,ACME,2021-11-12 16:00:00+00:00,2021-11-12 15:58:00+00:00,2021-11-13 12:00:00+00:00,2021-11-12 16:01:00+00:00,2021-11-15 16:00:00+00:00,-0.279276,-0.679708,normal,-0.00041575,72.0171
2021-11-15,ACME,2021-11-15 16:00:00+00:00,2021-11-15 15:58:00+00:00,2021-11-16 12:00:00+00:00,2021-11-15 16:01:00+00:00,2021-11-16 16:00:00+00:00,-1.39657,-1.761235,stress,-0.00637797,71.5578
2021-11-16,ACME,2021-11-16 16:00:00+00:00,2021-11-16 15:58:00+00:00,2021-11-17 12:00:00+00:00,2021-11-16 16:01:00+00:00,2021-11-17 16:00:00+00:00,0.125883,-0.180393,normal,-0.00496886,71.2022
2021-11-17,ACME,2021-11-17 16:00:00+00:00,2021-11-17 15:58:00+00:00,2021-11-18 12:00:00+00:00,2021-11-17 16:01:00+00:00,2021-11-18 16:00:00+00:00,0.155679,0.159083,normal,-0.00244861,71.0278
2021-11-18,ACME,2021-11-18 16:00:00+00:00,2021-11-18 15:58:00+00:00,2021-11-19 12:00:00+00:00,2021-11-18 16:01:00+00:00,2021-11-19 16:00:00+00:00,-1.06215,-1.750766,normal,-0.0159574,69.8944
2021-11-19,ACME,2021-11-19 16:00:00+00:00,2021-11-19 15:58:00+00:00,2021-11-20 12:00:00+00:00,2021-11-19 16:01:00+00:00,2021-11-22 16:00:00+00:00,0.054937,0.181362,normal,0.00617234,70.3258
2021-11-22,ACME,2021-11-22 16:00:00+00:00,2021-11-22 15:58:00+00:00,2021-11-23 12:00:00+00:00,2021-11-22 16:01:00+00:00,2021-11-23 16:00:00+00:00,-1.204058,-0.932023,stress,0.00576174,70.731
2021-11-23,ACME,2021-11-23 16:00:00+00:00,2021-11-23 15:58:00+00:00,2021-11-24 12:00:00+00:00,2021-11-23 16:01:00+00:00,2021-11-24 16:00:00+00:00,0.426716,0.961843,normal,0.01333588,71.6743
2021-11-24,ACME,2021-11-24 16:00:00+00:00,2021-11-24 15:58:00+00:00,2021-11-25 12:00:00+00:00,2021-11-24 16:01:00+00:00,2021-11-25 16:00:00+00:00,-0.064484,-0.313317,normal,-0.01011256,70.9495
2021-11-25,ACME,2021-11-25 16:00:00+00:00,2021-11-25 15:58:00+00:00,2021-11-26 12:00:00+00:00,2021-11-25 16:01:00+00:00,2021-11-26 16:00:00+00:00,0.620175,0.080734,normal,-0.00758296,70.4115
2021-11-26,ACME,2021-11-26 16:00:00+00:00,2021-11-26 15:58:00+00:00,2021-11-27 12:00:00+00:00,2021-11-26 16:01:00+00:00,2021-11-29 16:00:00+00:00,0.007456,1.026902,normal,0.02001897,71.821
2021-11-29,ACME,2021-11-29 16:00:00+00:00,2021-11-29 15:58:00+00:00,2021-11-30 12:00:00+00:00,2021-11-29 16:01:00+00:00,2021-11-30 16:00:00+00:00,0.60715,0.423493,normal,-0.00609765,71.3831
2021-11-30,ACME,2021-11-30 16:00:00+00:00,2021-11-30 15:58:00+00:00,2021-12-01 12:00:00+00:00,2021-11-30 16:01:00+00:00,2021-12-01 16:00:00+00:00,-1.385001,-0.734873,stress,0.01600866,72.5259
2021-12-01,ACME,2021-12-01 16:00:00+00:00,2021-12-01 15:58:00+00:00,2021-12-02 12:00:00+00:00,2021-12-01 16:01:00+00:00,2021-12-02 16:00:00+00:00,-1.079336,-0.707211,stress,0.00696286,73.0308
2021-12-02,ACME,2021-12-02 16:00:00+00:00,2021-12-02 15:58:00+00:00,2021-12-03 12:00:00+00:00,2021-12-02 16:01:00+00:00,2021-12-03 16:00:00+00:00,-1.22265,-1.040973,stress,0.00269551,73.2277
2021-12-03,ACME,2021-12-03 16:00:00+00:00,2021-12-03 15:58:00+00:00,2021-12-04 12:00:00+00:00,2021-12-03 16:01:00+00:00,2021-12-06 16:00:00+00:00,0.120075,-0.437144,normal,-0.00701656,72.7139
2021-12-06,ACME,2021-12-06 16:00:00+00:00,2021-12-06 15:58:00+00:00,2021-12-07 12:00:00+00:00,2021-12-06 16:01:00+00:00,2021-12-07 16:00:00+00:00,1.82983,1.963834,expansion,0.00295662,72.9289
2021-12-07,ACME,2021-12-07 16:00:00+00:00,2021-12-07 15:58:00+00:00,2021-12-08 12:00:00+00:00,2021-12-07 16:01:00+00:00,2021-12-08 16:00:00+00:00,1.027873,0.296261,expansion,-0.01603643,71.7594
2021-12-08,ACME,2021-12-08 16:00:00+00:00,2021-12-08 15:58:00+00:00,2021-12-09 12:00:00+00:00,2021-12-08 16:01:00+00:00,2021-12-09 16:00:00+00:00,2.16465,1.302799,expansion,-0.01676995,70.556
2021-12-09,ACME,2021-12-09 16:00:00+00:00,2021-12-09 15:58:00+00:00,2021-12-10 12:00:00+00:00,2021-12-09 16:01:00+00:00,2021-12-10 16:00:00+00:00,1.534751,0.726486,expansion,-0.01939128,69.1878
2021-12-10,ACME,2021-12-10 16:00:00+00:00,2021-12-10 15:58:00+00:00,2021-12-11 12:00:00+00:00,2021-12-10 16:01:00+00:00,2021-12-13 16:00:00+00:00,0.601087,0.327326,expansion,-0.00464248,68.8666
2021-12-13,ACME,2021-12-13 16:00:00+00:00,2021-12-13 15:58:00+00:00,2021-12-14 12:00:00+00:00,2021-12-13 16:01:00+00:00,2021-12-14 16:00:00+00:00,2.284111,2.010391,expansion,-0.0043132,68.5696
2021-12-14,ACME,2021-12-14 16:00:00+00:00,2021-12-14 15:58:00+00:00,2021-12-15 12:00:00+00:00,2021-12-14 16:01:00+00:00,2021-12-15 16:00:00+00:00,1.528457,2.094909,expansion,0.01416804,69.541
2021-12-15,ACME,2021-12-15 16:00:00+00:00,2021-12-15 15:58:00+00:00,2021-12-16 12:00:00+00:00,2021-12-15 16:01:00+00:00,2021-12-16 16:00:00+00:00,2.222433,2.619875,expansion,0.00306088,69.7539
2021-12-16,ACME,2021-12-16 16:00:00+00:00,2021-12-16 15:58:00+00:00,2021-12-17 12:00:00+00:00,2021-12-16 16:01:00+00:00,2021-12-17 16:00:00+00:00,0.542396,0.416501,normal,-0.00192354,69.6197
2021-12-17,ACME,2021-12-17 16:00:00+00:00,2021-12-17 15:58:00+00:00,2021-12-18 12:00:00+00:00,2021-12-17 16:01:00+00:00,2021-12-20 16:00:00+00:00,0.34423,0.017953,normal,-0.00526069,69.2535
2021-12-20,ACME,2021-12-20 16:00:00+00:00,2021-12-20 15:58:00+00:00,2021-12-21 12:00:00+00:00,2021-12-20 16:01:00+00:00,2021-12-21 16:00:00+00:00,-2.252305,-2.682531,normal,-0.00711717,68.7606
2021-12-21,ACME,2021-12-21 16:00:00+00:00,2021-12-21 15:58:00+00:00,2021-12-22 12:00:00+00:00,2021-12-21 16:01:00+00:00,2021-12-22 16:00:00+00:00,0.135347,0.084781,normal,-0.00119681,68.6783
2021-12-22,ACME,2021-12-22 16:00:00+00:00,2021-12-22 15:58:00+00:00,2021-12-23 12:00:00+00:00,2021-12-22 16:01:00+00:00,2021-12-23 16:00:00+00:00,0.473625,0.616562,normal,0.0001563,68.689
2021-12-23,ACME,2021-12-23 16:00:00+00:00,2021-12-23 15:58:00+00:00,2021-12-24 12:00:00+00:00,2021-12-23 16:01:00+00:00,2021-12-24 16:00:00+00:00,-0.173534,-0.322148,normal,-0.00140975,68.5922
2021-12-24,ACME,2021-12-24 16:00:00+00:00,2021-12-24 15:58:00+00:00,2021-12-25 12:00:00+00:00,2021-12-24 16:01:00+00:00,2021-12-27 16:00:00+00:00,-1.86254,-1.046919,stress,0.01276291,69.4676
2021-12-27,ACME,2021-12-27 16:00:00+00:00,2021-12-27 15:58:00+00:00,2021-12-28 12:00:00+00:00,2021-12-27 16:01:00+00:00,2021-12-28 16:00:00+00:00,-0.097198,-0.20909,stress,-0.00355125,69.2209
2021-12-28,ACME,2021-12-28 16:00:00+00:00,2021-12-28 15:58:00+00:00,2021-12-29 12:00:00+00:00,2021-12-28 16:01:00+00:00,2021-12-29 16:00:00+00:00,-0.638952,-1.504452,normal,-0.0177502,67.9923
2021-12-29,ACME,2021-12-29 16:00:00+00:00,2021-12-29 15:58:00+00:00,2021-12-30 12:00:00+00:00,2021-12-29 16:01:00+00:00,2021-12-30 16:00:00+00:00,0.415224,0.5082,expansion,0.00058563,68.0321
2021-12-30,ACME,2021-12-30 16:00:00+00:00,2021-12-30 15:58:00+00:00,2021-12-31 12:00:00+00:00,2021-12-30 16:01:00+00:00,2021-12-31 16:00:00+00:00,0.915397,0.142738,normal,-0.01695977,66.8783
2021-12-31,ACME,2021-12-31 16:00:00+00:00,2021-12-31 15:58:00+00:00,2022-01-01 12:00:00+00:00,2021-12-31 16:01:00+00:00,2022-01-03 16:00:00+00:00,1.339372,1.500953,expansion,0.00720662,67.3602
2022-01-03,ACME,2022-01-03 16:00:00+00:00,2022-01-03 15:58:00+00:00,2022-01-04 12:00:00+00:00,2022-01-03 16:01:00+00:00,2022-01-04 16:00:00+00:00,0.959121,0.788698,normal,-0.00728272,66.8697
2022-01-04,ACME,2022-01-04 16:00:00+00:00,2022-01-04 15:58:00+00:00,2022-01-05 12:00:00+00:00,2022-01-04 16:01:00+00:00,2022-01-05 16:00:00+00:00,1.090458,1.794446,expansion,0.01174818,67.6553
2022-01-05,ACME,2022-01-05 16:00:00+00:00,2022-01-05 15:58:00+00:00,2022-01-06 12:00:00+00:00,2022-01-05 16:01:00+00:00,2022-01-06 16:00:00+00:00,1.028719,1.404152,expansion,0.01166717,68.4446
2022-01-06,ACME,2022-01-06 16:00:00+00:00,2022-01-06 15:58:00+00:00,2022-01-07 12:00:00+00:00,2022-01-06 16:01:00+00:00,2022-01-07 16:00:00+00:00,0.600253,0.485497,expansion,-0.00484537,68.113
2022-01-07,ACME,2022-01-07 16:00:00+00:00,2022-01-07 15:58:00+00:00,2022-01-08 12:00:00+00:00,2022-01-07 16:01:00+00:00,2022-01-10 16:00:00+00:00,0.188443,-0.165128,normal,-0.00490012,67.7792
2022-01-10,ACME,2022-01-10 16:00:00+00:00,2022-01-10 15:58:00+00:00,2022-01-11 12:00:00+00:00,2022-01-10 16:01:00+00:00,2022-01-11 16:00:00+00:00,2.025655,3.420977,expansion,0.03483884,70.1406
2022-01-11,ACME,2022-01-11 16:00:00+00:00,2022-01-11 15:58:00+00:00,2022-01-12 12:00:00+00:00,2022-01-11 16:01:00+00:00,2022-01-12 16:00:00+00:00,0.498428,0.549488,normal,0.00075642,70.1936
2022-01-12,ACME,2022-01-12 16:00:00+00:00,2022-01-12 15:58:00+00:00,2022-01-13 12:00:00+00:00,2022-01-12 16:01:00+00:00,2022-01-13 16:00:00+00:00,0.805839,1.124192,normal,0.00611201,70.6226
2022-01-13,ACME,2022-01-13 16:00:00+00:00,2022-01-13 15:58:00+00:00,2022-01-14 12:00:00+00:00,2022-01-13 16:01:00+00:00,2022-01-14 16:00:00+00:00,1.435871,1.243846,expansion,-0.00179075,70.4962
2022-01-14,ACME,2022-01-14 16:00:00+00:00,2022-01-14 15:58:00+00:00,2022-01-15 12:00:00+00:00,2022-01-14 16:01:00+00:00,2022-01-17 16:00:00+00:00,0.732404,0.876187,expansion,0.00122029,70.5822
2022-01-17,ACME,2022-01-17 16:00:00+00:00,2022-01-17 15:58:00+00:00,2022-01-18 12:00:00+00:00,2022-01-17 16:01:00+00:00,2022-01-18 16:00:00+00:00,-0.044669,0.793325,normal,0.02258829,72.1765
2022-01-18,ACME,2022-01-18 16:00:00+00:00,2022-01-18 15:58:00+00:00,2022-01-19 12:00:00+00:00,2022-01-18 16:01:00+00:00,2022-01-19 16:00:00+00:00,-0.04052,-0.254635,normal,-0.00530245,71.7938
2022-01-19,ACME,2022-01-19 16:00:00+00:00,2022-01-19 15:58:00+00:00,2022-01-20 12:00:00+00:00,2022-01-19 16:01:00+00:00,2022-01-20 16:00:00+00:00,-0.21005,0.231806,normal,0.00793563,72.3635
2022-01-20,ACME,2022-01-20 16:00:00+00:00,2022-01-20 15:58:00+00:00,2022-01-21 12:00:00+00:00,2022-01-20 16:01:00+00:00,2022-01-21 16:00:00+00:00,-1.353546,-1.950817,stress,-0.01721044,71.1181
2022-01-21,ACME,2022-01-21 16:00:00+00:00,2022-01-21 15:58:00+00:00,2022-01-22 12:00:00+00:00,2022-01-21 16:01:00+00:00,2022-01-24 16:00:00+00:00,-0.348096,-0.317815,stress,0.00059201,71.1602
2022-01-24,ACME,2022-01-24 16:00:00+00:00,2022-01-24 15:58:00+00:00,2022-01-25 12:00:00+00:00,2022-01-24 16:01:00+00:00,2022-01-25 16:00:00+00:00,-1.36619,-1.835688,stress,-0.01490072,70.0999
2022-01-25,ACME,2022-01-25 16:00:00+00:00,2022-01-25 15:58:00+00:00,2022-01-26 12:00:00+00:00,2022-01-25 16:01:00+00:00,2022-01-26 16:00:00+00:00,-1.706885,-1.033542,stress,0.01286397,71.0017
2022-01-26,ACME,2022-01-26 16:00:00+00:00,2022-01-26 15:58:00+00:00,2022-01-27 12:00:00+00:00,2022-01-26 16:01:00+00:00,2022-01-27 16:00:00+00:00,-0.862351,-2.473187,stress,-0.03350168,68.623
2022-01-27,ACME,2022-01-27 16:00:00+00:00,2022-01-27 15:58:00+00:00,2022-01-28 12:00:00+00:00,2022-01-27 16:01:00+00:00,2022-01-28 16:00:00+00:00,-1.512009,-1.974185,stress,-0.00588206,68.2193
2022-01-28,ACME,2022-01-28 16:00:00+00:00,2022-01-28 15:58:00+00:00,2022-01-29 12:00:00+00:00,2022-01-28 16:01:00+00:00,2022-01-31 16:00:00+00:00,-0.695632,-1.23045,normal,-0.01403691,67.2617
2022-01-31,ACME,2022-01-31 16:00:00+00:00,2022-01-31 15:58:00+00:00,2022-02-01 12:00:00+00:00,2022-01-31 16:01:00+00:00,2022-02-01 16:00:00+00:00,0.327389,0.879437,normal,0.01221208,68.0832
2022-02-01,ACME,2022-02-01 16:00:00+00:00,2022-02-01 15:58:00+00:00,2022-02-02 12:00:00+00:00,2022-02-01 16:01:00+00:00,2022-02-02 16:00:00+00:00,-0.317613,-1.052991,normal,-0.0128271,67.2098
2022-02-02,ACME,2022-02-02 16:00:00+00:00,2022-02-02 15:58:00+00:00,2022-02-03 12:00:00+00:00,2022-02-02 16:01:00+00:00,2022-02-03 16:00:00+00:00,0.281116,-0.03111,normal,-0.00581915,66.8187
2022-02-03,ACME,2022-02-03 16:00:00+00:00,2022-02-03 15:58:00+00:00,2022-02-04 12:00:00+00:00,2022-02-03 16:01:00+00:00,2022-02-04 16:00:00+00:00,-0.09785,0.245937,normal,0.00209207,66.9585
2022-02-04,ACME,2022-02-04 16:00:00+00:00,2022-02-04 15:58:00+00:00,2022-02-05 12:00:00+00:00,2022-02-04 16:01:00+00:00,2022-02-07 16:00:00+00:00,-1.464382,-1.131308,normal,0.00508636,67.2991
2022-02-07,ACME,2022-02-07 16:00:00+00:00,2022-02-07 15:58:00+00:00,2022-02-08 12:00:00+00:00,2022-02-07 16:01:00+00:00,2022-02-08 16:00:00+00:00,-0.231064,-0.775176,normal,-0.01019597,66.6129
2022-02-08,ACME,2022-02-08 16:00:00+00:00,2022-02-08 15:58:00+00:00,2022-02-09 12:00:00+00:00,2022-02-08 16:01:00+00:00,2022-02-09 16:00:00+00:00,-1.555361,-1.184478,stress,0.00590087,67.006
2022-02-09,ACME,2022-02-09 16:00:00+00:00,2022-02-09 15:58:00+00:00,2022-02-10 12:00:00+00:00,2022-02-09 16:01:00+00:00,2022-02-10 16:00:00+00:00,-2.601256,-2.59257,stress,0.00237053,67.1648
2022-02-10,ACME,2022-02-10 16:00:00+00:00,2022-02-10 15:58:00+00:00,2022-02-11 12:00:00+00:00,2022-02-10 16:01:00+00:00,2022-02-11 16:00:00+00:00,-2.146542,-1.581673,stress,0.00686197,67.6257
2022-02-11,ACME,2022-02-11 16:00:00+00:00,2022-02-11 15:58:00+00:00,2022-02-12 12:00:00+00:00,2022-02-11 16:01:00+00:00,2022-02-14 16:00:00+00:00,0.06232,-0.377134,normal,-0.01194632,66.8178
2022-02-14,ACME,2022-02-14 16:00:00+00:00,2022-02-14 15:58:00+00:00,2022-02-15 12:00:00+00:00,2022-02-14 16:01:00+00:00,2022-02-15 16:00:00+00:00,-0.065333,-0.147815,normal,-7.16e-06,66.8174
2022-02-15,ACME,2022-02-15 16:00:00+00:00,2022-02-15 15:58:00+00:00,2022-02-16 12:00:00+00:00,2022-02-15 16:01:00+00:00,2022-02-16 16:00:00+00:00,0.09276,0.069546,normal,0.00445795,67.1152
2022-02-16,ACME,2022-02-16 16:00:00+00:00,2022-02-16 15:58:00+00:00,2022-02-17 12:00:00+00:00,2022-02-16 16:01:00+00:00,2022-02-17 16:00:00+00:00,-0.728207,-0.977635,stress,-0.00374583,66.8638
2022-02-17,ACME,2022-02-17 16:00:00+00:00,2022-02-17 15:58:00+00:00,2022-02-18 12:00:00+00:00,2022-02-17 16:01:00+00:00,2022-02-18 16:00:00+00:00,-1.750678,-1.469567,stress,0.00871213,67.4464
2022-02-18,ACME,2022-02-18 16:00:00+00:00,2022-02-18 15:58:00+00:00,2022-02-19 12:00:00+00:00,2022-02-18 16:01:00+00:00,2022-02-21 16:00:00+00:00,-1.219157,-0.703924,stress,0.01174483,68.2385
2022-02-21,ACME,2022-02-21 16:00:00+00:00,2022-02-21 15:58:00+00:00,2022-02-22 12:00:00+00:00,2022-02-21 16:01:00+00:00,2022-02-22 16:00:00+00:00,-2.541393,-1.469379,stress,0.02345435,69.839
2022-02-22,ACME,2022-02-22 16:00:00+00:00,2022-02-22 15:58:00+00:00,2022-02-23 12:00:00+00:00,2022-02-22 16:01:00+00:00,2022-02-23 16:00:00+00:00,-2.272618,-3.402305,stress,-0.02336024,68.2075
2022-02-23,ACME,2022-02-23 16:00:00+00:00,2022-02-23 15:58:00+00:00,2022-02-24 12:00:00+00:00,2022-02-23 16:01:00+00:00,2022-02-24 16:00:00+00:00,-1.986911,-2.048484,stress,0.00186421,68.3347
2022-02-24,ACME,2022-02-24 16:00:00+00:00,2022-02-24 15:58:00+00:00,2022-02-25 12:00:00+00:00,2022-02-24 16:01:00+00:00,2022-02-25 16:00:00+00:00,-1.683491,-1.600867,stress,-0.00030978,68.3135
2022-02-25,ACME,2022-02-25 16:00:00+00:00,2022-02-25 15:58:00+00:00,2022-02-26 12:00:00+00:00,2022-02-25 16:01:00+00:00,2022-02-28 16:00:00+00:00,-2.070697,-2.339554,stress,-0.00941846,67.6701
2022-02-28,ACME,2022-02-28 16:00:00+00:00,2022-02-28 15:58:00+00:00,2022-03-01 12:00:00+00:00,2022-02-28 16:01:00+00:00,2022-03-01 16:00:00+00:00,-2.810891,-3.175049,stress,-0.00616384,67.253
2022-03-01,ACME,2022-03-01 16:00:00+00:00,2022-03-01 15:58:00+00:00,2022-03-02 12:00:00+00:00,2022-03-01 16:01:00+00:00,2022-03-02 16:00:00+00:00,-1.031586,-1.267692,stress,-0.00218307,67.1062
2022-03-02,ACME,2022-03-02 16:00:00+00:00,2022-03-02 15:58:00+00:00,2022-03-03 12:00:00+00:00,2022-03-02 16:01:00+00:00,2022-03-03 16:00:00+00:00,-0.77203,-1.281791,stress,-0.00720847,66.6225
2022-03-03,ACME,2022-03-03 16:00:00+00:00,2022-03-03 15:58:00+00:00,2022-03-04 12:00:00+00:00,2022-03-03 16:01:00+00:00,2022-03-04 16:00:00+00:00,-1.63034,-1.386958,stress,-0.00019321,66.6096
2022-03-04,ACME,2022-03-04 16:00:00+00:00,2022-03-04 15:58:00+00:00,2022-03-05 12:00:00+00:00,2022-03-04 16:01:00+00:00,2022-03-07 16:00:00+00:00,-0.073338,0.298298,stress,0.00652254,67.044
2022-03-07,ACME,2022-03-07 16:00:00+00:00,2022-03-07 15:58:00+00:00,2022-03-08 12:00:00+00:00,2022-03-07 16:01:00+00:00,2022-03-08 16:00:00+00:00,-2.09394,-2.300099,stress,-0.00372975,66.794
2022-03-08,ACME,2022-03-08 16:00:00+00:00,2022-03-08 15:58:00+00:00,2022-03-09 12:00:00+00:00,2022-03-08 16:01:00+00:00,2022-03-09 16:00:00+00:00,-2.973119,-3.426901,stress,-0.01260517,65.952
2022-03-09,ACME,2022-03-09 16:00:00+00:00,2022-03-09 15:58:00+00:00,2022-03-10 12:00:00+00:00,2022-03-09 16:01:00+00:00,2022-03-10 16:00:00+00:00,-2.203516,-1.317671,stress,0.01804383,67.1421
2022-03-10,ACME,2022-03-10 16:00:00+00:00,2022-03-10 15:58:00+00:00,2022-03-11 12:00:00+00:00,2022-03-10 16:01:00+00:00,2022-03-11 16:00:00+00:00,-1.387397,-0.704452,stress,0.01197435,67.9461
2022-03-11,ACME,2022-03-11 16:00:00+00:00,2022-03-11 15:58:00+00:00,2022-03-12 12:00:00+00:00,2022-03-11 16:01:00+00:00,2022-03-14 16:00:00+00:00,-0.882715,-1.67808,stress,-0.01885744,66.6648
2022-03-14,ACME,2022-03-14 16:00:00+00:00,2022-03-14 15:58:00+00:00,2022-03-15 12:00:00+00:00,2022-03-14 16:01:00+00:00,2022-03-15 16:00:00+00:00,0.462356,0.745482,normal,0.00587129,67.0562
2022-03-15,ACME,2022-03-15 16:00:00+00:00,2022-03-15 15:58:00+00:00,2022-03-16 12:00:00+00:00,2022-03-15 16:01:00+00:00,2022-03-16 16:00:00+00:00,0.240001,0.047283,normal,-0.0069874,66.5876
2022-03-16,ACME,2022-03-16 16:00:00+00:00,2022-03-16 15:58:00+00:00,2022-03-17 12:00:00+00:00,2022-03-16 16:01:00+00:00,2022-03-17 16:00:00+00:00,-0.283194,-0.453862,normal,-0.00744273,66.092
2022-03-17,ACME,2022-03-17 16:00:00+00:00,2022-03-17 15:58:00+00:00,2022-03-18 12:00:00+00:00,2022-03-17 16:01:00+00:00,2022-03-18 16:00:00+00:00,0.311955,-0.077052,normal,-0.00880597,65.51
2022-03-18,ACME,2022-03-18 16:00:00+00:00,2022-03-18 15:58:00+00:00,2022-03-19 12:00:00+00:00,2022-03-18 16:01:00+00:00,2022-03-21 16:00:00+00:00,0.433948,-0.350638,normal,-0.0133584,64.6349
2022-03-21,ACME,2022-03-21 16:00:00+00:00,2022-03-21 15:58:00+00:00,2022-03-22 12:00:00+00:00,2022-03-21 16:01:00+00:00,2022-03-22 16:00:00+00:00,0.798463,1.166492,expansion,0.00759667,65.1259
2022-03-22,ACME,2022-03-22 16:00:00+00:00,2022-03-22 15:58:00+00:00,2022-03-23 12:00:00+00:00,2022-03-22 16:01:00+00:00,2022-03-23 16:00:00+00:00,-0.028552,-0.152442,expansion,-0.00413265,64.8568
2022-03-23,ACME,2022-03-23 16:00:00+00:00,2022-03-23 15:58:00+00:00,2022-03-24 12:00:00+00:00,2022-03-23 16:01:00+00:00,2022-03-24 16:00:00+00:00,-0.071532,0.120654,normal,0.00242095,65.0138
2022-03-24,ACME,2022-03-24 16:00:00+00:00,2022-03-24 15:58:00+00:00,2022-03-25 12:00:00+00:00,2022-03-24 16:01:00+00:00,2022-03-25 16:00:00+00:00,-1.352814,-1.635779,stress,-0.00405536,64.7501
2022-03-25,ACME,2022-03-25 16:00:00+00:00,2022-03-25 15:58:00+00:00,2022-03-26 12:00:00+00:00,2022-03-25 16:01:00+00:00,2022-03-28 16:00:00+00:00,-2.23421,-2.681903,stress,-0.00259252,64.5823
2022-03-28,ACME,2022-03-28 16:00:00+00:00,2022-03-28 15:58:00+00:00,2022-03-29 12:00:00+00:00,2022-03-28 16:01:00+00:00,2022-03-29 16:00:00+00:00,-1.153644,-1.566551,stress,-0.00761897,64.0902
2022-03-29,ACME,2022-03-29 16:00:00+00:00,2022-03-29 15:58:00+00:00,2022-03-30 12:00:00+00:00,2022-03-29 16:01:00+00:00,2022-03-30 16:00:00+00:00,-1.882689,-1.750275,stress,0.00751849,64.5721
2022-03-30,ACME,2022-03-30 16:00:00+00:00,2022-03-30 15:58:00+00:00,2022-03-31 12:00:00+00:00,2022-03-30 16:01:00+00:00,2022-03-31 16:00:00+00:00,-2.067587,-3.435902,stress,-0.02460998,62.983
2022-03-31,ACME,2022-03-31 16:00:00+00:00,2022-03-31 15:58:00+00:00,2022-04-01 12:00:00+00:00,2022-03-31 16:01:00+00:00,2022-04-01 16:00:00+00:00,-2.125783,-1.940594,stress,-0.004154,62.7213
2022-04-01,ACME,2022-04-01 16:00:00+00:00,2022-04-01 15:58:00+00:00,2022-04-02 12:00:00+00:00,2022-04-01 16:01:00+00:00,2022-04-04 16:00:00+00:00,-1.690764,-1.406211,stress,0.00679108,63.1473
2022-04-04,ACME,2022-04-04 16:00:00+00:00,2022-04-04 15:58:00+00:00,2022-04-05 12:00:00+00:00,2022-04-04 16:01:00+00:00,2022-04-05 16:00:00+00:00,-2.112932,-1.622133,stress,0.00781908,63.641
2022-04-05,ACME,2022-04-05 16:00:00+00:00,2022-04-05 15:58:00+00:00,2022-04-06 12:00:00+00:00,2022-04-05 16:01:00+00:00,2022-04-06 16:00:00+00:00,-2.52462,-2.399158,stress,-0.00178432,63.5275
2022-04-06,ACME,2022-04-06 16:00:00+00:00,2022-04-06 15:58:00+00:00,2022-04-07 12:00:00+00:00,2022-04-06 16:01:00+00:00,2022-04-07 16:00:00+00:00,-2.255271,-1.921177,stress,0.01045906,64.1919
2022-04-07,ACME,2022-04-07 16:00:00+00:00,2022-04-07 15:58:00+00:00,2022-04-08 12:00:00+00:00,2022-04-07 16:01:00+00:00,2022-04-08 16:00:00+00:00,-1.482307,-2.566193,stress,-0.0230088,62.7149
2022-04-08,ACME,2022-04-08 16:00:00+00:00,2022-04-08 15:58:00+00:00,2022-04-09 12:00:00+00:00,2022-04-08 16:01:00+00:00,2022-04-11 16:00:00+00:00,-1.982933,-2.492305,stress,-0.01262028,61.9235
2022-04-11,ACME,2022-04-11 16:00:00+00:00,2022-04-11 15:58:00+00:00,2022-04-12 12:00:00+00:00,2022-04-11 16:01:00+00:00,2022-04-12 16:00:00+00:00,-1.678553,-2.024497,stress,-0.00993657,61.3082
2022-04-12,ACME,2022-04-12 16:00:00+00:00,2022-04-12 15:58:00+00:00,2022-04-13 12:00:00+00:00,2022-04-12 16:01:00+00:00,2022-04-13 16:00:00+00:00,-1.482197,-1.314505,stress,0.00573845,61.66
2022-04-13,ACME,2022-04-13 16:00:00+00:00,2022-04-13 15:58:00+00:00,2022-04-14 12:00:00+00:00,2022-04-13 16:01:00+00:00,2022-04-14 16:00:00+00:00,-1.847269,-1.943494,stress,-0.00180083,61.5489
2022-04-14,ACME,2022-04-14 16:00:00+00:00,2022-04-14 15:58:00+00:00,2022-04-15 12:00:00+00:00,2022-04-14 16:01:00+00:00,2022-04-15 16:00:00+00:00,-1.275636,-0.676352,stress,0.01062079,62.2026
2022-04-15,ACME,2022-04-15 16:00:00+00:00,2022-04-15 15:58:00+00:00,2022-04-16 12:00:00+00:00,2022-04-15 16:01:00+00:00,2022-04-18 16:00:00+00:00,-0.501825,0.085436,normal,0.00851929,62.7326
2022-04-18,ACME,2022-04-18 16:00:00+00:00,2022-04-18 15:58:00+00:00,2022-04-19 12:00:00+00:00,2022-04-18 16:01:00+00:00,2022-04-19 16:00:00+00:00,-0.716067,-0.650363,normal,0.00091416,62.7899
2022-04-19,ACME,2022-04-19 16:00:00+00:00,2022-04-19 15:58:00+00:00,2022-04-20 12:00:00+00:00,2022-04-19 16:01:00+00:00,2022-04-20 16:00:00+00:00,-0.438988,-0.035437,stress,0.00316022,62.9883
2022-04-20,ACME,2022-04-20 16:00:00+00:00,2022-04-20 15:58:00+00:00,2022-04-21 12:00:00+00:00,2022-04-20 16:01:00+00:00,2022-04-21 16:00:00+00:00,-1.011634,-1.059168,stress,-0.00410165,62.73
2022-04-21,ACME,2022-04-21 16:00:00+00:00,2022-04-21 15:58:00+00:00,2022-04-22 12:00:00+00:00,2022-04-21 16:01:00+00:00,2022-04-22 16:00:00+00:00,-0.654071,-1.390847,normal,-0.01556126,61.7538
2022-04-22,ACME,2022-04-22 16:00:00+00:00,2022-04-22 15:58:00+00:00,2022-04-23 12:00:00+00:00,2022-04-22 16:01:00+00:00,2022-04-25 16:00:00+00:00,-0.194016,0.268563,normal,0.01025069,62.3868
2022-04-25,ACME,2022-04-25 16:00:00+00:00,2022-04-25 15:58:00+00:00,2022-04-26 12:00:00+00:00,2022-04-25 16:01:00+00:00,2022-04-26 16:00:00+00:00,-0.886813,-1.640326,normal,-0.01755286,61.2918
2022-04-26,ACME,2022-04-26 16:00:00+00:00,2022-04-26 15:58:00+00:00,2022-04-27 12:00:00+00:00,2022-04-26 16:01:00+00:00,2022-04-27 16:00:00+00:00,-0.117115,-0.285023,normal,-0.00159124,61.1942
2022-04-27,ACME,2022-04-27 16:00:00+00:00,2022-04-27 15:58:00+00:00,2022-04-28 12:00:00+00:00,2022-04-27 16:01:00+00:00,2022-04-28 16:00:00+00:00,0.049618,0.681755,stress,0.01366712,62.0306
2022-04-28,ACME,2022-04-28 16:00:00+00:00,2022-04-28 15:58:00+00:00,2022-04-29 12:00:00+00:00,2022-04-28 16:01:00+00:00,2022-04-29 16:00:00+00:00,-1.052184,-0.719865,stress,0.00450752,62.3102
2022-04-29,ACME,2022-04-29 16:00:00+00:00,2022-04-29 15:58:00+00:00,2022-04-30 12:00:00+00:00,2022-04-29 16:01:00+00:00,2022-05-02 16:00:00+00:00,-1.177131,-1.068875,stress,0.0069773,62.7449
2022-05-02,ACME,2022-05-02 16:00:00+00:00,2022-05-02 15:58:00+00:00,2022-05-03 12:00:00+00:00,2022-05-02 16:01:00+00:00,2022-05-03 16:00:00+00:00,-0.769225,-1.042555,stress,-0.01196373,61.9943
2022-05-03,ACME,2022-05-03 16:00:00+00:00,2022-05-03 15:58:00+00:00,2022-05-04 12:00:00+00:00,2022-05-03 16:01:00+00:00,2022-05-04 16:00:00+00:00,-0.896879,-0.443867,normal,0.00629424,62.3845
2022-05-04,ACME,2022-05-04 16:00:00+00:00,2022-05-04 15:58:00+00:00,2022-05-05 12:00:00+00:00,2022-05-04 16:01:00+00:00,2022-05-05 16:00:00+00:00,-0.677783,-0.953185,normal,-0.00784547,61.8951
2022-05-05,ACME,2022-05-05 16:00:00+00:00,2022-05-05 15:58:00+00:00,2022-05-06 12:00:00+00:00,2022-05-05 16:01:00+00:00,2022-05-06 16:00:00+00:00,0.873039,1.063592,expansion,0.0056284,62.2434
2022-05-06,ACME,2022-05-06 16:00:00+00:00,2022-05-06 15:58:00+00:00,2022-05-07 12:00:00+00:00,2022-05-06 16:01:00+00:00,2022-05-09 16:00:00+00:00,1.127554,1.137025,expansion,-0.00196062,62.1214
2022-05-09,ACME,2022-05-09 16:00:00+00:00,2022-05-09 15:58:00+00:00,2022-05-10 12:00:00+00:00,2022-05-09 16:01:00+00:00,2022-05-10 16:00:00+00:00,0.764921,1.551844,normal,0.01298323,62.9279
2022-05-10,ACME,2022-05-10 16:00:00+00:00,2022-05-10 15:58:00+00:00,2022-05-11 12:00:00+00:00,2022-05-10 16:01:00+00:00,2022-05-11 16:00:00+00:00,0.177834,0.562885,normal,0.00537487,63.2662
2022-05-11,ACME,2022-05-11 16:00:00+00:00,2022-05-11 15:58:00+00:00,2022-05-12 12:00:00+00:00,2022-05-11 16:01:00+00:00,2022-05-12 16:00:00+00:00,-0.385592,-0.606414,normal,-0.00270649,63.0949
2022-05-12,ACME,2022-05-12 16:00:00+00:00,2022-05-12 15:58:00+00:00,2022-05-13 12:00:00+00:00,2022-05-12 16:01:00+00:00,2022-05-13 16:00:00+00:00,-0.04386,-0.869157,normal,-0.01775273,61.9748
2022-05-13,ACME,2022-05-13 16:00:00+00:00,2022-05-13 15:58:00+00:00,2022-05-14 12:00:00+00:00,2022-05-13 16:01:00+00:00,2022-05-16 16:00:00+00:00,-1.28978,-1.49754,normal,-0.00773864,61.4952
2022-05-16,ACME,2022-05-16 16:00:00+00:00,2022-05-16 15:58:00+00:00,2022-05-17 12:00:00+00:00,2022-05-16 16:01:00+00:00,2022-05-17 16:00:00+00:00,0.047053,0.499748,normal,0.00785607,61.9783
2022-05-17,ACME,2022-05-17 16:00:00+00:00,2022-05-17 15:58:00+00:00,2022-05-18 12:00:00+00:00,2022-05-17 16:01:00+00:00,2022-05-18 16:00:00+00:00,-1.231405,-0.611375,stress,0.01085649,62.6512
2022-05-18,ACME,2022-05-18 16:00:00+00:00,2022-05-18 15:58:00+00:00,2022-05-19 12:00:00+00:00,2022-05-18 16:01:00+00:00,2022-05-19 16:00:00+00:00,-1.523495,-1.554941,stress,-0.00111419,62.5814
2022-05-19,ACME,2022-05-19 16:00:00+00:00,2022-05-19 15:58:00+00:00,2022-05-20 12:00:00+00:00,2022-05-19 16:01:00+00:00,2022-05-20 16:00:00+00:00,-2.809745,-2.549281,stress,0.00556415,62.9296
2022-05-20,ACME,2022-05-20 16:00:00+00:00,2022-05-20 15:58:00+00:00,2022-05-21 12:00:00+00:00,2022-05-20 16:01:00+00:00,2022-05-23 16:00:00+00:00,-3.276224,-3.413343,stress,-0.00645716,62.5233
2022-05-23,ACME,2022-05-23 16:00:00+00:00,2022-05-23 15:58:00+00:00,2022-05-24 12:00:00+00:00,2022-05-23 16:01:00+00:00,2022-05-24 16:00:00+00:00,-2.927067,-3.270501,stress,-0.00761424,62.0472
2022-05-24,ACME,2022-05-24 16:00:00+00:00,2022-05-24 15:58:00+00:00,2022-05-25 12:00:00+00:00,2022-05-24 16:01:00+00:00,2022-05-25 16:00:00+00:00,-1.945175,-2.14295,stress,-0.0054748,61.7075
2022-05-25,ACME,2022-05-25 16:00:00+00:00,2022-05-25 15:58:00+00:00,2022-05-26 12:00:00+00:00,2022-05-25 16:01:00+00:00,2022-05-26 16:00:00+00:00,-1.882482,-1.765397,stress,0.00224403,61.846
2022-05-26,ACME,2022-05-26 16:00:00+00:00,2022-05-26 15:58:00+00:00,2022-05-27 12:00:00+00:00,2022-05-26 16:01:00+00:00,2022-05-27 16:00:00+00:00,-0.669377,-0.607805,stress,-0.0054881,61.5065
2022-05-27,ACME,2022-05-27 16:00:00+00:00,2022-05-27 15:58:00+00:00,2022-05-28 12:00:00+00:00,2022-05-27 16:01:00+00:00,2022-05-30 16:00:00+00:00,-1.380229,-1.34636,stress,-0.00146246,61.4166
2022-05-30,ACME,2022-05-30 16:00:00+00:00,2022-05-30 15:58:00+00:00,2022-05-31 12:00:00+00:00,2022-05-30 16:01:00+00:00,2022-05-31 16:00:00+00:00,-0.713304,-0.114832,stress,0.01467375,62.3178
2022-05-31,ACME,2022-05-31 16:00:00+00:00,2022-05-31 15:58:00+00:00,2022-06-01 12:00:00+00:00,2022-05-31 16:01:00+00:00,2022-06-01 16:00:00+00:00,-1.669988,-2.224059,stress,-0.01088643,61.6394
2022-06-01,ACME,2022-06-01 16:00:00+00:00,2022-06-01 15:58:00+00:00,2022-06-02 12:00:00+00:00,2022-06-01 16:01:00+00:00,2022-06-02 16:00:00+00:00,-1.906466,-1.623675,stress,0.01172173,62.3619
2022-06-02,ACME,2022-06-02 16:00:00+00:00,2022-06-02 15:58:00+00:00,2022-06-03 12:00:00+00:00,2022-06-02 16:01:00+00:00,2022-06-03 16:00:00+00:00,-0.028639,-0.405082,normal,-0.00771742,61.8806
2022-06-03,ACME,2022-06-03 16:00:00+00:00,2022-06-03 15:58:00+00:00,2022-06-04 12:00:00+00:00,2022-06-03 16:01:00+00:00,2022-06-06 16:00:00+00:00,0.770554,0.729934,normal,-0.00085968,61.8274
2022-06-06,ACME,2022-06-06 16:00:00+00:00,2022-06-06 15:58:00+00:00,2022-06-07 12:00:00+00:00,2022-06-06 16:01:00+00:00,2022-06-07 16:00:00+00:00,-0.316997,-0.943203,normal,-0.01512989,60.892
2022-06-07,ACME,2022-06-07 16:00:00+00:00,2022-06-07 15:58:00+00:00,2022-06-08 12:00:00+00:00,2022-06-07 16:01:00+00:00,2022-06-08 16:00:00+00:00,0.501376,0.474222,normal,-0.00188876,60.777
2022-06-08,ACME,2022-06-08 16:00:00+00:00,2022-06-08 15:58:00+00:00,2022-06-09 12:00:00+00:00,2022-06-08 16:01:00+00:00,2022-06-09 16:00:00+00:00,0.663027,0.683099,normal,9.955e-05,60.783
2022-06-09,ACME,2022-06-09 16:00:00+00:00,2022-06-09 15:58:00+00:00,2022-06-10 12:00:00+00:00,2022-06-09 16:01:00+00:00,2022-06-10 16:00:00+00:00,-0.130534,-0.274487,normal,-0.00010254,60.7768
2022-06-10,ACME,2022-06-10 16:00:00+00:00,2022-06-10 15:58:00+00:00,2022-06-11 12:00:00+00:00,2022-06-10 16:01:00+00:00,2022-06-13 16:00:00+00:00,0.002422,0.314824,normal,0.00967732,61.365
2022-06-13,ACME,2022-06-13 16:00:00+00:00,2022-06-13 15:58:00+00:00,2022-06-14 12:00:00+00:00,2022-06-13 16:01:00+00:00,2022-06-14 16:00:00+00:00,-0.998085,-0.653478,normal,0.0110157,62.0409
2022-06-14,ACME,2022-06-14 16:00:00+00:00,2022-06-14 15:58:00+00:00,2022-06-15 12:00:00+00:00,2022-06-14 16:01:00+00:00,2022-06-15 16:00:00+00:00,0.051448,0.673169,normal,0.01470565,62.9533
2022-06-15,ACME,2022-06-15 16:00:00+00:00,2022-06-15 15:58:00+00:00,2022-06-16 12:00:00+00:00,2022-06-15 16:01:00+00:00,2022-06-16 16:00:00+00:00,0.892084,1.153036,normal,0.00853068,63.4903
2022-06-16,ACME,2022-06-16 16:00:00+00:00,2022-06-16 15:58:00+00:00,2022-06-17 12:00:00+00:00,2022-06-16 16:01:00+00:00,2022-06-17 16:00:00+00:00,0.595301,0.786136,normal,0.00352937,63.7144
2022-06-17,ACME,2022-06-17 16:00:00+00:00,2022-06-17 15:58:00+00:00,2022-06-18 12:00:00+00:00,2022-06-17 16:01:00+00:00,2022-06-20 16:00:00+00:00,0.880571,1.084705,expansion,0.00824165,64.2395
2022-06-20,ACME,2022-06-20 16:00:00+00:00,2022-06-20 15:58:00+00:00,2022-06-21 12:00:00+00:00,2022-06-20 16:01:00+00:00,2022-06-21 16:00:00+00:00,-0.224865,-0.433489,normal,-0.00643672,63.826
2022-06-21,ACME,2022-06-21 16:00:00+00:00,2022-06-21 15:58:00+00:00,2022-06-22 12:00:00+00:00,2022-06-21 16:01:00+00:00,2022-06-22 16:00:00+00:00,-1.054187,-0.779836,normal,0.01425291,64.7357
2022-06-22,ACME,2022-06-22 16:00:00+00:00,2022-06-22 15:58:00+00:00,2022-06-23 12:00:00+00:00,2022-06-22 16:01:00+00:00,2022-06-23 16:00:00+00:00,0.496433,0.515596,normal,0.00171767,64.8469
2022-06-23,ACME,2022-06-23 16:00:00+00:00,2022-06-23 15:58:00+00:00,2022-06-24 12:00:00+00:00,2022-06-23 16:01:00+00:00,2022-06-24 16:00:00+00:00,-1.07463,-1.60285,stress,-0.00983796,64.209
2022-06-24,ACME,2022-06-24 16:00:00+00:00,2022-06-24 15:58:00+00:00,2022-06-25 12:00:00+00:00,2022-06-24 16:01:00+00:00,2022-06-27 16:00:00+00:00,-2.09258,-2.0846,stress,0.00123401,64.2882
2022-06-27,ACME,2022-06-27 16:00:00+00:00,2022-06-27 15:58:00+00:00,2022-06-28 12:00:00+00:00,2022-06-27 16:01:00+00:00,2022-06-28 16:00:00+00:00,-1.532,-1.530402,stress,-0.00363921,64.0542
2022-06-28,ACME,2022-06-28 16:00:00+00:00,2022-06-28 15:58:00+00:00,2022-06-29 12:00:00+00:00,2022-06-28 16:01:00+00:00,2022-06-29 16:00:00+00:00,-1.017336,-1.27649,stress,-0.0025163,63.8931
2022-06-29,ACME,2022-06-29 16:00:00+00:00,2022-06-29 15:58:00+00:00,2022-06-30 12:00:00+00:00,2022-06-29 16:01:00+00:00,2022-06-30 16:00:00+00:00,-2.631216,-2.68716,stress,-0.00479051,63.587
2022-06-30,ACME,2022-06-30 16:00:00+00:00,2022-06-30 15:58:00+00:00,2022-07-01 12:00:00+00:00,2022-06-30 16:01:00+00:00,2022-07-01 16:00:00+00:00,-1.104639,-0.258562,stress,0.02208814,64.9915
2022-07-01,ACME,2022-07-01 16:00:00+00:00,2022-07-01 15:58:00+00:00,2022-07-02 12:00:00+00:00,2022-07-01 16:01:00+00:00,2022-07-04 16:00:00+00:00,-0.778205,-1.309189,stress,-0.00988876,64.3488
2022-07-04,ACME,2022-07-04 16:00:00+00:00,2022-07-04 15:58:00+00:00,2022-07-05 12:00:00+00:00,2022-07-04 16:01:00+00:00,2022-07-05 16:00:00+00:00,-0.643,-0.121315,stress,0.00906347,64.932
2022-07-05,ACME,2022-07-05 16:00:00+00:00,2022-07-05 15:58:00+00:00,2022-07-06 12:00:00+00:00,2022-07-05 16:01:00+00:00,2022-07-06 16:00:00+00:00,-0.506115,-1.049474,normal,-0.00415495,64.6623
2022-07-06,ACME,2022-07-06 16:00:00+00:00,2022-07-06 15:58:00+00:00,2022-07-07 12:00:00+00:00,2022-07-06 16:01:00+00:00,2022-07-07 16:00:00+00:00,-0.36873,-0.823001,normal,-0.00802291,64.1435
2022-07-07,ACME,2022-07-07 16:00:00+00:00,2022-07-07 15:58:00+00:00,2022-07-08 12:00:00+00:00,2022-07-07 16:01:00+00:00,2022-07-08 16:00:00+00:00,-0.702295,-0.715153,stress,0.00042063,64.1705
2022-07-08,ACME,2022-07-08 16:00:00+00:00,2022-07-08 15:58:00+00:00,2022-07-09 12:00:00+00:00,2022-07-08 16:01:00+00:00,2022-07-11 16:00:00+00:00,-1.077356,-1.74625,stress,-0.01468802,63.2279
2022-07-11,ACME,2022-07-11 16:00:00+00:00,2022-07-11 15:58:00+00:00,2022-07-12 12:00:00+00:00,2022-07-11 16:01:00+00:00,2022-07-12 16:00:00+00:00,-0.194383,-0.079514,normal,0.00174086,63.338
2022-07-12,ACME,2022-07-12 16:00:00+00:00,2022-07-12 15:58:00+00:00,2022-07-13 12:00:00+00:00,2022-07-12 16:01:00+00:00,2022-07-13 16:00:00+00:00,0.196236,0.188083,normal,-0.00388657,63.0918
2022-07-13,ACME,2022-07-13 16:00:00+00:00,2022-07-13 15:58:00+00:00,2022-07-14 12:00:00+00:00,2022-07-13 16:01:00+00:00,2022-07-14 16:00:00+00:00,0.414181,0.129807,normal,-0.00290178,62.9087
2022-07-14,ACME,2022-07-14 16:00:00+00:00,2022-07-14 15:58:00+00:00,2022-07-15 12:00:00+00:00,2022-07-14 16:01:00+00:00,2022-07-15 16:00:00+00:00,0.057607,-0.20018,normal,-0.00451798,62.6245
2022-07-15,ACME,2022-07-15 16:00:00+00:00,2022-07-15 15:58:00+00:00,2022-07-16 12:00:00+00:00,2022-07-15 16:01:00+00:00,2022-07-18 16:00:00+00:00,0.675687,0.695448,expansion,-0.00123839,62.547
2022-07-18,ACME,2022-07-18 16:00:00+00:00,2022-07-18 15:58:00+00:00,2022-07-19 12:00:00+00:00,2022-07-18 16:01:00+00:00,2022-07-19 16:00:00+00:00,0.751471,1.004324,expansion,0.00398013,62.7959
2022-07-19,ACME,2022-07-19 16:00:00+00:00,2022-07-19 15:58:00+00:00,2022-07-20 12:00:00+00:00,2022-07-19 16:01:00+00:00,2022-07-20 16:00:00+00:00,0.189705,0.600891,normal,0.0130576,63.6159
2022-07-20,ACME,2022-07-20 16:00:00+00:00,2022-07-20 15:58:00+00:00,2022-07-21 12:00:00+00:00,2022-07-20 16:01:00+00:00,2022-07-21 16:00:00+00:00,-1.448623,-1.79377,stress,-0.0060895,63.2285
2022-07-21,ACME,2022-07-21 16:00:00+00:00,2022-07-21 15:58:00+00:00,2022-07-22 12:00:00+00:00,2022-07-21 16:01:00+00:00,2022-07-22 16:00:00+00:00,-1.056881,-0.253417,normal,0.01658215,64.277
2022-07-22,ACME,2022-07-22 16:00:00+00:00,2022-07-22 15:58:00+00:00,2022-07-23 12:00:00+00:00,2022-07-22 16:01:00+00:00,2022-07-25 16:00:00+00:00,-0.37679,-0.235516,normal,0.00172465,64.3878
2022-07-25,ACME,2022-07-25 16:00:00+00:00,2022-07-25 15:58:00+00:00,2022-07-26 12:00:00+00:00,2022-07-25 16:01:00+00:00,2022-07-26 16:00:00+00:00,-0.177059,-0.160059,normal,0.00141981,64.4792
2022-07-26,ACME,2022-07-26 16:00:00+00:00,2022-07-26 15:58:00+00:00,2022-07-27 12:00:00+00:00,2022-07-26 16:01:00+00:00,2022-07-27 16:00:00+00:00,-0.753016,-0.834675,stress,0.0007287,64.5262
2022-07-27,ACME,2022-07-27 16:00:00+00:00,2022-07-27 15:58:00+00:00,2022-07-28 12:00:00+00:00,2022-07-27 16:01:00+00:00,2022-07-28 16:00:00+00:00,-0.763679,-0.818125,stress,-0.00150365,64.4292
2022-07-28,ACME,2022-07-28 16:00:00+00:00,2022-07-28 15:58:00+00:00,2022-07-29 12:00:00+00:00,2022-07-28 16:01:00+00:00,2022-07-29 16:00:00+00:00,-1.211106,-1.668409,stress,-0.01323794,63.5763
2022-07-29,ACME,2022-07-29 16:00:00+00:00,2022-07-29 15:58:00+00:00,2022-07-30 12:00:00+00:00,2022-07-29 16:01:00+00:00,2022-08-01 16:00:00+00:00,-1.302033,-1.864405,stress,-0.01356521,62.7138
2022-08-01,ACME,2022-08-01 16:00:00+00:00,2022-08-01 15:58:00+00:00,2022-08-02 12:00:00+00:00,2022-08-01 16:01:00+00:00,2022-08-02 16:00:00+00:00,0.205831,0.106311,normal,0.00182742,62.8285
2022-08-02,ACME,2022-08-02 16:00:00+00:00,2022-08-02 15:58:00+00:00,2022-08-03 12:00:00+00:00,2022-08-02 16:01:00+00:00,2022-08-03 16:00:00+00:00,-0.663925,-0.389851,normal,0.0091616,63.4041
2022-08-03,ACME,2022-08-03 16:00:00+00:00,2022-08-03 15:58:00+00:00,2022-08-04 12:00:00+00:00,2022-08-03 16:01:00+00:00,2022-08-04 16:00:00+00:00,-0.527001,-0.366208,normal,0.00081149,63.4555
2022-08-04,ACME,2022-08-04 16:00:00+00:00,2022-08-04 15:58:00+00:00,2022-08-05 12:00:00+00:00,2022-08-04 16:01:00+00:00,2022-08-05 16:00:00+00:00,-0.142727,0.591732,normal,0.01069677,64.1343
2022-08-05,ACME,2022-08-05 16:00:00+00:00,2022-08-05 15:58:00+00:00,2022-08-06 12:00:00+00:00,2022-08-05 16:01:00+00:00,2022-08-08 16:00:00+00:00,-0.42096,-0.528184,normal,-0.00695333,63.6883
2022-08-08,ACME,2022-08-08 16:00:00+00:00,2022-08-08 15:58:00+00:00,2022-08-09 12:00:00+00:00,2022-08-08 16:01:00+00:00,2022-08-09 16:00:00+00:00,-0.11577,-0.71298,normal,-0.01207157,62.9195
2022-08-09,ACME,2022-08-09 16:00:00+00:00,2022-08-09 15:58:00+00:00,2022-08-10 12:00:00+00:00,2022-08-09 16:01:00+00:00,2022-08-10 16:00:00+00:00,-0.323518,-0.645068,normal,-0.00621707,62.5283
2022-08-10,ACME,2022-08-10 16:00:00+00:00,2022-08-10 15:58:00+00:00,2022-08-11 12:00:00+00:00,2022-08-10 16:01:00+00:00,2022-08-11 16:00:00+00:00,-1.015672,-0.724156,stress,0.00736967,62.9892
2022-08-11,ACME,2022-08-11 16:00:00+00:00,2022-08-11 15:58:00+00:00,2022-08-12 12:00:00+00:00,2022-08-11 16:01:00+00:00,2022-08-12 16:00:00+00:00,0.483632,-0.093991,normal,-0.01232455,62.2128
2022-08-12,ACME,2022-08-12 16:00:00+00:00,2022-08-12 15:58:00+00:00,2022-08-13 12:00:00+00:00,2022-08-12 16:01:00+00:00,2022-08-15 16:00:00+00:00,-0.262876,-0.499216,normal,-0.00459576,61.9269
2022-08-15,ACME,2022-08-15 16:00:00+00:00,2022-08-15 15:58:00+00:00,2022-08-16 12:00:00+00:00,2022-08-15 16:01:00+00:00,2022-08-16 16:00:00+00:00,1.081401,1.615046,normal,0.01712982,62.9877
2022-08-16,ACME,2022-08-16 16:00:00+00:00,2022-08-16 15:58:00+00:00,2022-08-17 12:00:00+00:00,2022-08-16 16:01:00+00:00,2022-08-17 16:00:00+00:00,0.106955,0.620149,expansion,0.01081864,63.6692
2022-08-17,ACME,2022-08-17 16:00:00+00:00,2022-08-17 15:58:00+00:00,2022-08-18 12:00:00+00:00,2022-08-17 16:01:00+00:00,2022-08-18 16:00:00+00:00,-0.476205,-0.742715,normal,-0.00675215,63.2393
2022-08-18,ACME,2022-08-18 16:00:00+00:00,2022-08-18 15:58:00+00:00,2022-08-19 12:00:00+00:00,2022-08-18 16:01:00+00:00,2022-08-19 16:00:00+00:00,0.179041,0.281821,normal,0.00649592,63.6501
2022-08-19,ACME,2022-08-19 16:00:00+00:00,2022-08-19 15:58:00+00:00,2022-08-20 12:00:00+00:00,2022-08-19 16:01:00+00:00,2022-08-22 16:00:00+00:00,0.725264,0.932659,normal,0.00663034,64.0721
2022-08-22,ACME,2022-08-22 16:00:00+00:00,2022-08-22 15:58:00+00:00,2022-08-23 12:00:00+00:00,2022-08-22 16:01:00+00:00,2022-08-23 16:00:00+00:00,1.152173,0.846503,expansion,-0.00543798,63.7237
2022-08-23,ACME,2022-08-23 16:00:00+00:00,2022-08-23 15:58:00+00:00,2022-08-24 12:00:00+00:00,2022-08-23 16:01:00+00:00,2022-08-24 16:00:00+00:00,1.785409,3.364929,expansion,0.03560117,65.9923
2022-08-24,ACME,2022-08-24 16:00:00+00:00,2022-08-24 15:58:00+00:00,2022-08-25 12:00:00+00:00,2022-08-24 16:01:00+00:00,2022-08-25 16:00:00+00:00,1.485109,1.523481,expansion,-0.00049153,65.9599
2022-08-25,ACME,2022-08-25 16:00:00+00:00,2022-08-25 15:58:00+00:00,2022-08-26 12:00:00+00:00,2022-08-25 16:01:00+00:00,2022-08-26 16:00:00+00:00,0.609171,0.679162,expansion,-0.00154509,65.8579
2022-08-26,ACME,2022-08-26 16:00:00+00:00,2022-08-26 15:58:00+00:00,2022-08-27 12:00:00+00:00,2022-08-26 16:01:00+00:00,2022-08-29 16:00:00+00:00,0.673835,1.247682,expansion,0.00936883,66.475
2022-08-29,ACME,2022-08-29 16:00:00+00:00,2022-08-29 15:58:00+00:00,2022-08-30 12:00:00+00:00,2022-08-29 16:01:00+00:00,2022-08-30 16:00:00+00:00,0.8683,0.827789,expansion,-0.0005411,66.439
2022-08-30,ACME,2022-08-30 16:00:00+00:00,2022-08-30 15:58:00+00:00,2022-08-31 12:00:00+00:00,2022-08-30 16:01:00+00:00,2022-08-31 16:00:00+00:00,1.087606,0.638923,normal,-0.00539961,66.0802
2022-08-31,ACME,2022-08-31 16:00:00+00:00,2022-08-31 15:58:00+00:00,2022-09-01 12:00:00+00:00,2022-08-31 16:01:00+00:00,2022-09-01 16:00:00+00:00,0.406778,0.665546,normal,0.00530284,66.4307
2022-09-01,ACME,2022-09-01 16:00:00+00:00,2022-09-01 15:58:00+00:00,2022-09-02 12:00:00+00:00,2022-09-01 16:01:00+00:00,2022-09-02 16:00:00+00:00,-0.820436,-1.349393,stress,-0.01057533,65.7281
2022-09-02,ACME,2022-09-02 16:00:00+00:00,2022-09-02 15:58:00+00:00,2022-09-03 12:00:00+00:00,2022-09-02 16:01:00+00:00,2022-09-05 16:00:00+00:00,-1.141672,-1.508794,stress,-0.00790086,65.2088
2022-09-05,ACME,2022-09-05 16:00:00+00:00,2022-09-05 15:58:00+00:00,2022-09-06 12:00:00+00:00,2022-09-05 16:01:00+00:00,2022-09-06 16:00:00+00:00,0.407723,1.129691,normal,0.01463237,66.163
2022-09-06,ACME,2022-09-06 16:00:00+00:00,2022-09-06 15:58:00+00:00,2022-09-07 12:00:00+00:00,2022-09-06 16:01:00+00:00,2022-09-07 16:00:00+00:00,-0.108514,-0.081372,normal,-0.00107129,66.0921
2022-09-07,ACME,2022-09-07 16:00:00+00:00,2022-09-07 15:58:00+00:00,2022-09-08 12:00:00+00:00,2022-09-07 16:01:00+00:00,2022-09-08 16:00:00+00:00,-1.247344,-1.211482,stress,0.00126321,66.1756
2022-09-08,ACME,2022-09-08 16:00:00+00:00,2022-09-08 15:58:00+00:00,2022-09-09 12:00:00+00:00,2022-09-08 16:01:00+00:00,2022-09-09 16:00:00+00:00,-1.494794,-1.971316,stress,-0.00877986,65.5946
2022-09-09,ACME,2022-09-09 16:00:00+00:00,2022-09-09 15:58:00+00:00,2022-09-10 12:00:00+00:00,2022-09-09 16:01:00+00:00,2022-09-12 16:00:00+00:00,-0.863839,-0.453168,stress,0.01025571,66.2673
2022-09-12,ACME,2022-09-12 16:00:00+00:00,2022-09-12 15:58:00+00:00,2022-09-13 12:00:00+00:00,2022-09-12 16:01:00+00:00,2022-09-13 16:00:00+00:00,-0.26313,-0.573646,normal,-0.00444631,65.9727
2022-09-13,ACME,2022-09-13 16:00:00+00:00,2022-09-13 15:58:00+00:00,2022-09-14 12:00:00+00:00,2022-09-13 16:01:00+00:00,2022-09-14 16:00:00+00:00,-0.581308,-0.924093,normal,-0.00864004,65.4026
2022-09-14,ACME,2022-09-14 16:00:00+00:00,2022-09-14 15:58:00+00:00,2022-09-15 12:00:00+00:00,2022-09-14 16:01:00+00:00,2022-09-15 16:00:00+00:00,-0.849562,-0.330459,stress,0.01159259,66.1608
2022-09-15,ACME,2022-09-15 16:00:00+00:00,2022-09-15 15:58:00+00:00,2022-09-16 12:00:00+00:00,2022-09-15 16:01:00+00:00,2022-09-16 16:00:00+00:00,-1.299111,-1.282818,stress,0.00037584,66.1857
2022-09-16,ACME,2022-09-16 16:00:00+00:00,2022-09-16 15:58:00+00:00,2022-09-17 12:00:00+00:00,2022-09-16 16:01:00+00:00,2022-09-19 16:00:00+00:00,0.007589,-0.210873,normal,-0.00318421,65.9749
2022-09-19,ACME,2022-09-19 16:00:00+00:00,2022-09-19 15:58:00+00:00,2022-09-20 12:00:00+00:00,2022-09-19 16:01:00+00:00,2022-09-20 16:00:00+00:00,-1.061562,-1.281579,normal,0.00089286,66.0339
2022-09-20,ACME,2022-09-20 16:00:00+00:00,2022-09-20 15:58:00+00:00,2022-09-21 12:00:00+00:00,2022-09-20 16:01:00+00:00,2022-09-21 16:00:00+00:00,-2.048218,-2.213478,stress,-0.00525023,65.6872
2022-09-21,ACME,2022-09-21 16:00:00+00:00,2022-09-21 15:58:00+00:00,2022-09-22 12:00:00+00:00,2022-09-21 16:01:00+00:00,2022-09-22 16:00:00+00:00,-0.928325,-1.268257,stress,-0.00760819,65.1874
2022-09-22,ACME,2022-09-22 16:00:00+00:00,2022-09-22 15:58:00+00:00,2022-09-23 12:00:00+00:00,2022-09-22 16:01:00+00:00,2022-09-23 16:00:00+00:00,-1.194342,-1.589251,stress,-0.01056794,64.4985
2022-09-23,ACME,2022-09-23 16:00:00+00:00,2022-09-23 15:58:00+00:00,2022-09-24 12:00:00+00:00,2022-09-23 16:01:00+00:00,2022-09-26 16:00:00+00:00,-0.900924,-1.985542,stress,-0.02123363,63.129
2022-09-26,ACME,2022-09-26 16:00:00+00:00,2022-09-26 15:58:00+00:00,2022-09-27 12:00:00+00:00,2022-09-26 16:01:00+00:00,2022-09-27 16:00:00+00:00,-1.018702,-0.992141,stress,0.00296594,63.3162
2022-09-27,ACME,2022-09-27 16:00:00+00:00,2022-09-27 15:58:00+00:00,2022-09-28 12:00:00+00:00,2022-09-27 16:01:00+00:00,2022-09-28 16:00:00+00:00,-1.046239,-1.15043,stress,-0.00259967,63.1516
2022-09-28,ACME,2022-09-28 16:00:00+00:00,2022-09-28 15:58:00+00:00,2022-09-29 12:00:00+00:00,2022-09-28 16:01:00+00:00,2022-09-29 16:00:00+00:00,-0.428262,-0.58911,normal,0.00169899,63.2589
2022-09-29,ACME,2022-09-29 16:00:00+00:00,2022-09-29 15:58:00+00:00,2022-09-30 12:00:00+00:00,2022-09-29 16:01:00+00:00,2022-09-30 16:00:00+00:00,-0.331397,0.878587,normal,0.02216622,64.6611
2022-09-30,ACME,2022-09-30 16:00:00+00:00,2022-09-30 15:58:00+00:00,2022-10-01 12:00:00+00:00,2022-09-30 16:01:00+00:00,2022-10-03 16:00:00+00:00,-0.541639,-0.909563,stress,-0.00628111,64.255
2022-10-03,ACME,2022-10-03 16:00:00+00:00,2022-10-03 15:58:00+00:00,2022-10-04 12:00:00+00:00,2022-10-03 16:01:00+00:00,2022-10-04 16:00:00+00:00,-0.819229,0.291392,stress,0.02190248,65.6623
2022-10-04,ACME,2022-10-04 16:00:00+00:00,2022-10-04 15:58:00+00:00,2022-10-05 12:00:00+00:00,2022-10-04 16:01:00+00:00,2022-10-05 16:00:00+00:00,-1.054551,-2.066603,stress,-0.02095283,64.2865
2022-10-05,ACME,2022-10-05 16:00:00+00:00,2022-10-05 15:58:00+00:00,2022-10-06 12:00:00+00:00,2022-10-05 16:01:00+00:00,2022-10-06 16:00:00+00:00,-1.116284,-1.558277,stress,-0.00511323,63.9578
2022-10-06,ACME,2022-10-06 16:00:00+00:00,2022-10-06 15:58:00+00:00,2022-10-07 12:00:00+00:00,2022-10-06 16:01:00+00:00,2022-10-07 16:00:00+00:00,-1.712046,-1.841222,stress,-0.0035305,63.732
2022-10-07,ACME,2022-10-07 16:00:00+00:00,2022-10-07 15:58:00+00:00,2022-10-08 12:00:00+00:00,2022-10-07 16:01:00+00:00,2022-10-10 16:00:00+00:00,-0.704105,-1.720807,stress,-0.02459127,62.1647
2022-10-10,ACME,2022-10-10 16:00:00+00:00,2022-10-10 15:58:00+00:00,2022-10-11 12:00:00+00:00,2022-10-10 16:01:00+00:00,2022-10-11 16:00:00+00:00,-0.599131,-0.160331,normal,0.002413,62.3147
2022-10-11,ACME,2022-10-11 16:00:00+00:00,2022-10-11 15:58:00+00:00,2022-10-12 12:00:00+00:00,2022-10-11 16:01:00+00:00,2022-10-12 16:00:00+00:00,-0.696918,-0.375794,stress,0.00401011,62.5646
2022-10-12,ACME,2022-10-12 16:00:00+00:00,2022-10-12 15:58:00+00:00,2022-10-13 12:00:00+00:00,2022-10-12 16:01:00+00:00,2022-10-13 16:00:00+00:00,-0.01457,-0.374529,normal,-0.0036922,62.3336
2022-10-13,ACME,2022-10-13 16:00:00+00:00,2022-10-13 15:58:00+00:00,2022-10-14 12:00:00+00:00,2022-10-13 16:01:00+00:00,2022-10-14 16:00:00+00:00,-1.066458,-0.327947,stress,0.01629258,63.3492
2022-10-14,ACME,2022-10-14 16:00:00+00:00,2022-10-14 15:58:00+00:00,2022-10-15 12:00:00+00:00,2022-10-14 16:01:00+00:00,2022-10-17 16:00:00+00:00,-0.734406,-1.058352,normal,-0.00208128,63.2173
2022-10-17,ACME,2022-10-17 16:00:00+00:00,2022-10-17 15:58:00+00:00,2022-10-18 12:00:00+00:00,2022-10-17 16:01:00+00:00,2022-10-18 16:00:00+00:00,-0.771376,-1.591064,normal,-0.01988789,61.9601
2022-10-18,ACME,2022-10-18 16:00:00+00:00,2022-10-18 15:58:00+00:00,2022-10-19 12:00:00+00:00,2022-10-18 16:01:00+00:00,2022-10-19 16:00:00+00:00,0.334274,-0.564625,normal,-0.01619341,60.9567
2022-10-19,ACME,2022-10-19 16:00:00+00:00,2022-10-19 15:58:00+00:00,2022-10-20 12:00:00+00:00,2022-10-19 16:01:00+00:00,2022-10-20 16:00:00+00:00,0.20091,0.137903,normal,-0.00646075,60.5629
2022-10-20,ACME,2022-10-20 16:00:00+00:00,2022-10-20 15:58:00+00:00,2022-10-21 12:00:00+00:00,2022-10-20 16:01:00+00:00,2022-10-21 16:00:00+00:00,1.885323,1.986372,expansion,0.00132206,60.643
2022-10-21,ACME,2022-10-21 16:00:00+00:00,2022-10-21 15:58:00+00:00,2022-10-22 12:00:00+00:00,2022-10-21 16:01:00+00:00,2022-10-24 16:00:00+00:00,1.183375,1.06077,expansion,0.00119337,60.7154
2022-10-24,ACME,2022-10-24 16:00:00+00:00,2022-10-24 15:58:00+00:00,2022-10-25 12:00:00+00:00,2022-10-24 16:01:00+00:00,2022-10-25 16:00:00+00:00,0.739503,1.080807,normal,0.00908391,61.2669
2022-10-25,ACME,2022-10-25 16:00:00+00:00,2022-10-25 15:58:00+00:00,2022-10-26 12:00:00+00:00,2022-10-25 16:01:00+00:00,2022-10-26 16:00:00+00:00,-0.470493,-0.47088,normal,0.00027488,61.2837
2022-10-26,ACME,2022-10-26 16:00:00+00:00,2022-10-26 15:58:00+00:00,2022-10-27 12:00:00+00:00,2022-10-26 16:01:00+00:00,2022-10-27 16:00:00+00:00,0.861096,0.789616,expansion,-0.00333662,61.0792
2022-10-27,ACME,2022-10-27 16:00:00+00:00,2022-10-27 15:58:00+00:00,2022-10-28 12:00:00+00:00,2022-10-27 16:01:00+00:00,2022-10-28 16:00:00+00:00,0.193158,0.387621,normal,0.00679422,61.4942
2022-10-28,ACME,2022-10-28 16:00:00+00:00,2022-10-28 15:58:00+00:00,2022-10-29 12:00:00+00:00,2022-10-28 16:01:00+00:00,2022-10-31 16:00:00+00:00,0.664102,1.067069,normal,0.00897293,62.046
2022-10-31,ACME,2022-10-31 16:00:00+00:00,2022-10-31 15:58:00+00:00,2022-11-01 12:00:00+00:00,2022-10-31 16:01:00+00:00,2022-11-01 16:00:00+00:00,0.15653,0.516112,normal,0.01119817,62.7408
2022-11-01,ACME,2022-11-01 16:00:00+00:00,2022-11-01 15:58:00+00:00,2022-11-02 12:00:00+00:00,2022-11-01 16:01:00+00:00,2022-11-02 16:00:00+00:00,0.908329,1.115614,normal,0.00667163,63.1594
2022-11-02,ACME,2022-11-02 16:00:00+00:00,2022-11-02 15:58:00+00:00,2022-11-03 12:00:00+00:00,2022-11-02 16:01:00+00:00,2022-11-03 16:00:00+00:00,-0.468826,-0.084232,normal,0.00911375,63.735
2022-11-03,ACME,2022-11-03 16:00:00+00:00,2022-11-03 15:58:00+00:00,2022-11-04 12:00:00+00:00,2022-11-03 16:01:00+00:00,2022-11-04 16:00:00+00:00,-1.047363,0.059389,stress,0.01954321,64.9806
2022-11-04,ACME,2022-11-04 16:00:00+00:00,2022-11-04 15:58:00+00:00,2022-11-05 12:00:00+00:00,2022-11-04 16:01:00+00:00,2022-11-07 16:00:00+00:00,0.137236,0.939601,normal,0.01379865,65.8773
2022-11-07,ACME,2022-11-07 16:00:00+00:00,2022-11-07 15:58:00+00:00,2022-11-08 12:00:00+00:00,2022-11-07 16:01:00+00:00,2022-11-08 16:00:00+00:00,0.728443,1.717126,normal,0.02188014,67.3187
2022-11-08,ACME,2022-11-08 16:00:00+00:00,2022-11-08 15:58:00+00:00,2022-11-09 12:00:00+00:00,2022-11-08 16:01:00+00:00,2022-11-09 16:00:00+00:00,0.383356,0.644268,normal,0.00721538,67.8044
2022-11-09,ACME,2022-11-09 16:00:00+00:00,2022-11-09 15:58:00+00:00,2022-11-10 12:00:00+00:00,2022-11-09 16:01:00+00:00,2022-11-10 16:00:00+00:00,1.122966,0.459828,expansion,-0.01172244,67.0096
2022-11-10,ACME,2022-11-10 16:00:00+00:00,2022-11-10 15:58:00+00:00,2022-11-11 12:00:00+00:00,2022-11-10 16:01:00+00:00,2022-11-11 16:00:00+00:00,1.133876,0.58076,expansion,-0.00976146,66.3554
2022-11-11,ACME,2022-11-11 16:00:00+00:00,2022-11-11 15:58:00+00:00,2022-11-12 12:00:00+00:00,2022-11-11 16:01:00+00:00,2022-11-14 16:00:00+00:00,2.408309,2.230946,expansion,-0.00689732,65.8978
2022-11-14,ACME,2022-11-14 16:00:00+00:00,2022-11-14 15:58:00+00:00,2022-11-15 12:00:00+00:00,2022-11-14 16:01:00+00:00,2022-11-15 16:00:00+00:00,0.41037,0.153671,expansion,-0.00633172,65.4805
2022-11-15,ACME,2022-11-15 16:00:00+00:00,2022-11-15 15:58:00+00:00,2022-11-16 12:00:00+00:00,2022-11-15 16:01:00+00:00,2022-11-16 16:00:00+00:00,1.216315,0.721099,expansion,-0.00922415,64.8765
2022-11-16,ACME,2022-11-16 16:00:00+00:00,2022-11-16 15:58:00+00:00,2022-11-17 12:00:00+00:00,2022-11-16 16:01:00+00:00,2022-11-17 16:00:00+00:00,0.004772,-0.185263,expansion,-0.00821043,64.3439
2022-11-17,ACME,2022-11-17 16:00:00+00:00,2022-11-17 15:58:00+00:00,2022-11-18 12:00:00+00:00,2022-11-17 16:01:00+00:00,2022-11-18 16:00:00+00:00,-0.507836,-0.435871,normal,0.00473086,64.6483
2022-11-18,ACME,2022-11-18 16:00:00+00:00,2022-11-18 15:58:00+00:00,2022-11-19 12:00:00+00:00,2022-11-18 16:01:00+00:00,2022-11-21 16:00:00+00:00,-0.889669,-1.08128,stress,-0.00695506,64.1986
2022-11-21,ACME,2022-11-21 16:00:00+00:00,2022-11-21 15:58:00+00:00,2022-11-22 12:00:00+00:00,2022-11-21 16:01:00+00:00,2022-11-22 16:00:00+00:00,-0.232307,0.127737,normal,0.00797544,64.7106
2022-11-22,ACME,2022-11-22 16:00:00+00:00,2022-11-22 15:58:00+00:00,2022-11-23 12:00:00+00:00,2022-11-22 16:01:00+00:00,2022-11-23 16:00:00+00:00,-1.546934,-0.539584,stress,0.0212751,66.0874
2022-11-23,ACME,2022-11-23 16:00:00+00:00,2022-11-23 15:58:00+00:00,2022-11-24 12:00:00+00:00,2022-11-23 16:01:00+00:00,2022-11-24 16:00:00+00:00,-1.024514,-1.155242,normal,-0.00589194,65.698
2022-11-24,ACME,2022-11-24 16:00:00+00:00,2022-11-24 15:58:00+00:00,2022-11-25 12:00:00+00:00,2022-11-24 16:01:00+00:00,2022-11-25 16:00:00+00:00,0.821555,1.357474,normal,0.01402758,66.6196
2022-11-25,ACME,2022-11-25 16:00:00+00:00,2022-11-25 15:58:00+00:00,2022-11-26 12:00:00+00:00,2022-11-25 16:01:00+00:00,2022-11-28 16:00:00+00:00,1.034771,0.950052,normal,-0.00589677,66.2267
2022-11-28,ACME,2022-11-28 16:00:00+00:00,2022-11-28 15:58:00+00:00,2022-11-29 12:00:00+00:00,2022-11-28 16:01:00+00:00,2022-11-29 16:00:00+00:00,-1.157945,-1.441692,stress,-0.00313604,66.019
2022-11-29,ACME,2022-11-29 16:00:00+00:00,2022-11-29 15:58:00+00:00,2022-11-30 12:00:00+00:00,2022-11-29 16:01:00+00:00,2022-11-30 16:00:00+00:00,-0.726426,-0.64839,normal,0.00173862,66.1338
2022-11-30,ACME,2022-11-30 16:00:00+00:00,2022-11-30 15:58:00+00:00,2022-12-01 12:00:00+00:00,2022-11-30 16:01:00+00:00,2022-12-01 16:00:00+00:00,-1.351747,-1.282605,stress,0.00218049,66.278
2022-12-01,ACME,2022-12-01 16:00:00+00:00,2022-12-01 15:58:00+00:00,2022-12-02 12:00:00+00:00,2022-12-01 16:01:00+00:00,2022-12-02 16:00:00+00:00,0.248554,-0.072833,normal,-0.00766168,65.7702
2022-12-02,ACME,2022-12-02 16:00:00+00:00,2022-12-02 15:58:00+00:00,2022-12-03 12:00:00+00:00,2022-12-02 16:01:00+00:00,2022-12-05 16:00:00+00:00,0.069186,0.108749,normal,0.00018938,65.7827
2022-12-05,ACME,2022-12-05 16:00:00+00:00,2022-12-05 15:58:00+00:00,2022-12-06 12:00:00+00:00,2022-12-05 16:01:00+00:00,2022-12-06 16:00:00+00:00,-0.934013,-1.114922,stress,-0.00502996,65.4518
2022-12-06,ACME,2022-12-06 16:00:00+00:00,2022-12-06 15:58:00+00:00,2022-12-07 12:00:00+00:00,2022-12-06 16:01:00+00:00,2022-12-07 16:00:00+00:00,-0.845202,-0.177945,stress,0.01269238,66.2825
2022-12-07,ACME,2022-12-07 16:00:00+00:00,2022-12-07 15:58:00+00:00,2022-12-08 12:00:00+00:00,2022-12-07 16:01:00+00:00,2022-12-08 16:00:00+00:00,-1.080078,-0.802676,stress,0.00939227,66.9051
2022-12-08,ACME,2022-12-08 16:00:00+00:00,2022-12-08 15:58:00+00:00,2022-12-09 12:00:00+00:00,2022-12-08 16:01:00+00:00,2022-12-09 16:00:00+00:00,-0.714304,-1.270094,stress,-0.01232174,66.0807
2022-12-09,ACME,2022-12-09 16:00:00+00:00,2022-12-09 15:58:00+00:00,2022-12-10 12:00:00+00:00,2022-12-09 16:01:00+00:00,2022-12-12 16:00:00+00:00,-0.979648,-1.693462,stress,-0.01815799,64.8808
2022-12-12,ACME,2022-12-12 16:00:00+00:00,2022-12-12 15:58:00+00:00,2022-12-13 12:00:00+00:00,2022-12-12 16:01:00+00:00,2022-12-13 16:00:00+00:00,-2.508574,-2.001838,stress,0.01090242,65.5882
2022-12-13,ACME,2022-12-13 16:00:00+00:00,2022-12-13 15:58:00+00:00,2022-12-14 12:00:00+00:00,2022-12-13 16:01:00+00:00,2022-12-14 16:00:00+00:00,-2.870006,-2.862081,stress,-0.00104635,65.5195
2022-12-14,ACME,2022-12-14 16:00:00+00:00,2022-12-14 15:58:00+00:00,2022-12-15 12:00:00+00:00,2022-12-14 16:01:00+00:00,2022-12-15 16:00:00+00:00,-1.273353,-1.364366,stress,-0.00179195,65.4021
2022-12-15,ACME,2022-12-15 16:00:00+00:00,2022-12-15 15:58:00+00:00,2022-12-16 12:00:00+00:00,2022-12-15 16:01:00+00:00,2022-12-16 16:00:00+00:00,-0.715725,-1.366323,stress,-0.01377076,64.5015
2022-12-16,ACME,2022-12-16 16:00:00+00:00,2022-12-16 15:58:00+00:00,2022-12-17 12:00:00+00:00,2022-12-16 16:01:00+00:00,2022-12-19 16:00:00+00:00,-1.198428,-1.228246,stress,0.00317336,64.7062
2022-12-19,ACME,2022-12-19 16:00:00+00:00,2022-12-19 15:58:00+00:00,2022-12-20 12:00:00+00:00,2022-12-19 16:01:00+00:00,2022-12-20 16:00:00+00:00,-0.247544,-0.533046,normal,-0.00508633,64.377
2022-12-20,ACME,2022-12-20 16:00:00+00:00,2022-12-20 15:58:00+00:00,2022-12-21 12:00:00+00:00,2022-12-20 16:01:00+00:00,2022-12-21 16:00:00+00:00,-1.033694,-1.046514,stress,0.00112415,64.4494
2022-12-21,ACME,2022-12-21 16:00:00+00:00,2022-12-21 15:58:00+00:00,2022-12-22 12:00:00+00:00,2022-12-21 16:01:00+00:00,2022-12-22 16:00:00+00:00,-0.90444,-1.47891,normal,-0.01014897,63.7953
2022-12-22,ACME,2022-12-22 16:00:00+00:00,2022-12-22 15:58:00+00:00,2022-12-23 12:00:00+00:00,2022-12-22 16:01:00+00:00,2022-12-23 16:00:00+00:00,-0.425881,-0.196201,normal,0.0013041,63.8785
2022-12-23,ACME,2022-12-23 16:00:00+00:00,2022-12-23 15:58:00+00:00,2022-12-24 12:00:00+00:00,2022-12-23 16:01:00+00:00,2022-12-26 16:00:00+00:00,-0.787109,-1.863583,normal,-0.02140188,62.5114
2022-12-26,ACME,2022-12-26 16:00:00+00:00,2022-12-26 15:58:00+00:00,2022-12-27 12:00:00+00:00,2022-12-26 16:01:00+00:00,2022-12-27 16:00:00+00:00,0.243209,0.484414,normal,0.00395605,62.7587
2022-12-27,ACME,2022-12-27 16:00:00+00:00,2022-12-27 15:58:00+00:00,2022-12-28 12:00:00+00:00,2022-12-27 16:01:00+00:00,2022-12-28 16:00:00+00:00,0.844539,1.91774,normal,0.02271622,64.1843
2022-12-28,ACME,2022-12-28 16:00:00+00:00,2022-12-28 15:58:00+00:00,2022-12-29 12:00:00+00:00,2022-12-28 16:01:00+00:00,2022-12-29 16:00:00+00:00,-1.194469,-0.567515,normal,0.01206673,64.9588
2022-12-29,ACME,2022-12-29 16:00:00+00:00,2022-12-29 15:58:00+00:00,2022-12-30 12:00:00+00:00,2022-12-29 16:01:00+00:00,2022-12-30 16:00:00+00:00,0.557827,1.036509,expansion,0.01015133,65.6183
2022-12-30,ACME,2022-12-30 16:00:00+00:00,2022-12-30 15:58:00+00:00,2022-12-31 12:00:00+00:00,2022-12-30 16:01:00+00:00,2023-01-02 16:00:00+00:00,0.965846,0.884752,normal,-0.00213376,65.4782
2023-01-02,ACME,2023-01-02 16:00:00+00:00,2023-01-02 15:58:00+00:00,2023-01-03 12:00:00+00:00,2023-01-02 16:01:00+00:00,2023-01-03 16:00:00+00:00,0.317497,0.250809,normal,-0.00430047,65.1966
2023-01-03,ACME,2023-01-03 16:00:00+00:00,2023-01-03 15:58:00+00:00,2023-01-04 12:00:00+00:00,2023-01-03 16:01:00+00:00,2023-01-04 16:00:00+00:00,0.105673,0.962425,expansion,0.01998859,66.4998
2023-01-04,ACME,2023-01-04 16:00:00+00:00,2023-01-04 15:58:00+00:00,2023-01-05 12:00:00+00:00,2023-01-04 16:01:00+00:00,2023-01-05 16:00:00+00:00,0.558292,0.799642,expansion,0.00291186,66.6935
2023-01-05,ACME,2023-01-05 16:00:00+00:00,2023-01-05 15:58:00+00:00,2023-01-06 12:00:00+00:00,2023-01-05 16:01:00+00:00,2023-01-06 16:00:00+00:00,0.532565,0.257114,normal,-0.00549,66.3273
2023-01-06,ACME,2023-01-06 16:00:00+00:00,2023-01-06 15:58:00+00:00,2023-01-07 12:00:00+00:00,2023-01-06 16:01:00+00:00,2023-01-09 16:00:00+00:00,0.19868,-0.012052,expansion,-0.0042818,66.0433
2023-01-09,ACME,2023-01-09 16:00:00+00:00,2023-01-09 15:58:00+00:00,2023-01-10 12:00:00+00:00,2023-01-09 16:01:00+00:00,2023-01-10 16:00:00+00:00,-0.711327,-1.028396,normal,-0.00654282,65.6112
2023-01-10,ACME,2023-01-10 16:00:00+00:00,2023-01-10 15:58:00+00:00,2023-01-11 12:00:00+00:00,2023-01-10 16:01:00+00:00,2023-01-11 16:00:00+00:00,-0.69803,-0.810952,normal,0.00166425,65.7204
2023-01-11,ACME,2023-01-11 16:00:00+00:00,2023-01-11 15:58:00+00:00,2023-01-12 12:00:00+00:00,2023-01-11 16:01:00+00:00,2023-01-12 16:00:00+00:00,-0.477173,0.272787,normal,0.0132935,66.5941
2023-01-12,ACME,2023-01-12 16:00:00+00:00,2023-01-12 15:58:00+00:00,2023-01-13 12:00:00+00:00,2023-01-12 16:01:00+00:00,2023-01-13 16:00:00+00:00,0.109595,0.167447,normal,0.00108695,66.6665
2023-01-13,ACME,2023-01-13 16:00:00+00:00,2023-01-13 15:58:00+00:00,2023-01-14 12:00:00+00:00,2023-01-13 16:01:00+00:00,2023-01-16 16:00:00+00:00,-0.861749,-0.83071,normal,-0.0014988,66.5665
2023-01-16,ACME,2023-01-16 16:00:00+00:00,2023-01-16 15:58:00+00:00,2023-01-17 12:00:00+00:00,2023-01-16 16:01:00+00:00,2023-01-17 16:00:00+00:00,-0.542166,-0.008066,normal,0.00992017,67.2269
2023-01-17,ACME,2023-01-17 16:00:00+00:00,2023-01-17 15:58:00+00:00,2023-01-18 12:00:00+00:00,2023-01-17 16:01:00+00:00,2023-01-18 16:00:00+00:00,-0.821063,0.290246,normal,0.02360032,68.8135
2023-01-18,ACME,2023-01-18 16:00:00+00:00,2023-01-18 15:58:00+00:00,2023-01-19 12:00:00+00:00,2023-01-18 16:01:00+00:00,2023-01-19 16:00:00+00:00,0.735156,1.030184,normal,-0.00074223,68.7624
2023-01-19,ACME,2023-01-19 16:00:00+00:00,2023-01-19 15:58:00+00:00,2023-01-20 12:00:00+00:00,2023-01-19 16:01:00+00:00,2023-01-20 16:00:00+00:00,0.51802,1.572505,normal,0.02420737,70.4269
2023-01-20,ACME,2023-01-20 16:00:00+00:00,2023-01-20 15:58:00+00:00,2023-01-21 12:00:00+00:00,2023-01-20 16:01:00+00:00,2023-01-23 16:00:00+00:00,-0.392746,-0.763187,normal,-0.00531707,70.0525
2023-01-23,ACME,2023-01-23 16:00:00+00:00,2023-01-23 15:58:00+00:00,2023-01-24 12:00:00+00:00,2023-01-23 16:01:00+00:00,2023-01-24 16:00:00+00:00,-1.136155,-1.444729,normal,-0.00694763,69.5658
2023-01-24,ACME,2023-01-24 16:00:00+00:00,2023-01-24 15:58:00+00:00,2023-01-25 12:00:00+00:00,2023-01-24 16:01:00+00:00,2023-01-25 16:00:00+00:00,-2.006755,-2.375195,stress,-0.01098773,68.8014
2023-01-25,ACME,2023-01-25 16:00:00+00:00,2023-01-25 15:58:00+00:00,2023-01-26 12:00:00+00:00,2023-01-25 16:01:00+00:00,2023-01-26 16:00:00+00:00,-1.967746,-2.042478,stress,-0.00307008,68.5902
2023-01-26,ACME,2023-01-26 16:00:00+00:00,2023-01-26 15:58:00+00:00,2023-01-27 12:00:00+00:00,2023-01-26 16:01:00+00:00,2023-01-27 16:00:00+00:00,-0.619948,-0.107728,stress,0.00526581,68.9514
2023-01-27,ACME,2023-01-27 16:00:00+00:00,2023-01-27 15:58:00+00:00,2023-01-28 12:00:00+00:00,2023-01-27 16:01:00+00:00,2023-01-30 16:00:00+00:00,-0.353436,0.015627,normal,0.00555905,69.3347
2023-01-30,ACME,2023-01-30 16:00:00+00:00,2023-01-30 15:58:00+00:00,2023-01-31 12:00:00+00:00,2023-01-30 16:01:00+00:00,2023-01-31 16:00:00+00:00,-1.179155,-1.336201,stress,-0.00706228,68.845
2023-01-31,ACME,2023-01-31 16:00:00+00:00,2023-01-31 15:58:00+00:00,2023-02-01 12:00:00+00:00,2023-01-31 16:01:00+00:00,2023-02-01 16:00:00+00:00,-1.640056,-1.592279,stress,0.00102248,68.9154
2023-02-01,ACME,2023-02-01 16:00:00+00:00,2023-02-01 15:58:00+00:00,2023-02-02 12:00:00+00:00,2023-02-01 16:01:00+00:00,2023-02-02 16:00:00+00:00,-1.371886,-1.937742,stress,-0.00746659,68.4008
2023-02-02,ACME,2023-02-02 16:00:00+00:00,2023-02-02 15:58:00+00:00,2023-02-03 12:00:00+00:00,2023-02-02 16:01:00+00:00,2023-02-03 16:00:00+00:00,-2.053289,-2.280111,stress,3.312e-05,68.4031
2023-02-03,ACME,2023-02-03 16:00:00+00:00,2023-02-03 15:58:00+00:00,2023-02-04 12:00:00+00:00,2023-02-03 16:01:00+00:00,2023-02-06 16:00:00+00:00,-1.018654,-0.384247,stress,0.01729177,69.5859
2023-02-06,ACME,2023-02-06 16:00:00+00:00,2023-02-06 15:58:00+00:00,2023-02-07 12:00:00+00:00,2023-02-06 16:01:00+00:00,2023-02-07 16:00:00+00:00,-1.129716,-0.660931,stress,0.00898929,70.2114
2023-02-07,ACME,2023-02-07 16:00:00+00:00,2023-02-07 15:58:00+00:00,2023-02-08 12:00:00+00:00,2023-02-07 16:01:00+00:00,2023-02-08 16:00:00+00:00,0.103471,0.125048,normal,0.00067106,70.2586
2023-02-08,ACME,2023-02-08 16:00:00+00:00,2023-02-08 15:58:00+00:00,2023-02-09 12:00:00+00:00,2023-02-08 16:01:00+00:00,2023-02-09 16:00:00+00:00,-1.131718,-1.151084,normal,-0.00044354,70.2274
2023-02-09,ACME,2023-02-09 16:00:00+00:00,2023-02-09 15:58:00+00:00,2023-02-10 12:00:00+00:00,2023-02-09 16:01:00+00:00,2023-02-10 16:00:00+00:00,-0.950385,-0.762596,normal,0.00200653,70.3683
2023-02-10,ACME,2023-02-10 16:00:00+00:00,2023-02-10 15:58:00+00:00,2023-02-11 12:00:00+00:00,2023-02-10 16:01:00+00:00,2023-02-13 16:00:00+00:00,-0.173193,0.23318,normal,0.01117355,71.1546
2023-02-13,ACME,2023-02-13 16:00:00+00:00,2023-02-13 15:58:00+00:00,2023-02-14 12:00:00+00:00,2023-02-13 16:01:00+00:00,2023-02-14 16:00:00+00:00,0.556398,0.09723,normal,-0.00850791,70.5492
2023-02-14,ACME,2023-02-14 16:00:00+00:00,2023-02-14 15:58:00+00:00,2023-02-15 12:00:00+00:00,2023-02-14 16:01:00+00:00,2023-02-15 16:00:00+00:00,-0.615988,-0.388823,normal,0.00734161,71.0671
2023-02-15,ACME,2023-02-15 16:00:00+00:00,2023-02-15 15:58:00+00:00,2023-02-16 12:00:00+00:00,2023-02-15 16:01:00+00:00,2023-02-16 16:00:00+00:00,0.635829,0.574762,normal,0.00239292,71.2372
2023-02-16,ACME,2023-02-16 16:00:00+00:00,2023-02-16 15:58:00+00:00,2023-02-17 12:00:00+00:00,2023-02-16 16:01:00+00:00,2023-02-17 16:00:00+00:00,0.653391,0.494998,normal,-0.00281354,71.0368
2023-02-17,ACME,2023-02-17 16:00:00+00:00,2023-02-17 15:58:00+00:00,2023-02-18 12:00:00+00:00,2023-02-17 16:01:00+00:00,2023-02-20 16:00:00+00:00,0.434099,0.800857,normal,0.00317741,71.2625
2023-02-20,ACME,2023-02-20 16:00:00+00:00,2023-02-20 15:58:00+00:00,2023-02-21 12:00:00+00:00,2023-02-20 16:01:00+00:00,2023-02-21 16:00:00+00:00,0.005995,0.656504,normal,0.01443943,72.2915
2023-02-21,ACME,2023-02-21 16:00:00+00:00,2023-02-21 15:58:00+00:00,2023-02-22 12:00:00+00:00,2023-02-21 16:01:00+00:00,2023-02-22 16:00:00+00:00,-0.483665,0.453583,stress,0.0219286,73.8767
2023-02-22,ACME,2023-02-22 16:00:00+00:00,2023-02-22 15:58:00+00:00,2023-02-23 12:00:00+00:00,2023-02-22 16:01:00+00:00,2023-02-23 16:00:00+00:00,-0.571162,-0.190119,stress,0.0051659,74.2584
2023-02-23,ACME,2023-02-23 16:00:00+00:00,2023-02-23 15:58:00+00:00,2023-02-24 12:00:00+00:00,2023-02-23 16:01:00+00:00,2023-02-24 16:00:00+00:00,0.66052,1.753544,normal,0.02080711,75.8035
2023-02-24,ACME,2023-02-24 16:00:00+00:00,2023-02-24 15:58:00+00:00,2023-02-25 12:00:00+00:00,2023-02-24 16:01:00+00:00,2023-02-27 16:00:00+00:00,0.377792,0.328738,normal,0.00369509,76.0836
2023-02-27,ACME,2023-02-27 16:00:00+00:00,2023-02-27 15:58:00+00:00,2023-02-28 12:00:00+00:00,2023-02-27 16:01:00+00:00,2023-02-28 16:00:00+00:00,0.780687,1.007285,normal,0.00280691,76.2971
2023-02-28,ACME,2023-02-28 16:00:00+00:00,2023-02-28 15:58:00+00:00,2023-03-01 12:00:00+00:00,2023-02-28 16:01:00+00:00,2023-03-01 16:00:00+00:00,-0.869484,-0.056101,normal,0.01639608,77.5481
2023-03-01,ACME,2023-03-01 16:00:00+00:00,2023-03-01 15:58:00+00:00,2023-03-02 12:00:00+00:00,2023-03-01 16:01:00+00:00,2023-03-02 16:00:00+00:00,0.218368,0.524017,normal,0.0064301,78.0467
2023-03-02,ACME,2023-03-02 16:00:00+00:00,2023-03-02 15:58:00+00:00,2023-03-03 12:00:00+00:00,2023-03-02 16:01:00+00:00,2023-03-03 16:00:00+00:00,0.702442,0.468739,normal,-0.00521362,77.6398
2023-03-03,ACME,2023-03-03 16:00:00+00:00,2023-03-03 15:58:00+00:00,2023-03-04 12:00:00+00:00,2023-03-03 16:01:00+00:00,2023-03-06 16:00:00+00:00,-0.583499,-0.870391,normal,-0.00875903,76.9598
2023-03-06,ACME,2023-03-06 16:00:00+00:00,2023-03-06 15:58:00+00:00,2023-03-07 12:00:00+00:00,2023-03-06 16:01:00+00:00,2023-03-07 16:00:00+00:00,1.049288,0.986678,expansion,0.00298942,77.1898
2023-03-07,ACME,2023-03-07 16:00:00+00:00,2023-03-07 15:58:00+00:00,2023-03-08 12:00:00+00:00,2023-03-07 16:01:00+00:00,2023-03-08 16:00:00+00:00,0.855191,0.909837,expansion,0.00478191,77.559
2023-03-08,ACME,2023-03-08 16:00:00+00:00,2023-03-08 15:58:00+00:00,2023-03-09 12:00:00+00:00,2023-03-08 16:01:00+00:00,2023-03-09 16:00:00+00:00,1.08078,1.679766,expansion,0.0109227,78.4061
2023-03-09,ACME,2023-03-09 16:00:00+00:00,2023-03-09 15:58:00+00:00,2023-03-10 12:00:00+00:00,2023-03-09 16:01:00+00:00,2023-03-10 16:00:00+00:00,1.58014,1.373591,normal,-0.00667131,77.883
2023-03-10,ACME,2023-03-10 16:00:00+00:00,2023-03-10 15:58:00+00:00,2023-03-11 12:00:00+00:00,2023-03-10 16:01:00+00:00,2023-03-13 16:00:00+00:00,0.740298,0.442377,expansion,-0.00675777,77.3567
2023-03-13,ACME,2023-03-13 16:00:00+00:00,2023-03-13 15:58:00+00:00,2023-03-14 12:00:00+00:00,2023-03-13 16:01:00+00:00,2023-03-14 16:00:00+00:00,-0.786758,-0.806508,normal,-0.00326333,77.1043
2023-03-14,ACME,2023-03-14 16:00:00+00:00,2023-03-14 15:58:00+00:00,2023-03-15 12:00:00+00:00,2023-03-14 16:01:00+00:00,2023-03-15 16:00:00+00:00,-0.557839,-1.043919,normal,-0.0115939,76.2104
2023-03-15,ACME,2023-03-15 16:00:00+00:00,2023-03-15 15:58:00+00:00,2023-03-16 12:00:00+00:00,2023-03-15 16:01:00+00:00,2023-03-16 16:00:00+00:00,-0.579868,-0.724038,normal,0.00097901,76.285
2023-03-16,ACME,2023-03-16 16:00:00+00:00,2023-03-16 15:58:00+00:00,2023-03-17 12:00:00+00:00,2023-03-16 16:01:00+00:00,2023-03-17 16:00:00+00:00,0.774793,0.374047,normal,-0.00946406,75.563
2023-03-17,ACME,2023-03-17 16:00:00+00:00,2023-03-17 15:58:00+00:00,2023-03-18 12:00:00+00:00,2023-03-17 16:01:00+00:00,2023-03-20 16:00:00+00:00,2.439866,2.213134,expansion,-0.00513965,75.1746
2023-03-20,ACME,2023-03-20 16:00:00+00:00,2023-03-20 15:58:00+00:00,2023-03-21 12:00:00+00:00,2023-03-20 16:01:00+00:00,2023-03-21 16:00:00+00:00,1.65089,1.666859,expansion,0.00153152,75.2898
2023-03-21,ACME,2023-03-21 16:00:00+00:00,2023-03-21 15:58:00+00:00,2023-03-22 12:00:00+00:00,2023-03-21 16:01:00+00:00,2023-03-22 16:00:00+00:00,0.782658,1.381758,expansion,0.00774375,75.8728
2023-03-22,ACME,2023-03-22 16:00:00+00:00,2023-03-22 15:58:00+00:00,2023-03-23 12:00:00+00:00,2023-03-22 16:01:00+00:00,2023-03-23 16:00:00+00:00,-0.124885,0.032191,normal,-2.847e-05,75.8706
2023-03-23,ACME,2023-03-23 16:00:00+00:00,2023-03-23 15:58:00+00:00,2023-03-24 12:00:00+00:00,2023-03-23 16:01:00+00:00,2023-03-24 16:00:00+00:00,-0.356465,-0.185396,normal,0.00234377,76.0484
2023-03-24,ACME,2023-03-24 16:00:00+00:00,2023-03-24 15:58:00+00:00,2023-03-25 12:00:00+00:00,2023-03-24 16:01:00+00:00,2023-03-27 16:00:00+00:00,0.506898,0.847383,normal,0.00825326,76.6761
2023-03-27,ACME,2023-03-27 16:00:00+00:00,2023-03-27 15:58:00+00:00,2023-03-28 12:00:00+00:00,2023-03-27 16:01:00+00:00,2023-03-28 16:00:00+00:00,-0.17735,1.418895,normal,0.03790984,79.5829
2023-03-28,ACME,2023-03-28 16:00:00+00:00,2023-03-28 15:58:00+00:00,2023-03-29 12:00:00+00:00,2023-03-28 16:01:00+00:00,2023-03-29 16:00:00+00:00,-1.27881,-1.737949,normal,-0.00725252,79.0057
2023-03-29,ACME,2023-03-29 16:00:00+00:00,2023-03-29 15:58:00+00:00,2023-03-30 12:00:00+00:00,2023-03-29 16:01:00+00:00,2023-03-30 16:00:00+00:00,-0.280329,-0.714447,normal,-0.01161322,78.0882
2023-03-30,ACME,2023-03-30 16:00:00+00:00,2023-03-30 15:58:00+00:00,2023-03-31 12:00:00+00:00,2023-03-30 16:01:00+00:00,2023-03-31 16:00:00+00:00,-0.573645,-0.603169,normal,-0.00219311,77.9169
2023-03-31,ACME,2023-03-31 16:00:00+00:00,2023-03-31 15:58:00+00:00,2023-04-01 12:00:00+00:00,2023-03-31 16:01:00+00:00,2023-04-03 16:00:00+00:00,0.682052,-0.061042,normal,-0.01944957,76.4015
2023-04-03,ACME,2023-04-03 16:00:00+00:00,2023-04-03 15:58:00+00:00,2023-04-04 12:00:00+00:00,2023-04-03 16:01:00+00:00,2023-04-04 16:00:00+00:00,0.17784,0.374879,expansion,0.00497098,76.7813
2023-04-04,ACME,2023-04-04 16:00:00+00:00,2023-04-04 15:58:00+00:00,2023-04-05 12:00:00+00:00,2023-04-04 16:01:00+00:00,2023-04-05 16:00:00+00:00,1.379754,1.027867,expansion,-0.00429585,76.4514
2023-04-05,ACME,2023-04-05 16:00:00+00:00,2023-04-05 15:58:00+00:00,2023-04-06 12:00:00+00:00,2023-04-05 16:01:00+00:00,2023-04-06 16:00:00+00:00,1.762162,1.619831,expansion,-0.00778414,75.8563
2023-04-06,ACME,2023-04-06 16:00:00+00:00,2023-04-06 15:58:00+00:00,2023-04-07 12:00:00+00:00,2023-04-06 16:01:00+00:00,2023-04-07 16:00:00+00:00,2.064354,2.636679,expansion,0.01215766,76.7786
2023-04-07,ACME,2023-04-07 16:00:00+00:00,2023-04-07 15:58:00+00:00,2023-04-08 12:00:00+00:00,2023-04-07 16:01:00+00:00,2023-04-10 16:00:00+00:00,2.07671,1.820426,expansion,-0.00792315,76.1702
2023-04-10,ACME,2023-04-10 16:00:00+00:00,2023-04-10 15:58:00+00:00,2023-04-11 12:00:00+00:00,2023-04-10 16:01:00+00:00,2023-04-11 16:00:00+00:00,1.421546,1.39985,expansion,-0.00562427,75.7418
2023-04-11,ACME,2023-04-11 16:00:00+00:00,2023-04-11 15:58:00+00:00,2023-04-12 12:00:00+00:00,2023-04-11 16:01:00+00:00,2023-04-12 16:00:00+00:00,1.333689,0.877256,expansion,-0.00474039,75.3828
2023-04-12,ACME,2023-04-12 16:00:00+00:00,2023-04-12 15:58:00+00:00,2023-04-13 12:00:00+00:00,2023-04-12 16:01:00+00:00,2023-04-13 16:00:00+00:00,0.837968,0.904053,expansion,0.00213578,75.5438
2023-04-13,ACME,2023-04-13 16:00:00+00:00,2023-04-13 15:58:00+00:00,2023-04-14 12:00:00+00:00,2023-04-13 16:01:00+00:00,2023-04-14 16:00:00+00:00,0.241789,0.023708,normal,-0.00775502,74.9579
2023-04-14,ACME,2023-04-14 16:00:00+00:00,2023-04-14 15:58:00+00:00,2023-04-15 12:00:00+00:00,2023-04-14 16:01:00+00:00,2023-04-17 16:00:00+00:00,0.734613,1.033285,normal,0.00199785,75.1077
2023-04-17,ACME,2023-04-17 16:00:00+00:00,2023-04-17 15:58:00+00:00,2023-04-18 12:00:00+00:00,2023-04-17 16:01:00+00:00,2023-04-18 16:00:00+00:00,1.131401,1.426602,normal,0.00666673,75.6084
2023-04-18,ACME,2023-04-18 16:00:00+00:00,2023-04-18 15:58:00+00:00,2023-04-19 12:00:00+00:00,2023-04-18 16:01:00+00:00,2023-04-19 16:00:00+00:00,-0.183931,-0.244901,normal,0.00042201,75.6403
2023-04-19,ACME,2023-04-19 16:00:00+00:00,2023-04-19 15:58:00+00:00,2023-04-20 12:00:00+00:00,2023-04-19 16:01:00+00:00,2023-04-20 16:00:00+00:00,0.636327,0.899684,expansion,0.00791198,76.2388
2023-04-20,ACME,2023-04-20 16:00:00+00:00,2023-04-20 15:58:00+00:00,2023-04-21 12:00:00+00:00,2023-04-20 16:01:00+00:00,2023-04-21 16:00:00+00:00,2.049276,2.200561,expansion,0.00509373,76.6271
2023-04-21,ACME,2023-04-21 16:00:00+00:00,2023-04-21 15:58:00+00:00,2023-04-22 12:00:00+00:00,2023-04-21 16:01:00+00:00,2023-04-24 16:00:00+00:00,1.420717,1.450917,expansion,0.00647335,77.1232
2023-04-24,ACME,2023-04-24 16:00:00+00:00,2023-04-24 15:58:00+00:00,2023-04-25 12:00:00+00:00,2023-04-24 16:01:00+00:00,2023-04-25 16:00:00+00:00,0.964972,1.654292,normal,0.01955289,78.6311
2023-04-25,ACME,2023-04-25 16:00:00+00:00,2023-04-25 15:58:00+00:00,2023-04-26 12:00:00+00:00,2023-04-25 16:01:00+00:00,2023-04-26 16:00:00+00:00,0.733757,0.542613,normal,-0.00092636,78.5583
2023-04-26,ACME,2023-04-26 16:00:00+00:00,2023-04-26 15:58:00+00:00,2023-04-27 12:00:00+00:00,2023-04-26 16:01:00+00:00,2023-04-27 16:00:00+00:00,-0.340365,0.254687,normal,0.01310964,79.5882
2023-04-27,ACME,2023-04-27 16:00:00+00:00,2023-04-27 15:58:00+00:00,2023-04-28 12:00:00+00:00,2023-04-27 16:01:00+00:00,2023-04-28 16:00:00+00:00,0.125374,0.123547,normal,-0.00051702,79.547
2023-04-28,ACME,2023-04-28 16:00:00+00:00,2023-04-28 15:58:00+00:00,2023-04-29 12:00:00+00:00,2023-04-28 16:01:00+00:00,2023-05-01 16:00:00+00:00,-0.151166,0.123362,normal,0.00462781,79.9152
2023-05-01,ACME,2023-05-01 16:00:00+00:00,2023-05-01 15:58:00+00:00,2023-05-02 12:00:00+00:00,2023-05-01 16:01:00+00:00,2023-05-02 16:00:00+00:00,-0.413365,-0.222901,stress,0.00709344,80.482
2023-05-02,ACME,2023-05-02 16:00:00+00:00,2023-05-02 15:58:00+00:00,2023-05-03 12:00:00+00:00,2023-05-02 16:01:00+00:00,2023-05-03 16:00:00+00:00,-1.356122,-1.815049,stress,-0.0049964,80.0799
2023-05-03,ACME,2023-05-03 16:00:00+00:00,2023-05-03 15:58:00+00:00,2023-05-04 12:00:00+00:00,2023-05-03 16:01:00+00:00,2023-05-04 16:00:00+00:00,-0.777019,-0.703352,stress,0.00310375,80.3285
2023-05-04,ACME,2023-05-04 16:00:00+00:00,2023-05-04 15:58:00+00:00,2023-05-05 12:00:00+00:00,2023-05-04 16:01:00+00:00,2023-05-05 16:00:00+00:00,-0.56909,-0.343544,normal,0.00285649,80.5579
2023-05-05,ACME,2023-05-05 16:00:00+00:00,2023-05-05 15:58:00+00:00,2023-05-06 12:00:00+00:00,2023-05-05 16:01:00+00:00,2023-05-08 16:00:00+00:00,-2.949823,-3.168147,stress,-0.00727725,79.9717
2023-05-08,ACME,2023-05-08 16:00:00+00:00,2023-05-08 15:58:00+00:00,2023-05-09 12:00:00+00:00,2023-05-08 16:01:00+00:00,2023-05-09 16:00:00+00:00,-2.860276,-2.662932,stress,0.00662678,80.5016
2023-05-09,ACME,2023-05-09 16:00:00+00:00,2023-05-09 15:58:00+00:00,2023-05-10 12:00:00+00:00,2023-05-09 16:01:00+00:00,2023-05-10 16:00:00+00:00,-2.462903,-2.194962,stress,0.0100914,81.314
2023-05-10,ACME,2023-05-10 16:00:00+00:00,2023-05-10 15:58:00+00:00,2023-05-11 12:00:00+00:00,2023-05-10 16:01:00+00:00,2023-05-11 16:00:00+00:00,-1.37091,-0.771076,normal,0.00822681,81.983
2023-05-11,ACME,2023-05-11 16:00:00+00:00,2023-05-11 15:58:00+00:00,2023-05-12 12:00:00+00:00,2023-05-11 16:01:00+00:00,2023-05-12 16:00:00+00:00,-0.671223,-0.333267,normal,0.00699893,82.5567
2023-05-12,ACME,2023-05-12 16:00:00+00:00,2023-05-12 15:58:00+00:00,2023-05-13 12:00:00+00:00,2023-05-12 16:01:00+00:00,2023-05-15 16:00:00+00:00,1.916649,2.342468,expansion,0.00864732,83.2706
2023-05-15,ACME,2023-05-15 16:00:00+00:00,2023-05-15 15:58:00+00:00,2023-05-16 12:00:00+00:00,2023-05-15 16:01:00+00:00,2023-05-16 16:00:00+00:00,1.446392,0.851982,expansion,-0.01286396,82.1995
2023-05-16,ACME,2023-05-16 16:00:00+00:00,2023-05-16 15:58:00+00:00,2023-05-17 12:00:00+00:00,2023-05-16 16:01:00+00:00,2023-05-17 16:00:00+00:00,1.438014,1.318065,normal,-0.00084384,82.1301
2023-05-17,ACME,2023-05-17 16:00:00+00:00,2023-05-17 15:58:00+00:00,2023-05-18 12:00:00+00:00,2023-05-17 16:01:00+00:00,2023-05-18 16:00:00+00:00,-0.222556,0.329337,normal,0.01152826,83.0769
2023-05-18,ACME,2023-05-18 16:00:00+00:00,2023-05-18 15:58:00+00:00,2023-05-19 12:00:00+00:00,2023-05-18 16:01:00+00:00,2023-05-19 16:00:00+00:00,0.310496,0.56642,normal,0.00255959,83.2895
2023-05-19,ACME,2023-05-19 16:00:00+00:00,2023-05-19 15:58:00+00:00,2023-05-20 12:00:00+00:00,2023-05-19 16:01:00+00:00,2023-05-22 16:00:00+00:00,0.877927,0.690995,normal,-0.00326925,83.0173
2023-05-22,ACME,2023-05-22 16:00:00+00:00,2023-05-22 15:58:00+00:00,2023-05-23 12:00:00+00:00,2023-05-22 16:01:00+00:00,2023-05-23 16:00:00+00:00,0.900118,0.078489,normal,-0.01675215,81.6265
2023-05-23,ACME,2023-05-23 16:00:00+00:00,2023-05-23 15:58:00+00:00,2023-05-24 12:00:00+00:00,2023-05-23 16:01:00+00:00,2023-05-24 16:00:00+00:00,1.332854,1.368596,expansion,-7.779e-05,81.6202
2023-05-24,ACME,2023-05-24 16:00:00+00:00,2023-05-24 15:58:00+00:00,2023-05-25 12:00:00+00:00,2023-05-24 16:01:00+00:00,2023-05-25 16:00:00+00:00,0.410165,0.554802,expansion,0.00429531,81.9708
2023-05-25,ACME,2023-05-25 16:00:00+00:00,2023-05-25 15:58:00+00:00,2023-05-26 12:00:00+00:00,2023-05-25 16:01:00+00:00,2023-05-26 16:00:00+00:00,1.538236,2.173095,expansion,0.01500045,83.2004
2023-05-26,ACME,2023-05-26 16:00:00+00:00,2023-05-26 15:58:00+00:00,2023-05-27 12:00:00+00:00,2023-05-26 16:01:00+00:00,2023-05-29 16:00:00+00:00,1.41453,2.169958,expansion,0.01396472,84.3622
2023-05-29,ACME,2023-05-29 16:00:00+00:00,2023-05-29 15:58:00+00:00,2023-05-30 12:00:00+00:00,2023-05-29 16:01:00+00:00,2023-05-30 16:00:00+00:00,0.164613,-0.422087,normal,-0.00558573,83.891
2023-05-30,ACME,2023-05-30 16:00:00+00:00,2023-05-30 15:58:00+00:00,2023-05-31 12:00:00+00:00,2023-05-30 16:01:00+00:00,2023-05-31 16:00:00+00:00,0.657857,0.867212,normal,0.004852,84.2981
2023-05-31,ACME,2023-05-31 16:00:00+00:00,2023-05-31 15:58:00+00:00,2023-06-01 12:00:00+00:00,2023-05-31 16:01:00+00:00,2023-06-01 16:00:00+00:00,0.884479,1.699499,expansion,0.01736786,85.7621
2023-06-01,ACME,2023-06-01 16:00:00+00:00,2023-06-01 15:58:00+00:00,2023-06-02 12:00:00+00:00,2023-06-01 16:01:00+00:00,2023-06-02 16:00:00+00:00,0.597255,0.358825,normal,-0.00674569,85.1836
2023-06-02,ACME,2023-06-02 16:00:00+00:00,2023-06-02 15:58:00+00:00,2023-06-03 12:00:00+00:00,2023-06-02 16:01:00+00:00,2023-06-05 16:00:00+00:00,0.430452,0.953368,normal,0.0098723,86.0246
2023-06-05,ACME,2023-06-05 16:00:00+00:00,2023-06-05 15:58:00+00:00,2023-06-06 12:00:00+00:00,2023-06-05 16:01:00+00:00,2023-06-06 16:00:00+00:00,0.635506,1.453605,expansion,0.0166238,87.4546
2023-06-06,ACME,2023-06-06 16:00:00+00:00,2023-06-06 15:58:00+00:00,2023-06-07 12:00:00+00:00,2023-06-06 16:01:00+00:00,2023-06-07 16:00:00+00:00,1.039992,1.133731,expansion,0.00292753,87.7106
2023-06-07,ACME,2023-06-07 16:00:00+00:00,2023-06-07 15:58:00+00:00,2023-06-08 12:00:00+00:00,2023-06-07 16:01:00+00:00,2023-06-08 16:00:00+00:00,1.669126,1.354296,expansion,-0.0095534,86.8727
2023-06-08,ACME,2023-06-08 16:00:00+00:00,2023-06-08 15:58:00+00:00,2023-06-09 12:00:00+00:00,2023-06-08 16:01:00+00:00,2023-06-09 16:00:00+00:00,2.088429,1.52047,expansion,-0.00993954,86.0092
2023-06-09,ACME,2023-06-09 16:00:00+00:00,2023-06-09 15:58:00+00:00,2023-06-10 12:00:00+00:00,2023-06-09 16:01:00+00:00,2023-06-12 16:00:00+00:00,1.450394,1.575292,expansion,0.00031664,86.0365
2023-06-12,ACME,2023-06-12 16:00:00+00:00,2023-06-12 15:58:00+00:00,2023-06-13 12:00:00+00:00,2023-06-12 16:01:00+00:00,2023-06-13 16:00:00+00:00,1.440165,0.817058,expansion,-0.01218902,84.9878
2023-06-13,ACME,2023-06-13 16:00:00+00:00,2023-06-13 15:58:00+00:00,2023-06-14 12:00:00+00:00,2023-06-13 16:01:00+00:00,2023-06-14 16:00:00+00:00,0.018964,-0.506393,expansion,-0.00857289,84.2592
2023-06-14,ACME,2023-06-14 16:00:00+00:00,2023-06-14 15:58:00+00:00,2023-06-15 12:00:00+00:00,2023-06-14 16:01:00+00:00,2023-06-15 16:00:00+00:00,0.97069,0.975031,normal,-0.00025682,84.2375
2023-06-15,ACME,2023-06-15 16:00:00+00:00,2023-06-15 15:58:00+00:00,2023-06-16 12:00:00+00:00,2023-06-15 16:01:00+00:00,2023-06-16 16:00:00+00:00,0.895081,0.781285,expansion,-0.00246283,84.0301
2023-06-16,ACME,2023-06-16 16:00:00+00:00,2023-06-16 15:58:00+00:00,2023-06-17 12:00:00+00:00,2023-06-16 16:01:00+00:00,2023-06-19 16:00:00+00:00,1.728727,2.103888,expansion,0.00831128,84.7285
2023-06-19,ACME,2023-06-19 16:00:00+00:00,2023-06-19 15:58:00+00:00,2023-06-20 12:00:00+00:00,2023-06-19 16:01:00+00:00,2023-06-20 16:00:00+00:00,-0.115721,-0.388032,normal,-0.00668822,84.1618
2023-06-20,ACME,2023-06-20 16:00:00+00:00,2023-06-20 15:58:00+00:00,2023-06-21 12:00:00+00:00,2023-06-20 16:01:00+00:00,2023-06-21 16:00:00+00:00,0.226787,-0.477434,normal,-0.01036881,83.2891
2023-06-21,ACME,2023-06-21 16:00:00+00:00,2023-06-21 15:58:00+00:00,2023-06-22 12:00:00+00:00,2023-06-21 16:01:00+00:00,2023-06-22 16:00:00+00:00,-0.772632,-1.044593,normal,-0.00344233,83.0024
2023-06-22,ACME,2023-06-22 16:00:00+00:00,2023-06-22 15:58:00+00:00,2023-06-23 12:00:00+00:00,2023-06-22 16:01:00+00:00,2023-06-23 16:00:00+00:00,-0.491075,-0.017472,normal,0.00499887,83.4173
2023-06-23,ACME,2023-06-23 16:00:00+00:00,2023-06-23 15:58:00+00:00,2023-06-24 12:00:00+00:00,2023-06-23 16:01:00+00:00,2023-06-26 16:00:00+00:00,1.14843,0.609893,expansion,-0.01126304,82.4778
2023-06-26,ACME,2023-06-26 16:00:00+00:00,2023-06-26 15:58:00+00:00,2023-06-27 12:00:00+00:00,2023-06-26 16:01:00+00:00,2023-06-27 16:00:00+00:00,0.896512,0.780267,expansion,0.00157777,82.6079
2023-06-27,ACME,2023-06-27 16:00:00+00:00,2023-06-27 15:58:00+00:00,2023-06-28 12:00:00+00:00,2023-06-27 16:01:00+00:00,2023-06-28 16:00:00+00:00,1.150575,0.804804,normal,-0.00561164,82.1444
2023-06-28,ACME,2023-06-28 16:00:00+00:00,2023-06-28 15:58:00+00:00,2023-06-29 12:00:00+00:00,2023-06-28 16:01:00+00:00,2023-06-29 16:00:00+00:00,0.800359,1.005975,expansion,-0.00301513,81.8967
2023-06-29,ACME,2023-06-29 16:00:00+00:00,2023-06-29 15:58:00+00:00,2023-06-30 12:00:00+00:00,2023-06-29 16:01:00+00:00,2023-06-30 16:00:00+00:00,0.494982,1.83166,expansion,0.02917904,84.2864
2023-06-30,ACME,2023-06-30 16:00:00+00:00,2023-06-30 15:58:00+00:00,2023-07-01 12:00:00+00:00,2023-06-30 16:01:00+00:00,2023-07-03 16:00:00+00:00,1.578198,1.421685,expansion,-0.00905677,83.523
2023-07-03,ACME,2023-07-03 16:00:00+00:00,2023-07-03 15:58:00+00:00,2023-07-04 12:00:00+00:00,2023-07-03 16:01:00+00:00,2023-07-04 16:00:00+00:00,-0.503605,-0.159052,normal,0.00863918,84.2446
2023-07-04,ACME,2023-07-04 16:00:00+00:00,2023-07-04 15:58:00+00:00,2023-07-05 12:00:00+00:00,2023-07-04 16:01:00+00:00,2023-07-05 16:00:00+00:00,-0.253264,0.074758,normal,0.00042348,84.2803
2023-07-05,ACME,2023-07-05 16:00:00+00:00,2023-07-05 15:58:00+00:00,2023-07-06 12:00:00+00:00,2023-07-05 16:01:00+00:00,2023-07-06 16:00:00+00:00,0.201384,-0.243118,normal,-0.00707274,83.6842
2023-07-06,ACME,2023-07-06 16:00:00+00:00,2023-07-06 15:58:00+00:00,2023-07-07 12:00:00+00:00,2023-07-06 16:01:00+00:00,2023-07-07 16:00:00+00:00,-0.603116,-1.237544,normal,-0.01242865,82.6441
2023-07-07,ACME,2023-07-07 16:00:00+00:00,2023-07-07 15:58:00+00:00,2023-07-08 12:00:00+00:00,2023-07-07 16:01:00+00:00,2023-07-10 16:00:00+00:00,0.271232,-0.077552,normal,-0.01190782,81.66
2023-07-10,ACME,2023-07-10 16:00:00+00:00,2023-07-10 15:58:00+00:00,2023-07-11 12:00:00+00:00,2023-07-10 16:01:00+00:00,2023-07-11 16:00:00+00:00,-1.136806,-0.145245,normal,0.02056117,83.339
2023-07-11,ACME,2023-07-11 16:00:00+00:00,2023-07-11 15:58:00+00:00,2023-07-12 12:00:00+00:00,2023-07-11 16:01:00+00:00,2023-07-12 16:00:00+00:00,-0.417739,-1.042735,normal,-0.01185229,82.3512
2023-07-12,ACME,2023-07-12 16:00:00+00:00,2023-07-12 15:58:00+00:00,2023-07-13 12:00:00+00:00,2023-07-12 16:01:00+00:00,2023-07-13 16:00:00+00:00,0.587272,0.502849,expansion,-0.00066553,82.2964
2023-07-13,ACME,2023-07-13 16:00:00+00:00,2023-07-13 15:58:00+00:00,2023-07-14 12:00:00+00:00,2023-07-13 16:01:00+00:00,2023-07-14 16:00:00+00:00,-0.044171,0.137338,normal,0.00659695,82.8393
2023-07-14,ACME,2023-07-14 16:00:00+00:00,2023-07-14 15:58:00+00:00,2023-07-15 12:00:00+00:00,2023-07-14 16:01:00+00:00,2023-07-17 16:00:00+00:00,-1.268477,-1.436483,stress,0.0001241,82.8496
2023-07-17,ACME,2023-07-17 16:00:00+00:00,2023-07-17 15:58:00+00:00,2023-07-18 12:00:00+00:00,2023-07-17 16:01:00+00:00,2023-07-18 16:00:00+00:00,0.99868,0.019979,normal,-0.02400181,80.8611
2023-07-18,ACME,2023-07-18 16:00:00+00:00,2023-07-18 15:58:00+00:00,2023-07-19 12:00:00+00:00,2023-07-18 16:01:00+00:00,2023-07-19 16:00:00+00:00,1.265622,1.678693,expansion,0.01431128,82.0183
2023-07-19,ACME,2023-07-19 16:00:00+00:00,2023-07-19 15:58:00+00:00,2023-07-20 12:00:00+00:00,2023-07-19 16:01:00+00:00,2023-07-20 16:00:00+00:00,1.714596,2.440073,expansion,0.01828757,83.5182
2023-07-20,ACME,2023-07-20 16:00:00+00:00,2023-07-20 15:58:00+00:00,2023-07-21 12:00:00+00:00,2023-07-20 16:01:00+00:00,2023-07-21 16:00:00+00:00,1.758358,1.89206,expansion,0.00238874,83.7177
2023-07-21,ACME,2023-07-21 16:00:00+00:00,2023-07-21 15:58:00+00:00,2023-07-22 12:00:00+00:00,2023-07-21 16:01:00+00:00,2023-07-24 16:00:00+00:00,1.893625,2.246413,expansion,0.00892467,84.4649
2023-07-24,ACME,2023-07-24 16:00:00+00:00,2023-07-24 15:58:00+00:00,2023-07-25 12:00:00+00:00,2023-07-24 16:01:00+00:00,2023-07-25 16:00:00+00:00,0.472227,0.556563,normal,-0.0012308,84.3609
2023-07-25,ACME,2023-07-25 16:00:00+00:00,2023-07-25 15:58:00+00:00,2023-07-26 12:00:00+00:00,2023-07-25 16:01:00+00:00,2023-07-26 16:00:00+00:00,0.023108,0.611049,normal,0.01170548,85.3484
2023-07-26,ACME,2023-07-26 16:00:00+00:00,2023-07-26 15:58:00+00:00,2023-07-27 12:00:00+00:00,2023-07-26 16:01:00+00:00,2023-07-27 16:00:00+00:00,-1.576783,-1.552362,stress,0.00064877,85.4038
2023-07-27,ACME,2023-07-27 16:00:00+00:00,2023-07-27 15:58:00+00:00,2023-07-28 12:00:00+00:00,2023-07-27 16:01:00+00:00,2023-07-28 16:00:00+00:00,-0.937651,-1.60867,stress,-0.01731278,83.9252
2023-07-28,ACME,2023-07-28 16:00:00+00:00,2023-07-28 15:58:00+00:00,2023-07-29 12:00:00+00:00,2023-07-28 16:01:00+00:00,2023-07-31 16:00:00+00:00,-0.638052,-1.701138,stress,-0.02239179,82.046
2023-07-31,ACME,2023-07-31 16:00:00+00:00,2023-07-31 15:58:00+00:00,2023-08-01 12:00:00+00:00,2023-07-31 16:01:00+00:00,2023-08-01 16:00:00+00:00,1.123885,1.057227,normal,-0.00076422,81.9833
2023-08-01,ACME,2023-08-01 16:00:00+00:00,2023-08-01 15:58:00+00:00,2023-08-02 12:00:00+00:00,2023-08-01 16:01:00+00:00,2023-08-02 16:00:00+00:00,0.397858,0.247477,normal,-0.00113144,81.8905
2023-08-02,ACME,2023-08-02 16:00:00+00:00,2023-08-02 15:58:00+00:00,2023-08-03 12:00:00+00:00,2023-08-02 16:01:00+00:00,2023-08-03 16:00:00+00:00,-0.234968,-0.24549,stress,-0.00352319,81.602
2023-08-03,ACME,2023-08-03 16:00:00+00:00,2023-08-03 15:58:00+00:00,2023-08-04 12:00:00+00:00,2023-08-03 16:01:00+00:00,2023-08-04 16:00:00+00:00,0.058696,0.10258,stress,0.0046893,81.9846
2023-08-04,ACME,2023-08-04 16:00:00+00:00,2023-08-04 15:58:00+00:00,2023-08-05 12:00:00+00:00,2023-08-04 16:01:00+00:00,2023-08-07 16:00:00+00:00,-1.052398,-1.057495,stress,0.00132441,82.0932
2023-08-07,ACME,2023-08-07 16:00:00+00:00,2023-08-07 15:58:00+00:00,2023-08-08 12:00:00+00:00,2023-08-07 16:01:00+00:00,2023-08-08 16:00:00+00:00,0.104663,0.553418,normal,0.01191022,83.071
2023-08-08,ACME,2023-08-08 16:00:00+00:00,2023-08-08 15:58:00+00:00,2023-08-09 12:00:00+00:00,2023-08-08 16:01:00+00:00,2023-08-09 16:00:00+00:00,1.62796,2.357081,normal,0.01381203,84.2183
2023-08-09,ACME,2023-08-09 16:00:00+00:00,2023-08-09 15:58:00+00:00,2023-08-10 12:00:00+00:00,2023-08-09 16:01:00+00:00,2023-08-10 16:00:00+00:00,0.902431,1.440494,expansion,0.01134604,85.1739
2023-08-10,ACME,2023-08-10 16:00:00+00:00,2023-08-10 15:58:00+00:00,2023-08-11 12:00:00+00:00,2023-08-10 16:01:00+00:00,2023-08-11 16:00:00+00:00,1.03589,1.049778,expansion,-0.00120777,85.071
2023-08-11,ACME,2023-08-11 16:00:00+00:00,2023-08-11 15:58:00+00:00,2023-08-12 12:00:00+00:00,2023-08-11 16:01:00+00:00,2023-08-14 16:00:00+00:00,0.561987,0.475216,expansion,-0.00335574,84.7855
2023-08-14,ACME,2023-08-14 16:00:00+00:00,2023-08-14 15:58:00+00:00,2023-08-15 12:00:00+00:00,2023-08-14 16:01:00+00:00,2023-08-15 16:00:00+00:00,1.994764,2.008326,expansion,-0.00062458,84.7326
2023-08-15,ACME,2023-08-15 16:00:00+00:00,2023-08-15 15:58:00+00:00,2023-08-16 12:00:00+00:00,2023-08-15 16:01:00+00:00,2023-08-16 16:00:00+00:00,2.161709,1.885376,expansion,-0.00209788,84.5548
2023-08-16,ACME,2023-08-16 16:00:00+00:00,2023-08-16 15:58:00+00:00,2023-08-17 12:00:00+00:00,2023-08-16 16:01:00+00:00,2023-08-17 16:00:00+00:00,1.612367,1.962121,expansion,0.00885446,85.3035
2023-08-17,ACME,2023-08-17 16:00:00+00:00,2023-08-17 15:58:00+00:00,2023-08-18 12:00:00+00:00,2023-08-17 16:01:00+00:00,2023-08-18 16:00:00+00:00,1.362707,2.363648,expansion,0.02421043,87.3687
2023-08-18,ACME,2023-08-18 16:00:00+00:00,2023-08-18 15:58:00+00:00,2023-08-19 12:00:00+00:00,2023-08-18 16:01:00+00:00,2023-08-21 16:00:00+00:00,0.858974,0.753552,normal,-0.00417151,87.0043
2023-08-21,ACME,2023-08-21 16:00:00+00:00,2023-08-21 15:58:00+00:00,2023-08-22 12:00:00+00:00,2023-08-21 16:01:00+00:00,2023-08-22 16:00:00+00:00,-0.005751,-0.197966,normal,-0.00607735,86.4755
2023-08-22,ACME,2023-08-22 16:00:00+00:00,2023-08-22 15:58:00+00:00,2023-08-23 12:00:00+00:00,2023-08-22 16:01:00+00:00,2023-08-23 16:00:00+00:00,0.832755,1.51232,normal,0.0136831,87.6588
2023-08-23,ACME,2023-08-23 16:00:00+00:00,2023-08-23 15:58:00+00:00,2023-08-24 12:00:00+00:00,2023-08-23 16:01:00+00:00,2023-08-24 16:00:00+00:00,0.130385,0.476928,normal,0.00550732,88.1416
2023-08-24,ACME,2023-08-24 16:00:00+00:00,2023-08-24 15:58:00+00:00,2023-08-25 12:00:00+00:00,2023-08-24 16:01:00+00:00,2023-08-25 16:00:00+00:00,0.254847,1.09666,normal,0.01623698,89.5727
2023-08-25,ACME,2023-08-25 16:00:00+00:00,2023-08-25 15:58:00+00:00,2023-08-26 12:00:00+00:00,2023-08-25 16:01:00+00:00,2023-08-28 16:00:00+00:00,0.137278,-0.198274,stress,-0.0081497,88.8427
2023-08-28,ACME,2023-08-28 16:00:00+00:00,2023-08-28 15:58:00+00:00,2023-08-29 12:00:00+00:00,2023-08-28 16:01:00+00:00,2023-08-29 16:00:00+00:00,-0.385626,-0.680288,normal,-0.00857922,88.0805
2023-08-29,ACME,2023-08-29 16:00:00+00:00,2023-08-29 15:58:00+00:00,2023-08-30 12:00:00+00:00,2023-08-29 16:01:00+00:00,2023-08-30 16:00:00+00:00,1.161999,0.993049,expansion,-0.00388903,87.738
2023-08-30,ACME,2023-08-30 16:00:00+00:00,2023-08-30 15:58:00+00:00,2023-08-31 12:00:00+00:00,2023-08-30 16:01:00+00:00,2023-08-31 16:00:00+00:00,-0.178087,-0.807468,normal,-0.01629499,86.3083
2023-08-31,ACME,2023-08-31 16:00:00+00:00,2023-08-31 15:58:00+00:00,2023-09-01 12:00:00+00:00,2023-08-31 16:01:00+00:00,2023-09-01 16:00:00+00:00,1.127136,0.29099,normal,-0.013532,85.1404
2023-09-01,ACME,2023-09-01 16:00:00+00:00,2023-09-01 15:58:00+00:00,2023-09-02 12:00:00+00:00,2023-09-01 16:01:00+00:00,2023-09-04 16:00:00+00:00,0.163963,0.502877,expansion,0.00435752,85.5114
2023-09-04,ACME,2023-09-04 16:00:00+00:00,2023-09-04 15:58:00+00:00,2023-09-05 12:00:00+00:00,2023-09-04 16:01:00+00:00,2023-09-05 16:00:00+00:00,1.809316,2.415333,expansion,0.01425022,86.7299
2023-09-05,ACME,2023-09-05 16:00:00+00:00,2023-09-05 15:58:00+00:00,2023-09-06 12:00:00+00:00,2023-09-05 16:01:00+00:00,2023-09-06 16:00:00+00:00,0.152249,0.126396,expansion,-0.00132031,86.6154
2023-09-06,ACME,2023-09-06 16:00:00+00:00,2023-09-06 15:58:00+00:00,2023-09-07 12:00:00+00:00,2023-09-06 16:01:00+00:00,2023-09-07 16:00:00+00:00,0.349649,0.641516,normal,0.00295899,86.8717
2023-09-07,ACME,2023-09-07 16:00:00+00:00,2023-09-07 15:58:00+00:00,2023-09-08 12:00:00+00:00,2023-09-07 16:01:00+00:00,2023-09-08 16:00:00+00:00,-0.95309,-1.411865,stress,-0.01169552,85.8557
2023-09-08,ACME,2023-09-08 16:00:00+00:00,2023-09-08 15:58:00+00:00,2023-09-09 12:00:00+00:00,2023-09-08 16:01:00+00:00,2023-09-11 16:00:00+00:00,-0.356319,-1.153645,normal,-0.02045158,84.0998
2023-09-11,ACME,2023-09-11 16:00:00+00:00,2023-09-11 15:58:00+00:00,2023-09-12 12:00:00+00:00,2023-09-11 16:01:00+00:00,2023-09-12 16:00:00+00:00,0.629226,0.122982,normal,-0.0085114,83.384
2023-09-12,ACME,2023-09-12 16:00:00+00:00,2023-09-12 15:58:00+00:00,2023-09-13 12:00:00+00:00,2023-09-12 16:01:00+00:00,2023-09-13 16:00:00+00:00,0.020476,0.208418,normal,0.0018389,83.5373
2023-09-13,ACME,2023-09-13 16:00:00+00:00,2023-09-13 15:58:00+00:00,2023-09-14 12:00:00+00:00,2023-09-13 16:01:00+00:00,2023-09-14 16:00:00+00:00,-0.339633,-0.167385,normal,0.00343852,83.8246
2023-09-14,ACME,2023-09-14 16:00:00+00:00,2023-09-14 15:58:00+00:00,2023-09-15 12:00:00+00:00,2023-09-14 16:01:00+00:00,2023-09-15 16:00:00+00:00,-0.162165,0.12139,normal,0.00096658,83.9056
2023-09-15,ACME,2023-09-15 16:00:00+00:00,2023-09-15 15:58:00+00:00,2023-09-16 12:00:00+00:00,2023-09-15 16:01:00+00:00,2023-09-18 16:00:00+00:00,-0.314489,0.471023,normal,0.01485423,85.1519
2023-09-18,ACME,2023-09-18 16:00:00+00:00,2023-09-18 15:58:00+00:00,2023-09-19 12:00:00+00:00,2023-09-18 16:01:00+00:00,2023-09-19 16:00:00+00:00,-0.093933,0.236785,normal,0.00820605,85.8507
2023-09-19,ACME,2023-09-19 16:00:00+00:00,2023-09-19 15:58:00+00:00,2023-09-20 12:00:00+00:00,2023-09-19 16:01:00+00:00,2023-09-20 16:00:00+00:00,0.96128,0.462102,expansion,-0.0100084,84.9915
2023-09-20,ACME,2023-09-20 16:00:00+00:00,2023-09-20 15:58:00+00:00,2023-09-21 12:00:00+00:00,2023-09-20 16:01:00+00:00,2023-09-21 16:00:00+00:00,-0.975154,-0.542162,normal,0.00951628,85.8003
2023-09-21,ACME,2023-09-21 16:00:00+00:00,2023-09-21 15:58:00+00:00,2023-09-22 12:00:00+00:00,2023-09-21 16:01:00+00:00,2023-09-22 16:00:00+00:00,0.334461,0.628559,normal,0.01248674,86.8716
2023-09-22,ACME,2023-09-22 16:00:00+00:00,2023-09-22 15:58:00+00:00,2023-09-23 12:00:00+00:00,2023-09-22 16:01:00+00:00,2023-09-25 16:00:00+00:00,-0.271471,-0.315774,normal,-0.00344097,86.5727
2023-09-25,ACME,2023-09-25 16:00:00+00:00,2023-09-25 15:58:00+00:00,2023-09-26 12:00:00+00:00,2023-09-25 16:01:00+00:00,2023-09-26 16:00:00+00:00,-0.619207,-0.674738,normal,-0.00082068,86.5017
2023-09-26,ACME,2023-09-26 16:00:00+00:00,2023-09-26 15:58:00+00:00,2023-09-27 12:00:00+00:00,2023-09-26 16:01:00+00:00,2023-09-27 16:00:00+00:00,-0.403892,0.133585,normal,0.01169705,87.5135
2023-09-27,ACME,2023-09-27 16:00:00+00:00,2023-09-27 15:58:00+00:00,2023-09-28 12:00:00+00:00,2023-09-27 16:01:00+00:00,2023-09-28 16:00:00+00:00,-1.367561,-1.582532,stress,-0.00404025,87.1599
2023-09-28,ACME,2023-09-28 16:00:00+00:00,2023-09-28 15:58:00+00:00,2023-09-29 12:00:00+00:00,2023-09-28 16:01:00+00:00,2023-09-29 16:00:00+00:00,-1.40594,-0.961529,stress,0.01191729,88.1986
2023-09-29,ACME,2023-09-29 16:00:00+00:00,2023-09-29 15:58:00+00:00,2023-09-30 12:00:00+00:00,2023-09-29 16:01:00+00:00,2023-10-02 16:00:00+00:00,-0.597138,0.026762,stress,0.01174974,89.2349
2023-10-02,ACME,2023-10-02 16:00:00+00:00,2023-10-02 15:58:00+00:00,2023-10-03 12:00:00+00:00,2023-10-02 16:01:00+00:00,2023-10-03 16:00:00+00:00,-1.111506,-0.4457,stress,0.01028582,90.1528
2023-10-03,ACME,2023-10-03 16:00:00+00:00,2023-10-03 15:58:00+00:00,2023-10-04 12:00:00+00:00,2023-10-03 16:01:00+00:00,2023-10-04 16:00:00+00:00,-0.298032,-0.63348,normal,-0.00968828,89.2794
2023-10-04,ACME,2023-10-04 16:00:00+00:00,2023-10-04 15:58:00+00:00,2023-10-05 12:00:00+00:00,2023-10-04 16:01:00+00:00,2023-10-05 16:00:00+00:00,0.256973,0.532702,normal,0.00463483,89.6932
2023-10-05,ACME,2023-10-05 16:00:00+00:00,2023-10-05 15:58:00+00:00,2023-10-06 12:00:00+00:00,2023-10-05 16:01:00+00:00,2023-10-06 16:00:00+00:00,-0.831104,-0.042927,stress,0.02000996,91.4879
2023-10-06,ACME,2023-10-06 16:00:00+00:00,2023-10-06 15:58:00+00:00,2023-10-07 12:00:00+00:00,2023-10-06 16:01:00+00:00,2023-10-09 16:00:00+00:00,-2.881704,-3.070203,stress,0.00071599,91.5534
2023-10-09,ACME,2023-10-09 16:00:00+00:00,2023-10-09 15:58:00+00:00,2023-10-10 12:00:00+00:00,2023-10-09 16:01:00+00:00,2023-10-10 16:00:00+00:00,-1.064349,-0.804652,stress,0.00484898,91.9974
2023-10-10,ACME,2023-10-10 16:00:00+00:00,2023-10-10 15:58:00+00:00,2023-10-11 12:00:00+00:00,2023-10-10 16:01:00+00:00,2023-10-11 16:00:00+00:00,-1.241982,-1.190798,stress,0.00333711,92.3044
2023-10-11,ACME,2023-10-11 16:00:00+00:00,2023-10-11 15:58:00+00:00,2023-10-12 12:00:00+00:00,2023-10-11 16:01:00+00:00,2023-10-12 16:00:00+00:00,-2.130561,-1.918231,stress,0.00480186,92.7476
2023-10-12,ACME,2023-10-12 16:00:00+00:00,2023-10-12 15:58:00+00:00,2023-10-13 12:00:00+00:00,2023-10-12 16:01:00+00:00,2023-10-13 16:00:00+00:00,-1.756251,-0.966384,stress,0.01765609,94.3852
2023-10-13,ACME,2023-10-13 16:00:00+00:00,2023-10-13 15:58:00+00:00,2023-10-14 12:00:00+00:00,2023-10-13 16:01:00+00:00,2023-10-16 16:00:00+00:00,-3.254966,-3.232603,stress,-0.00187166,94.2085
2023-10-16,ACME,2023-10-16 16:00:00+00:00,2023-10-16 15:58:00+00:00,2023-10-17 12:00:00+00:00,2023-10-16 16:01:00+00:00,2023-10-17 16:00:00+00:00,-1.089654,-1.420221,stress,-0.00578612,93.6634
2023-10-17,ACME,2023-10-17 16:00:00+00:00,2023-10-17 15:58:00+00:00,2023-10-18 12:00:00+00:00,2023-10-17 16:01:00+00:00,2023-10-18 16:00:00+00:00,-2.116239,-1.008899,stress,0.02356013,95.8701
2023-10-18,ACME,2023-10-18 16:00:00+00:00,2023-10-18 15:58:00+00:00,2023-10-19 12:00:00+00:00,2023-10-18 16:01:00+00:00,2023-10-19 16:00:00+00:00,-2.542864,-2.799648,stress,-0.00098803,95.7754
2023-10-19,ACME,2023-10-19 16:00:00+00:00,2023-10-19 15:58:00+00:00,2023-10-20 12:00:00+00:00,2023-10-19 16:01:00+00:00,2023-10-20 16:00:00+00:00,-1.631599,-1.267521,stress,0.00923628,96.66
2023-10-20,ACME,2023-10-20 16:00:00+00:00,2023-10-20 15:58:00+00:00,2023-10-21 12:00:00+00:00,2023-10-20 16:01:00+00:00,2023-10-23 16:00:00+00:00,-2.140563,-2.297559,stress,-0.00613231,96.0673
2023-10-23,ACME,2023-10-23 16:00:00+00:00,2023-10-23 15:58:00+00:00,2023-10-24 12:00:00+00:00,2023-10-23 16:01:00+00:00,2023-10-24 16:00:00+00:00,-1.741891,-2.86533,stress,-0.02293846,93.8636
2023-10-24,ACME,2023-10-24 16:00:00+00:00,2023-10-24 15:58:00+00:00,2023-10-25 12:00:00+00:00,2023-10-24 16:01:00+00:00,2023-10-25 16:00:00+00:00,-1.736054,-1.22526,stress,0.00923143,94.7301
2023-10-25,ACME,2023-10-25 16:00:00+00:00,2023-10-25 15:58:00+00:00,2023-10-26 12:00:00+00:00,2023-10-25 16:01:00+00:00,2023-10-26 16:00:00+00:00,-0.199423,-0.195359,normal,0.0050731,95.2107
2023-10-26,ACME,2023-10-26 16:00:00+00:00,2023-10-26 15:58:00+00:00,2023-10-27 12:00:00+00:00,2023-10-26 16:01:00+00:00,2023-10-27 16:00:00+00:00,-0.805054,-0.56102,stress,0.00262846,95.461
2023-10-27,ACME,2023-10-27 16:00:00+00:00,2023-10-27 15:58:00+00:00,2023-10-28 12:00:00+00:00,2023-10-27 16:01:00+00:00,2023-10-30 16:00:00+00:00,-0.257719,-0.846059,normal,-0.00902073,94.5998
2023-10-30,ACME,2023-10-30 16:00:00+00:00,2023-10-30 15:58:00+00:00,2023-10-31 12:00:00+00:00,2023-10-30 16:01:00+00:00,2023-10-31 16:00:00+00:00,-0.67364,-1.239773,normal,-0.01341449,93.3308
2023-10-31,ACME,2023-10-31 16:00:00+00:00,2023-10-31 15:58:00+00:00,2023-11-01 12:00:00+00:00,2023-10-31 16:01:00+00:00,2023-11-01 16:00:00+00:00,-0.728513,0.18506,normal,0.01846694,95.0543
2023-11-01,ACME,2023-11-01 16:00:00+00:00,2023-11-01 15:58:00+00:00,2023-11-02 12:00:00+00:00,2023-11-01 16:01:00+00:00,2023-11-02 16:00:00+00:00,0.364795,0.824551,normal,0.01037545,96.0406
2023-11-02,ACME,2023-11-02 16:00:00+00:00,2023-11-02 15:58:00+00:00,2023-11-03 12:00:00+00:00,2023-11-02 16:01:00+00:00,2023-11-03 16:00:00+00:00,-0.638114,-1.085258,normal,-0.00946856,95.1312
2023-11-03,ACME,2023-11-03 16:00:00+00:00,2023-11-03 15:58:00+00:00,2023-11-04 12:00:00+00:00,2023-11-03 16:01:00+00:00,2023-11-06 16:00:00+00:00,0.17747,0.541739,normal,0.00382644,95.4952
2023-11-06,ACME,2023-11-06 16:00:00+00:00,2023-11-06 15:58:00+00:00,2023-11-07 12:00:00+00:00,2023-11-06 16:01:00+00:00,2023-11-07 16:00:00+00:00,0.73453,0.689698,normal,-0.00338491,95.172
2023-11-07,ACME,2023-11-07 16:00:00+00:00,2023-11-07 15:58:00+00:00,2023-11-08 12:00:00+00:00,2023-11-07 16:01:00+00:00,2023-11-08 16:00:00+00:00,0.607354,0.257504,normal,-0.01244742,93.9873
2023-11-08,ACME,2023-11-08 16:00:00+00:00,2023-11-08 15:58:00+00:00,2023-11-09 12:00:00+00:00,2023-11-08 16:01:00+00:00,2023-11-09 16:00:00+00:00,-0.028364,-0.301635,normal,-0.00084555,93.9079
2023-11-09,ACME,2023-11-09 16:00:00+00:00,2023-11-09 15:58:00+00:00,2023-11-10 12:00:00+00:00,2023-11-09 16:01:00+00:00,2023-11-10 16:00:00+00:00,0.102538,0.892192,normal,0.01955949,95.7447
2023-11-10,ACME,2023-11-10 16:00:00+00:00,2023-11-10 15:58:00+00:00,2023-11-11 12:00:00+00:00,2023-11-10 16:01:00+00:00,2023-11-13 16:00:00+00:00,-0.455692,-0.491433,normal,-0.00071416,95.6763
2023-11-13,ACME,2023-11-13 16:00:00+00:00,2023-11-13 15:58:00+00:00,2023-11-14 12:00:00+00:00,2023-11-13 16:01:00+00:00,2023-11-14 16:00:00+00:00,-0.000764,-0.322501,normal,-0.00626762,95.0766
2023-11-14,ACME,2023-11-14 16:00:00+00:00,2023-11-14 15:58:00+00:00,2023-11-15 12:00:00+00:00,2023-11-14 16:01:00+00:00,2023-11-15 16:00:00+00:00,-0.320642,-0.403416,normal,-0.00515495,94.5865
2023-11-15,ACME,2023-11-15 16:00:00+00:00,2023-11-15 15:58:00+00:00,2023-11-16 12:00:00+00:00,2023-11-15 16:01:00+00:00,2023-11-16 16:00:00+00:00,-0.117662,0.326518,stress,0.00839182,95.3803
2023-11-16,ACME,2023-11-16 16:00:00+00:00,2023-11-16 15:58:00+00:00,2023-11-17 12:00:00+00:00,2023-11-16 16:01:00+00:00,2023-11-17 16:00:00+00:00,0.770179,0.8602,normal,0.00142499,95.5162
2023-11-17,ACME,2023-11-17 16:00:00+00:00,2023-11-17 15:58:00+00:00,2023-11-18 12:00:00+00:00,2023-11-17 16:01:00+00:00,2023-11-20 16:00:00+00:00,-0.151896,-0.091332,normal,0.00092285,95.6043
2023-11-20,ACME,2023-11-20 16:00:00+00:00,2023-11-20 15:58:00+00:00,2023-11-21 12:00:00+00:00,2023-11-20 16:01:00+00:00,2023-11-21 16:00:00+00:00,-1.693996,-2.297895,stress,-0.01164203,94.4913
2023-11-21,ACME,2023-11-21 16:00:00+00:00,2023-11-21 15:58:00+00:00,2023-11-22 12:00:00+00:00,2023-11-21 16:01:00+00:00,2023-11-22 16:00:00+00:00,-0.062457,-0.098297,normal,-0.00315866,94.1928
2023-11-22,ACME,2023-11-22 16:00:00+00:00,2023-11-22 15:58:00+00:00,2023-11-23 12:00:00+00:00,2023-11-22 16:01:00+00:00,2023-11-23 16:00:00+00:00,-0.195926,-0.62543,normal,-0.00877374,93.3664
2023-11-23,ACME,2023-11-23 16:00:00+00:00,2023-11-23 15:58:00+00:00,2023-11-24 12:00:00+00:00,2023-11-23 16:01:00+00:00,2023-11-24 16:00:00+00:00,-0.361205,0.215002,normal,0.00993639,94.2941
2023-11-24,ACME,2023-11-24 16:00:00+00:00,2023-11-24 15:58:00+00:00,2023-11-25 12:00:00+00:00,2023-11-24 16:01:00+00:00,2023-11-27 16:00:00+00:00,0.464647,0.364861,expansion,-0.00422188,93.896
2023-11-27,ACME,2023-11-27 16:00:00+00:00,2023-11-27 15:58:00+00:00,2023-11-28 12:00:00+00:00,2023-11-27 16:01:00+00:00,2023-11-28 16:00:00+00:00,1.001338,1.584415,normal,0.0135472,95.1681
2023-11-28,ACME,2023-11-28 16:00:00+00:00,2023-11-28 15:58:00+00:00,2023-11-29 12:00:00+00:00,2023-11-28 16:01:00+00:00,2023-11-29 16:00:00+00:00,-0.642692,-0.460846,normal,0.00569224,95.7098
2023-11-29,ACME,2023-11-29 16:00:00+00:00,2023-11-29 15:58:00+00:00,2023-11-30 12:00:00+00:00,2023-11-29 16:01:00+00:00,2023-11-30 16:00:00+00:00,-0.996941,-0.678907,normal,0.00468852,96.1585
2023-11-30,ACME,2023-11-30 16:00:00+00:00,2023-11-30 15:58:00+00:00,2023-12-01 12:00:00+00:00,2023-11-30 16:01:00+00:00,2023-12-01 16:00:00+00:00,0.887249,1.506693,normal,0.01272324,97.382
2023-12-01,ACME,2023-12-01 16:00:00+00:00,2023-12-01 15:58:00+00:00,2023-12-02 12:00:00+00:00,2023-12-01 16:01:00+00:00,2023-12-04 16:00:00+00:00,-0.293148,-0.580371,normal,-0.00350092,97.041
2023-12-04,ACME,2023-12-04 16:00:00+00:00,2023-12-04 15:58:00+00:00,2023-12-05 12:00:00+00:00,2023-12-04 16:01:00+00:00,2023-12-05 16:00:00+00:00,0.366403,1.240263,expansion,0.01138187,98.1455
2023-12-05,ACME,2023-12-05 16:00:00+00:00,2023-12-05 15:58:00+00:00,2023-12-06 12:00:00+00:00,2023-12-05 16:01:00+00:00,2023-12-06 16:00:00+00:00,0.789658,1.028881,expansion,0.00997724,99.1248
2023-12-06,ACME,2023-12-06 16:00:00+00:00,2023-12-06 15:58:00+00:00,2023-12-07 12:00:00+00:00,2023-12-06 16:01:00+00:00,2023-12-07 16:00:00+00:00,1.582896,1.55803,expansion,-5.104e-05,99.1197
2023-12-07,ACME,2023-12-07 16:00:00+00:00,2023-12-07 15:58:00+00:00,2023-12-08 12:00:00+00:00,2023-12-07 16:01:00+00:00,2023-12-08 16:00:00+00:00,1.571612,1.184232,expansion,-0.00757674,98.3687
2023-12-08,ACME,2023-12-08 16:00:00+00:00,2023-12-08 15:58:00+00:00,2023-12-09 12:00:00+00:00,2023-12-08 16:01:00+00:00,2023-12-11 16:00:00+00:00,0.032049,-0.23005,expansion,-0.00937317,97.4467
2023-12-11,ACME,2023-12-11 16:00:00+00:00,2023-12-11 15:58:00+00:00,2023-12-12 12:00:00+00:00,2023-12-11 16:01:00+00:00,2023-12-12 16:00:00+00:00,0.733651,1.056148,normal,0.00536269,97.9693
2023-12-12,ACME,2023-12-12 16:00:00+00:00,2023-12-12 15:58:00+00:00,2023-12-13 12:00:00+00:00,2023-12-12 16:01:00+00:00,2023-12-13 16:00:00+00:00,0.393123,0.443506,normal,-0.00285559,97.6895
2023-12-13,ACME,2023-12-13 16:00:00+00:00,2023-12-13 15:58:00+00:00,2023-12-14 12:00:00+00:00,2023-12-13 16:01:00+00:00,2023-12-14 16:00:00+00:00,-0.695443,-1.326151,normal,-0.00976161,96.7359
2023-12-14,ACME,2023-12-14 16:00:00+00:00,2023-12-14 15:58:00+00:00,2023-12-15 12:00:00+00:00,2023-12-14 16:01:00+00:00,2023-12-15 16:00:00+00:00,-0.204438,-0.37538,normal,-0.00634888,96.1217
2023-12-15,ACME,2023-12-15 16:00:00+00:00,2023-12-15 15:58:00+00:00,2023-12-16 12:00:00+00:00,2023-12-15 16:01:00+00:00,2023-12-18 16:00:00+00:00,-0.117592,-0.796381,normal,-0.01115994,95.049
2023-12-18,ACME,2023-12-18 16:00:00+00:00,2023-12-18 15:58:00+00:00,2023-12-19 12:00:00+00:00,2023-12-18 16:01:00+00:00,2023-12-19 16:00:00+00:00,-0.615411,-0.799382,normal,-0.0050813,94.566
2023-12-19,ACME,2023-12-19 16:00:00+00:00,2023-12-19 15:58:00+00:00,2023-12-20 12:00:00+00:00,2023-12-19 16:01:00+00:00,2023-12-20 16:00:00+00:00,-0.43653,-0.277962,normal,0.00127751,94.6868
2023-12-20,ACME,2023-12-20 16:00:00+00:00,2023-12-20 15:58:00+00:00,2023-12-21 12:00:00+00:00,2023-12-20 16:01:00+00:00,2023-12-21 16:00:00+00:00,1.07452,0.59026,normal,-0.01003339,93.7368
2023-12-21,ACME,2023-12-21 16:00:00+00:00,2023-12-21 15:58:00+00:00,2023-12-22 12:00:00+00:00,2023-12-21 16:01:00+00:00,2023-12-22 16:00:00+00:00,1.567044,1.651598,expansion,0.0038913,94.1016
2023-12-22,ACME,2023-12-22 16:00:00+00:00,2023-12-22 15:58:00+00:00,2023-12-23 12:00:00+00:00,2023-12-22 16:01:00+00:00,2023-12-25 16:00:00+00:00,1.194542,1.097762,expansion,-0.00165527,93.9458
2023-12-25,ACME,2023-12-25 16:00:00+00:00,2023-12-25 15:58:00+00:00,2023-12-26 12:00:00+00:00,2023-12-25 16:01:00+00:00,2023-12-26 16:00:00+00:00,0.502633,0.16719,expansion,-0.00598824,93.3832
2023-12-26,ACME,2023-12-26 16:00:00+00:00,2023-12-26 15:58:00+00:00,2023-12-27 12:00:00+00:00,2023-12-26 16:01:00+00:00,2023-12-27 16:00:00+00:00,0.431931,1.38514,normal,0.02398556,95.6231
2023-12-27,ACME,2023-12-27 16:00:00+00:00,2023-12-27 15:58:00+00:00,2023-12-28 12:00:00+00:00,2023-12-27 16:01:00+00:00,2023-12-28 16:00:00+00:00,0.207028,0.460271,expansion,-0.00102979,95.5246
2023-12-28,ACME,2023-12-28 16:00:00+00:00,2023-12-28 15:58:00+00:00,2023-12-29 12:00:00+00:00,2023-12-28 16:01:00+00:00,2023-12-29 16:00:00+00:00,-0.111675,-0.287598,normal,-0.00391371,95.1508
2023-12-29,ACME,2023-12-29 16:00:00+00:00,2023-12-29 15:58:00+00:00,2023-12-30 12:00:00+00:00,2023-12-29 16:01:00+00:00,2024-01-01 16:00:00+00:00,1.290927,1.372528,expansion,0.00444105,95.5733
2024-01-01,ACME,2024-01-01 16:00:00+00:00,2024-01-01 15:58:00+00:00,2024-01-02 12:00:00+00:00,2024-01-01 16:01:00+00:00,2024-01-02 16:00:00+00:00,1.304611,1.60587,expansion,0.00398394,95.9541
2024-01-02,ACME,2024-01-02 16:00:00+00:00,2024-01-02 15:58:00+00:00,2024-01-03 12:00:00+00:00,2024-01-02 16:01:00+00:00,2024-01-03 16:00:00+00:00,1.34554,1.275272,normal,-0.00156301,95.8041
2024-01-03,ACME,2024-01-03 16:00:00+00:00,2024-01-03 15:58:00+00:00,2024-01-04 12:00:00+00:00,2024-01-03 16:01:00+00:00,2024-01-04 16:00:00+00:00,-0.732894,0.255426,normal,0.02181213,97.8938
2024-01-04,ACME,2024-01-04 16:00:00+00:00,2024-01-04 15:58:00+00:00,2024-01-05 12:00:00+00:00,2024-01-04 16:01:00+00:00,2024-01-05 16:00:00+00:00,-1.555924,-1.682547,stress,-0.00259434,97.6398
2024-01-05,ACME,2024-01-05 16:00:00+00:00,2024-01-05 15:58:00+00:00,2024-01-06 12:00:00+00:00,2024-01-05 16:01:00+00:00,2024-01-08 16:00:00+00:00,-1.356165,-1.350298,stress,0.00053994,97.6926
2024-01-08,ACME,2024-01-08 16:00:00+00:00,2024-01-08 15:58:00+00:00,2024-01-09 12:00:00+00:00,2024-01-08 16:01:00+00:00,2024-01-09 16:00:00+00:00,-1.948055,-2.439325,stress,-0.00674079,97.034
2024-01-09,ACME,2024-01-09 16:00:00+00:00,2024-01-09 15:58:00+00:00,2024-01-10 12:00:00+00:00,2024-01-09 16:01:00+00:00,2024-01-10 16:00:00+00:00,-1.461397,-2.177647,stress,-0.01265558,95.806
2024-01-10,ACME,2024-01-10 16:00:00+00:00,2024-01-10 15:58:00+00:00,2024-01-11 12:00:00+00:00,2024-01-10 16:01:00+00:00,2024-01-11 16:00:00+00:00,-2.371807,-2.779435,stress,-0.01091788,94.76
2024-01-11,ACME,2024-01-11 16:00:00+00:00,2024-01-11 15:58:00+00:00,2024-01-12 12:00:00+00:00,2024-01-11 16:01:00+00:00,2024-01-12 16:00:00+00:00,-0.715719,-1.040801,stress,-0.01299181,93.5289
2024-01-12,ACME,2024-01-12 16:00:00+00:00,2024-01-12 15:58:00+00:00,2024-01-13 12:00:00+00:00,2024-01-12 16:01:00+00:00,2024-01-15 16:00:00+00:00,0.571841,0.225468,normal,-0.00754487,92.8232
2024-01-15,ACME,2024-01-15 16:00:00+00:00,2024-01-15 15:58:00+00:00,2024-01-16 12:00:00+00:00,2024-01-15 16:01:00+00:00,2024-01-16 16:00:00+00:00,-0.347546,-1.39583,normal,-0.01794869,91.1572
2024-01-16,ACME,2024-01-16 16:00:00+00:00,2024-01-16 15:58:00+00:00,2024-01-17 12:00:00+00:00,2024-01-16 16:01:00+00:00,2024-01-17 16:00:00+00:00,0.179291,-0.304104,normal,-0.00936085,90.3039
2024-01-17,ACME,2024-01-17 16:00:00+00:00,2024-01-17 15:58:00+00:00,2024-01-18 12:00:00+00:00,2024-01-17 16:01:00+00:00,2024-01-18 16:00:00+00:00,-1.032881,-1.539815,stress,-0.00876248,89.5126
2024-01-18,ACME,2024-01-18 16:00:00+00:00,2024-01-18 15:58:00+00:00,2024-01-19 12:00:00+00:00,2024-01-18 16:01:00+00:00,2024-01-19 16:00:00+00:00,-1.38634,-0.889427,normal,0.01275267,90.6541
2024-01-19,ACME,2024-01-19 16:00:00+00:00,2024-01-19 15:58:00+00:00,2024-01-20 12:00:00+00:00,2024-01-19 16:01:00+00:00,2024-01-22 16:00:00+00:00,0.434471,-0.219208,normal,-0.01101787,89.6553
2024-01-22,ACME,2024-01-22 16:00:00+00:00,2024-01-22 15:58:00+00:00,2024-01-23 12:00:00+00:00,2024-01-22 16:01:00+00:00,2024-01-23 16:00:00+00:00,-0.02589,0.3637,normal,0.01217638,90.747
2024-01-23,ACME,2024-01-23 16:00:00+00:00,2024-01-23 15:58:00+00:00,2024-01-24 12:00:00+00:00,2024-01-23 16:01:00+00:00,2024-01-24 16:00:00+00:00,-0.226682,-0.568209,normal,-0.01137903,89.7144
2024-01-24,ACME,2024-01-24 16:00:00+00:00,2024-01-24 15:58:00+00:00,2024-01-25 12:00:00+00:00,2024-01-24 16:01:00+00:00,2024-01-25 16:00:00+00:00,-0.588992,-1.4019,normal,-0.01581839,88.2952
2024-01-25,ACME,2024-01-25 16:00:00+00:00,2024-01-25 15:58:00+00:00,2024-01-26 12:00:00+00:00,2024-01-25 16:01:00+00:00,2024-01-26 16:00:00+00:00,-0.48211,-0.484256,normal,0.00297561,88.558
2024-01-26,ACME,2024-01-26 16:00:00+00:00,2024-01-26 15:58:00+00:00,2024-01-27 12:00:00+00:00,2024-01-26 16:01:00+00:00,2024-01-29 16:00:00+00:00,-0.135292,0.302696,normal,0.00581253,89.0727
2024-01-29,ACME,2024-01-29 16:00:00+00:00,2024-01-29 15:58:00+00:00,2024-01-30 12:00:00+00:00,2024-01-29 16:01:00+00:00,2024-01-30 16:00:00+00:00,0.829769,0.495684,expansion,-0.00682956,88.4644
2024-01-30,ACME,2024-01-30 16:00:00+00:00,2024-01-30 15:58:00+00:00,2024-01-31 12:00:00+00:00,2024-01-30 16:01:00+00:00,2024-01-31 16:00:00+00:00,-0.975316,-1.855935,normal,-0.01907734,86.7767
2024-01-31,ACME,2024-01-31 16:00:00+00:00,2024-01-31 15:58:00+00:00,2024-02-01 12:00:00+00:00,2024-01-31 16:01:00+00:00,2024-02-01 16:00:00+00:00,-0.127556,-0.029985,normal,0.00178749,86.9318
2024-02-01,ACME,2024-02-01 16:00:00+00:00,2024-02-01 15:58:00+00:00,2024-02-02 12:00:00+00:00,2024-02-01 16:01:00+00:00,2024-02-02 16:00:00+00:00,1.009366,0.486975,normal,-0.01262296,85.8345
2024-02-02,ACME,2024-02-02 16:00:00+00:00,2024-02-02 15:58:00+00:00,2024-02-03 12:00:00+00:00,2024-02-02 16:01:00+00:00,2024-02-05 16:00:00+00:00,-0.095781,-0.182302,normal,-0.0047348,85.4281
2024-02-05,ACME,2024-02-05 16:00:00+00:00,2024-02-05 15:58:00+00:00,2024-02-06 12:00:00+00:00,2024-02-05 16:01:00+00:00,2024-02-06 16:00:00+00:00,-0.789569,-0.932352,stress,-0.00467244,85.0289
2024-02-06,ACME,2024-02-06 16:00:00+00:00,2024-02-06 15:58:00+00:00,2024-02-07 12:00:00+00:00,2024-02-06 16:01:00+00:00,2024-02-07 16:00:00+00:00,-1.992688,-2.569057,stress,-0.01068764,84.1202
2024-02-07,ACME,2024-02-07 16:00:00+00:00,2024-02-07 15:58:00+00:00,2024-02-08 12:00:00+00:00,2024-02-07 16:01:00+00:00,2024-02-08 16:00:00+00:00,-2.413869,-2.440889,stress,0.00085317,84.1919
2024-02-08,ACME,2024-02-08 16:00:00+00:00,2024-02-08 15:58:00+00:00,2024-02-09 12:00:00+00:00,2024-02-08 16:01:00+00:00,2024-02-09 16:00:00+00:00,-3.328376,-3.64535,stress,-0.00629284,83.6621
2024-02-09,ACME,2024-02-09 16:00:00+00:00,2024-02-09 15:58:00+00:00,2024-02-10 12:00:00+00:00,2024-02-09 16:01:00+00:00,2024-02-12 16:00:00+00:00,-1.469594,-1.284747,stress,0.00456746,84.0442
2024-02-12,ACME,2024-02-12 16:00:00+00:00,2024-02-12 15:58:00+00:00,2024-02-13 12:00:00+00:00,2024-02-12 16:01:00+00:00,2024-02-13 16:00:00+00:00,-3.332072,-3.714131,stress,-0.00861063,83.3206
2024-02-13,ACME,2024-02-13 16:00:00+00:00,2024-02-13 15:58:00+00:00,2024-02-14 12:00:00+00:00,2024-02-13 16:01:00+00:00,2024-02-14 16:00:00+00:00,-1.760537,-2.827754,stress,-0.02278112,81.4224
2024-02-14,ACME,2024-02-14 16:00:00+00:00,2024-02-14 15:58:00+00:00,2024-02-15 12:00:00+00:00,2024-02-14 16:01:00+00:00,2024-02-15 16:00:00+00:00,-2.33803,-2.73591,stress,-0.00928445,80.6665
2024-02-15,ACME,2024-02-15 16:00:00+00:00,2024-02-15 15:58:00+00:00,2024-02-16 12:00:00+00:00,2024-02-15 16:01:00+00:00,2024-02-16 16:00:00+00:00,-1.903078,-1.622065,stress,0.00517665,81.0841
2024-02-16,ACME,2024-02-16 16:00:00+00:00,2024-02-16 15:58:00+00:00,2024-02-17 12:00:00+00:00,2024-02-16 16:01:00+00:00,2024-02-19 16:00:00+00:00,-2.403036,-2.777564,stress,-0.00471864,80.7015
2024-02-19,ACME,2024-02-19 16:00:00+00:00,2024-02-19 15:58:00+00:00,2024-02-20 12:00:00+00:00,2024-02-19 16:01:00+00:00,2024-02-20 16:00:00+00:00,-1.299497,-1.194437,stress,0.00324246,80.9631
2024-02-20,ACME,2024-02-20 16:00:00+00:00,2024-02-20 15:58:00+00:00,2024-02-21 12:00:00+00:00,2024-02-20 16:01:00+00:00,2024-02-21 16:00:00+00:00,-1.992055,-1.838555,stress,0.00589182,81.4401
2024-02-21,ACME,2024-02-21 16:00:00+00:00,2024-02-21 15:58:00+00:00,2024-02-22 12:00:00+00:00,2024-02-21 16:01:00+00:00,2024-02-22 16:00:00+00:00,-2.565782,-2.847057,stress,-0.00955864,80.6617
2024-02-22,ACME,2024-02-22 16:00:00+00:00,2024-02-22 15:58:00+00:00,2024-02-23 12:00:00+00:00,2024-02-22 16:01:00+00:00,2024-02-23 16:00:00+00:00,-2.145949,-2.96848,stress,-0.0145531,79.4878
2024-02-23,ACME,2024-02-23 16:00:00+00:00,2024-02-23 15:58:00+00:00,2024-02-24 12:00:00+00:00,2024-02-23 16:01:00+00:00,2024-02-26 16:00:00+00:00,-0.433291,-0.633941,normal,-0.00146349,79.3715
2024-02-26,ACME,2024-02-26 16:00:00+00:00,2024-02-26 15:58:00+00:00,2024-02-27 12:00:00+00:00,2024-02-26 16:01:00+00:00,2024-02-27 16:00:00+00:00,-1.54824,-2.313555,stress,-0.01258782,78.3724
2024-02-27,ACME,2024-02-27 16:00:00+00:00,2024-02-27 15:58:00+00:00,2024-02-28 12:00:00+00:00,2024-02-27 16:01:00+00:00,2024-02-28 16:00:00+00:00,-0.99953,-1.095825,normal,-2.504e-05,78.3704
2024-02-28,ACME,2024-02-28 16:00:00+00:00,2024-02-28 15:58:00+00:00,2024-02-29 12:00:00+00:00,2024-02-28 16:01:00+00:00,2024-02-29 16:00:00+00:00,-1.045983,-1.251011,normal,-0.0083869,77.7131
2024-02-29,ACME,2024-02-29 16:00:00+00:00,2024-02-29 15:58:00+00:00,2024-03-01 12:00:00+00:00,2024-02-29 16:01:00+00:00,2024-03-01 16:00:00+00:00,-1.114519,-0.925504,stress,0.00147687,77.8279
2024-03-01,ACME,2024-03-01 16:00:00+00:00,2024-03-01 15:58:00+00:00,2024-03-02 12:00:00+00:00,2024-03-01 16:01:00+00:00,2024-03-04 16:00:00+00:00,-0.271271,-0.450913,normal,-0.00165835,77.6988
2024-03-04,ACME,2024-03-04 16:00:00+00:00,2024-03-04 15:58:00+00:00,2024-03-05 12:00:00+00:00,2024-03-04 16:01:00+00:00,2024-03-05 16:00:00+00:00,-0.156493,-0.561472,stress,-0.01020228,76.9061
2024-03-05,ACME,2024-03-05 16:00:00+00:00,2024-03-05 15:58:00+00:00,2024-03-06 12:00:00+00:00,2024-03-05 16:01:00+00:00,2024-03-06 16:00:00+00:00,0.233742,0.353018,normal,0.00203588,77.0627
2024-03-06,ACME,2024-03-06 16:00:00+00:00,2024-03-06 15:58:00+00:00,2024-03-07 12:00:00+00:00,2024-03-06 16:01:00+00:00,2024-03-07 16:00:00+00:00,1.221136,1.127962,normal,0.00112238,77.1492
2024-03-07,ACME,2024-03-07 16:00:00+00:00,2024-03-07 15:58:00+00:00,2024-03-08 12:00:00+00:00,2024-03-07 16:01:00+00:00,2024-03-08 16:00:00+00:00,-0.633676,-0.088322,normal,0.01217391,78.0884
2024-03-08,ACME,2024-03-08 16:00:00+00:00,2024-03-08 15:58:00+00:00,2024-03-09 12:00:00+00:00,2024-03-08 16:01:00+00:00,2024-03-11 16:00:00+00:00,0.041554,0.124775,normal,0.00271386,78.3003
2024-03-11,ACME,2024-03-11 16:00:00+00:00,2024-03-11 15:58:00+00:00,2024-03-12 12:00:00+00:00,2024-03-11 16:01:00+00:00,2024-03-12 16:00:00+00:00,-0.579585,-0.849753,stress,0.00034891,78.3276
2024-03-12,ACME,2024-03-12 16:00:00+00:00,2024-03-12 15:58:00+00:00,2024-03-13 12:00:00+00:00,2024-03-12 16:01:00+00:00,2024-03-13 16:00:00+00:00,-0.282739,-0.080989,stress,0.00370278,78.6177
2024-03-13,ACME,2024-03-13 16:00:00+00:00,2024-03-13 15:58:00+00:00,2024-03-14 12:00:00+00:00,2024-03-13 16:01:00+00:00,2024-03-14 16:00:00+00:00,-2.037988,-1.881523,stress,0.00568769,79.0648
2024-03-14,ACME,2024-03-14 16:00:00+00:00,2024-03-14 15:58:00+00:00,2024-03-15 12:00:00+00:00,2024-03-14 16:01:00+00:00,2024-03-15 16:00:00+00:00,-0.234027,0.301371,stress,0.00597611,79.5373
2024-03-15,ACME,2024-03-15 16:00:00+00:00,2024-03-15 15:58:00+00:00,2024-03-16 12:00:00+00:00,2024-03-15 16:01:00+00:00,2024-03-18 16:00:00+00:00,-0.056411,-0.281905,normal,-0.00664911,79.0085
2024-03-18,ACME,2024-03-18 16:00:00+00:00,2024-03-18 15:58:00+00:00,2024-03-19 12:00:00+00:00,2024-03-18 16:01:00+00:00,2024-03-19 16:00:00+00:00,-0.460862,-0.019017,stress,0.01291642,80.029
2024-03-19,ACME,2024-03-19 16:00:00+00:00,2024-03-19 15:58:00+00:00,2024-03-20 12:00:00+00:00,2024-03-19 16:01:00+00:00,2024-03-20 16:00:00+00:00,-1.491844,-1.972271,stress,-0.00993627,79.2338
2024-03-20,ACME,2024-03-20 16:00:00+00:00,2024-03-20 15:58:00+00:00,2024-03-21 12:00:00+00:00,2024-03-20 16:01:00+00:00,2024-03-21 16:00:00+00:00,-0.74299,-1.003464,normal,-0.00593332,78.7637
2024-03-21,ACME,2024-03-21 16:00:00+00:00,2024-03-21 15:58:00+00:00,2024-03-22 12:00:00+00:00,2024-03-21 16:01:00+00:00,2024-03-22 16:00:00+00:00,-0.604634,-0.816365,normal,-0.00027819,78.7417
2024-03-22,ACME,2024-03-22 16:00:00+00:00,2024-03-22 15:58:00+00:00,2024-03-23 12:00:00+00:00,2024-03-22 16:01:00+00:00,2024-03-25 16:00:00+00:00,0.102273,-0.118804,stress,-0.00739402,78.1595
2024-03-25,ACME,2024-03-25 16:00:00+00:00,2024-03-25 15:58:00+00:00,2024-03-26 12:00:00+00:00,2024-03-25 16:01:00+00:00,2024-03-26 16:00:00+00:00,-0.886854,-1.735577,stress,-0.01643879,76.8747
2024-03-26,ACME,2024-03-26 16:00:00+00:00,2024-03-26 15:58:00+00:00,2024-03-27 12:00:00+00:00,2024-03-26 16:01:00+00:00,2024-03-27 16:00:00+00:00,-1.165765,-0.754692,stress,0.00752046,77.4528
2024-03-27,ACME,2024-03-27 16:00:00+00:00,2024-03-27 15:58:00+00:00,2024-03-28 12:00:00+00:00,2024-03-27 16:01:00+00:00,2024-03-28 16:00:00+00:00,-1.665382,-2.077637,stress,-0.01097528,76.6028
2024-03-28,ACME,2024-03-28 16:00:00+00:00,2024-03-28 15:58:00+00:00,2024-03-29 12:00:00+00:00,2024-03-28 16:01:00+00:00,2024-03-29 16:00:00+00:00,-1.249178,-1.735682,stress,-0.01103536,75.7574
2024-03-29,ACME,2024-03-29 16:00:00+00:00,2024-03-29 15:58:00+00:00,2024-03-30 12:00:00+00:00,2024-03-29 16:01:00+00:00,2024-04-01 16:00:00+00:00,-0.725195,-1.049615,normal,-0.00570957,75.3249
2024-04-01,ACME,2024-04-01 16:00:00+00:00,2024-04-01 15:58:00+00:00,2024-04-02 12:00:00+00:00,2024-04-01 16:01:00+00:00,2024-04-02 16:00:00+00:00,-0.709937,-1.516862,stress,-0.01767299,73.9937
2024-04-02,ACME,2024-04-02 16:00:00+00:00,2024-04-02 15:58:00+00:00,2024-04-03 12:00:00+00:00,2024-04-02 16:01:00+00:00,2024-04-03 16:00:00+00:00,-0.494632,-0.493813,stress,-0.00054649,73.9532
2024-04-03,ACME,2024-04-03 16:00:00+00:00,2024-04-03 15:58:00+00:00,2024-04-04 12:00:00+00:00,2024-04-03 16:01:00+00:00,2024-04-04 16:00:00+00:00,-1.333678,-1.861926,stress,-0.01242083,73.0347
2024-04-04,ACME,2024-04-04 16:00:00+00:00,2024-04-04 15:58:00+00:00,2024-04-05 12:00:00+00:00,2024-04-04 16:01:00+00:00,2024-04-05 16:00:00+00:00,-1.704848,-2.133753,stress,-0.00927997,72.3569
2024-04-05,ACME,2024-04-05 16:00:00+00:00,2024-04-05 15:58:00+00:00,2024-04-06 12:00:00+00:00,2024-04-05 16:01:00+00:00,2024-04-08 16:00:00+00:00,-2.139696,-2.134995,stress,3.76e-06,72.3572
2024-04-08,ACME,2024-04-08 16:00:00+00:00,2024-04-08 15:58:00+00:00,2024-04-09 12:00:00+00:00,2024-04-08 16:01:00+00:00,2024-04-09 16:00:00+00:00,-1.660817,-1.574141,stress,-0.0018666,72.2221
2024-04-09,ACME,2024-04-09 16:00:00+00:00,2024-04-09 15:58:00+00:00,2024-04-10 12:00:00+00:00,2024-04-09 16:01:00+00:00,2024-04-10 16:00:00+00:00,-2.560604,-2.492525,stress,0.00194515,72.3626
2024-04-10,ACME,2024-04-10 16:00:00+00:00,2024-04-10 15:58:00+00:00,2024-04-11 12:00:00+00:00,2024-04-10 16:01:00+00:00,2024-04-11 16:00:00+00:00,-0.909254,-1.40944,stress,-0.01073957,71.5854
2024-04-11,ACME,2024-04-11 16:00:00+00:00,2024-04-11 15:58:00+00:00,2024-04-12 12:00:00+00:00,2024-04-11 16:01:00+00:00,2024-04-12 16:00:00+00:00,-0.618312,0.094244,stress,0.01712236,72.8112
2024-04-12,ACME,2024-04-12 16:00:00+00:00,2024-04-12 15:58:00+00:00,2024-04-13 12:00:00+00:00,2024-04-12 16:01:00+00:00,2024-04-15 16:00:00+00:00,-1.58457,-2.271471,stress,-0.01332904,71.8407
2024-04-15,ACME,2024-04-15 16:00:00+00:00,2024-04-15 15:58:00+00:00,2024-04-16 12:00:00+00:00,2024-04-15 16:01:00+00:00,2024-04-16 16:00:00+00:00,-1.922884,-1.755344,stress,-0.00024397,71.8231
2024-04-16,ACME,2024-04-16 16:00:00+00:00,2024-04-16 15:58:00+00:00,2024-04-17 12:00:00+00:00,2024-04-16 16:01:00+00:00,2024-04-17 16:00:00+00:00,-1.03901,-0.986326,stress,0.00123816,71.9121
2024-04-17,ACME,2024-04-17 16:00:00+00:00,2024-04-17 15:58:00+00:00,2024-04-18 12:00:00+00:00,2024-04-17 16:01:00+00:00,2024-04-18 16:00:00+00:00,-0.159527,-0.323823,normal,0.00078659,71.9686
2024-04-18,ACME,2024-04-18 16:00:00+00:00,2024-04-18 15:58:00+00:00,2024-04-19 12:00:00+00:00,2024-04-18 16:01:00+00:00,2024-04-19 16:00:00+00:00,0.112577,0.858002,normal,0.01572124,73.1001
2024-04-19,ACME,2024-04-19 16:00:00+00:00,2024-04-19 15:58:00+00:00,2024-04-20 12:00:00+00:00,2024-04-19 16:01:00+00:00,2024-04-22 16:00:00+00:00,0.675783,1.23524,expansion,0.00845446,73.7181
2024-04-22,ACME,2024-04-22 16:00:00+00:00,2024-04-22 15:58:00+00:00,2024-04-23 12:00:00+00:00,2024-04-22 16:01:00+00:00,2024-04-23 16:00:00+00:00,1.1466,1.153474,normal,0.00445416,74.0464
2024-04-23,ACME,2024-04-23 16:00:00+00:00,2024-04-23 15:58:00+00:00,2024-04-24 12:00:00+00:00,2024-04-23 16:01:00+00:00,2024-04-24 16:00:00+00:00,-0.435453,-0.523586,normal,-0.00697464,73.53
2024-04-24,ACME,2024-04-24 16:00:00+00:00,2024-04-24 15:58:00+00:00,2024-04-25 12:00:00+00:00,2024-04-24 16:01:00+00:00,2024-04-25 16:00:00+00:00,-0.145135,-0.170333,normal,-0.00138032,73.4285
2024-04-25,ACME,2024-04-25 16:00:00+00:00,2024-04-25 15:58:00+00:00,2024-04-26 12:00:00+00:00,2024-04-25 16:01:00+00:00,2024-04-26 16:00:00+00:00,-0.56051,-0.527321,stress,-0.00289516,73.2159
2024-04-26,ACME,2024-04-26 16:00:00+00:00,2024-04-26 15:58:00+00:00,2024-04-27 12:00:00+00:00,2024-04-26 16:01:00+00:00,2024-04-29 16:00:00+00:00,-0.000564,0.360193,stress,0.00844761,73.8344
2024-04-29,ACME,2024-04-29 16:00:00+00:00,2024-04-29 15:58:00+00:00,2024-04-30 12:00:00+00:00,2024-04-29 16:01:00+00:00,2024-04-30 16:00:00+00:00,-0.963063,-1.035958,stress,-0.00227574,73.6664
2024-04-30,ACME,2024-04-30 16:00:00+00:00,2024-04-30 15:58:00+00:00,2024-05-01 12:00:00+00:00,2024-04-30 16:01:00+00:00,2024-05-01 16:00:00+00:00,-0.793026,-0.699507,normal,0.00295278,73.8839
2024-05-01,ACME,2024-05-01 16:00:00+00:00,2024-05-01 15:58:00+00:00,2024-05-02 12:00:00+00:00,2024-05-01 16:01:00+00:00,2024-05-02 16:00:00+00:00,-0.384149,0.082373,normal,0.01408247,74.9244
2024-05-02,ACME,2024-05-02 16:00:00+00:00,2024-05-02 15:58:00+00:00,2024-05-03 12:00:00+00:00,2024-05-02 16:01:00+00:00,2024-05-03 16:00:00+00:00,-0.172954,0.327187,normal,0.0103243,75.6979
2024-05-03,ACME,2024-05-03 16:00:00+00:00,2024-05-03 15:58:00+00:00,2024-05-04 12:00:00+00:00,2024-05-03 16:01:00+00:00,2024-05-06 16:00:00+00:00,-0.487367,-0.986349,normal,-0.01116761,74.8525
2024-05-06,ACME,2024-05-06 16:00:00+00:00,2024-05-06 15:58:00+00:00,2024-05-07 12:00:00+00:00,2024-05-06 16:01:00+00:00,2024-05-07 16:00:00+00:00,0.226541,0.220485,expansion,0.00084962,74.9161
2024-05-07,ACME,2024-05-07 16:00:00+00:00,2024-05-07 15:58:00+00:00,2024-05-08 12:00:00+00:00,2024-05-07 16:01:00+00:00,2024-05-08 16:00:00+00:00,1.120201,0.347106,normal,-0.01454588,73.8264
2024-05-08,ACME,2024-05-08 16:00:00+00:00,2024-05-08 15:58:00+00:00,2024-05-09 12:00:00+00:00,2024-05-08 16:01:00+00:00,2024-05-09 16:00:00+00:00,0.325964,0.604644,normal,0.00776225,74.3995
2024-05-09,ACME,2024-05-09 16:00:00+00:00,2024-05-09 15:58:00+00:00,2024-05-10 12:00:00+00:00,2024-05-09 16:01:00+00:00,2024-05-10 16:00:00+00:00,2.996212,3.515198,expansion,0.01102363,75.2196
2024-05-10,ACME,2024-05-10 16:00:00+00:00,2024-05-10 15:58:00+00:00,2024-05-11 12:00:00+00:00,2024-05-10 16:01:00+00:00,2024-05-13 16:00:00+00:00,2.478281,2.653691,expansion,0.0004433,75.253
2024-05-13,ACME,2024-05-13 16:00:00+00:00,2024-05-13 15:58:00+00:00,2024-05-14 12:00:00+00:00,2024-05-13 16:01:00+00:00,2024-05-14 16:00:00+00:00,1.277182,2.619729,expansion,0.02795984,77.357
2024-05-14,ACME,2024-05-14 16:00:00+00:00,2024-05-14 15:58:00+00:00,2024-05-15 12:00:00+00:00,2024-05-14 16:01:00+00:00,2024-05-15 16:00:00+00:00,2.17015,2.282202,expansion,0.00232017,77.5365
2024-05-15,ACME,2024-05-15 16:00:00+00:00,2024-05-15 15:58:00+00:00,2024-05-16 12:00:00+00:00,2024-05-15 16:01:00+00:00,2024-05-16 16:00:00+00:00,1.736344,1.836506,expansion,0.00361848,77.8171
2024-05-16,ACME,2024-05-16 16:00:00+00:00,2024-05-16 15:58:00+00:00,2024-05-17 12:00:00+00:00,2024-05-16 16:01:00+00:00,2024-05-17 16:00:00+00:00,1.646791,1.756407,expansion,0.00183834,77.9601
2024-05-17,ACME,2024-05-17 16:00:00+00:00,2024-05-17 15:58:00+00:00,2024-05-18 12:00:00+00:00,2024-05-17 16:01:00+00:00,2024-05-20 16:00:00+00:00,2.406261,3.233917,expansion,0.01853346,79.405
2024-05-20,ACME,2024-05-20 16:00:00+00:00,2024-05-20 15:58:00+00:00,2024-05-21 12:00:00+00:00,2024-05-20 16:01:00+00:00,2024-05-21 16:00:00+00:00,0.897259,0.896318,expansion,0.00445192,79.7585
2024-05-21,ACME,2024-05-21 16:00:00+00:00,2024-05-21 15:58:00+00:00,2024-05-22 12:00:00+00:00,2024-05-21 16:01:00+00:00,2024-05-22 16:00:00+00:00,1.643952,1.672917,expansion,0.00038628,79.7893
2024-05-22,ACME,2024-05-22 16:00:00+00:00,2024-05-22 15:58:00+00:00,2024-05-23 12:00:00+00:00,2024-05-22 16:01:00+00:00,2024-05-23 16:00:00+00:00,0.829265,1.574287,expansion,0.01124955,80.6869
2024-05-23,ACME,2024-05-23 16:00:00+00:00,2024-05-23 15:58:00+00:00,2024-05-24 12:00:00+00:00,2024-05-23 16:01:00+00:00,2024-05-24 16:00:00+00:00,1.276599,1.232926,expansion,-0.00221199,80.5084
2024-05-24,ACME,2024-05-24 16:00:00+00:00,2024-05-24 15:58:00+00:00,2024-05-25 12:00:00+00:00,2024-05-24 16:01:00+00:00,2024-05-27 16:00:00+00:00,1.665421,1.545148,expansion,-0.00325182,80.2466
2024-05-27,ACME,2024-05-27 16:00:00+00:00,2024-05-27 15:58:00+00:00,2024-05-28 12:00:00+00:00,2024-05-27 16:01:00+00:00,2024-05-28 16:00:00+00:00,2.056697,2.037934,expansion,0.00340702,80.52
2024-05-28,ACME,2024-05-28 16:00:00+00:00,2024-05-28 15:58:00+00:00,2024-05-29 12:00:00+00:00,2024-05-28 16:01:00+00:00,2024-05-29 16:00:00+00:00,2.645193,2.643852,expansion,-0.00040718,80.4872
2024-05-29,ACME,2024-05-29 16:00:00+00:00,2024-05-29 15:58:00+00:00,2024-05-30 12:00:00+00:00,2024-05-29 16:01:00+00:00,2024-05-30 16:00:00+00:00,1.617147,2.159458,expansion,0.01274535,81.5131
2024-05-30,ACME,2024-05-30 16:00:00+00:00,2024-05-30 15:58:00+00:00,2024-05-31 12:00:00+00:00,2024-05-30 16:01:00+00:00,2024-05-31 16:00:00+00:00,1.210042,1.395952,expansion,0.00227845,81.6988
2024-05-31,ACME,2024-05-31 16:00:00+00:00,2024-05-31 15:58:00+00:00,2024-06-01 12:00:00+00:00,2024-05-31 16:01:00+00:00,2024-06-03 16:00:00+00:00,1.733928,0.988709,expansion,-0.01725646,80.289
2024-06-03,ACME,2024-06-03 16:00:00+00:00,2024-06-03 15:58:00+00:00,2024-06-04 12:00:00+00:00,2024-06-03 16:01:00+00:00,2024-06-04 16:00:00+00:00,1.338411,1.480867,expansion,0.00588932,80.7618
2024-06-04,ACME,2024-06-04 16:00:00+00:00,2024-06-04 15:58:00+00:00,2024-06-05 12:00:00+00:00,2024-06-04 16:01:00+00:00,2024-06-05 16:00:00+00:00,2.446881,2.13901,expansion,-0.00546231,80.3207
2024-06-05,ACME,2024-06-05 16:00:00+00:00,2024-06-05 15:58:00+00:00,2024-06-06 12:00:00+00:00,2024-06-05 16:01:00+00:00,2024-06-06 16:00:00+00:00,1.986654,1.952475,expansion,0.00225868,80.5021
2024-06-06,ACME,2024-06-06 16:00:00+00:00,2024-06-06 15:58:00+00:00,2024-06-07 12:00:00+00:00,2024-06-06 16:01:00+00:00,2024-06-07 16:00:00+00:00,2.512634,3.193397,expansion,0.00959953,81.2749
2024-06-07,ACME,2024-06-07 16:00:00+00:00,2024-06-07 15:58:00+00:00,2024-06-08 12:00:00+00:00,2024-06-07 16:01:00+00:00,2024-06-10 16:00:00+00:00,1.227471,1.771214,expansion,0.01008928,82.0949
2024-06-10,ACME,2024-06-10 16:00:00+00:00,2024-06-10 15:58:00+00:00,2024-06-11 12:00:00+00:00,2024-06-10 16:01:00+00:00,2024-06-11 16:00:00+00:00,0.387365,0.496775,expansion,0.00545588,82.5428
2024-06-11,ACME,2024-06-11 16:00:00+00:00,2024-06-11 15:58:00+00:00,2024-06-12 12:00:00+00:00,2024-06-11 16:01:00+00:00,2024-06-12 16:00:00+00:00,1.283306,0.541786,expansion,-0.01618719,81.2066
2024-06-12,ACME,2024-06-12 16:00:00+00:00,2024-06-12 15:58:00+00:00,2024-06-13 12:00:00+00:00,2024-06-12 16:01:00+00:00,2024-06-13 16:00:00+00:00,1.199694,0.951308,normal,-0.0093547,80.447
2024-06-13,ACME,2024-06-13 16:00:00+00:00,2024-06-13 15:58:00+00:00,2024-06-14 12:00:00+00:00,2024-06-13 16:01:00+00:00,2024-06-14 16:00:00+00:00,1.365483,1.596723,normal,0.00578136,80.9121
2024-06-14,ACME,2024-06-14 16:00:00+00:00,2024-06-14 15:58:00+00:00,2024-06-15 12:00:00+00:00,2024-06-14 16:01:00+00:00,2024-06-17 16:00:00+00:00,0.484763,0.229226,normal,-0.00551077,80.4662
2024-06-17,ACME,2024-06-17 16:00:00+00:00,2024-06-17 15:58:00+00:00,2024-06-18 12:00:00+00:00,2024-06-17 16:01:00+00:00,2024-06-18 16:00:00+00:00,0.868429,1.280229,normal,0.0089503,81.1864
2024-06-18,ACME,2024-06-18 16:00:00+00:00,2024-06-18 15:58:00+00:00,2024-06-19 12:00:00+00:00,2024-06-18 16:01:00+00:00,2024-06-19 16:00:00+00:00,1.371826,1.407891,expansion,-2.9e-07,81.1864
2024-06-19,ACME,2024-06-19 16:00:00+00:00,2024-06-19 15:58:00+00:00,2024-06-20 12:00:00+00:00,2024-06-19 16:01:00+00:00,2024-06-20 16:00:00+00:00,3.116453,3.449759,expansion,0.01022586,82.0166
2024-06-20,ACME,2024-06-20 16:00:00+00:00,2024-06-20 15:58:00+00:00,2024-06-21 12:00:00+00:00,2024-06-20 16:01:00+00:00,2024-06-21 16:00:00+00:00,1.461568,1.079878,expansion,-0.00786149,81.3718
2024-06-21,ACME,2024-06-21 16:00:00+00:00,2024-06-21 15:58:00+00:00,2024-06-22 12:00:00+00:00,2024-06-21 16:01:00+00:00,2024-06-24 16:00:00+00:00,1.514943,1.384972,expansion,-0.00426828,81.0245
2024-06-24,ACME,2024-06-24 16:00:00+00:00,2024-06-24 15:58:00+00:00,2024-06-25 12:00:00+00:00,2024-06-24 16:01:00+00:00,2024-06-25 16:00:00+00:00,1.232932,0.916664,expansion,-0.00684172,80.4701
2024-06-25,ACME,2024-06-25 16:00:00+00:00,2024-06-25 15:58:00+00:00,2024-06-26 12:00:00+00:00,2024-06-25 16:01:00+00:00,2024-06-26 16:00:00+00:00,2.242985,2.919711,expansion,0.01345787,81.5531
2024-06-26,ACME,2024-06-26 16:00:00+00:00,2024-06-26 15:58:00+00:00,2024-06-27 12:00:00+00:00,2024-06-26 16:01:00+00:00,2024-06-27 16:00:00+00:00,3.143542,3.444267,expansion,0.00931307,82.3126
2024-06-27,ACME,2024-06-27 16:00:00+00:00,2024-06-27 15:58:00+00:00,2024-06-28 12:00:00+00:00,2024-06-27 16:01:00+00:00,2024-06-28 16:00:00+00:00,2.078706,2.662275,expansion,0.01318623,83.398
2024-06-28,ACME,2024-06-28 16:00:00+00:00,2024-06-28 15:58:00+00:00,2024-06-29 12:00:00+00:00,2024-06-28 16:01:00+00:00,2024-07-01 16:00:00+00:00,1.767209,0.810609,expansion,-0.0167408,82.0018
2024-07-01,ACME,2024-07-01 16:00:00+00:00,2024-07-01 15:58:00+00:00,2024-07-02 12:00:00+00:00,2024-07-01 16:01:00+00:00,2024-07-02 16:00:00+00:00,1.093515,1.607818,expansion,0.00762881,82.6274
2024-07-02,ACME,2024-07-02 16:00:00+00:00,2024-07-02 15:58:00+00:00,2024-07-03 12:00:00+00:00,2024-07-02 16:01:00+00:00,2024-07-03 16:00:00+00:00,1.554666,1.361887,expansion,0.00239813,82.8256
2024-07-03,ACME,2024-07-03 16:00:00+00:00,2024-07-03 15:58:00+00:00,2024-07-04 12:00:00+00:00,2024-07-03 16:01:00+00:00,2024-07-04 16:00:00+00:00,2.260036,1.759301,expansion,-0.0089327,82.0857
2024-07-04,ACME,2024-07-04 16:00:00+00:00,2024-07-04 15:58:00+00:00,2024-07-05 12:00:00+00:00,2024-07-04 16:01:00+00:00,2024-07-05 16:00:00+00:00,0.677517,1.364502,expansion,0.00985284,82.8945
2024-07-05,ACME,2024-07-05 16:00:00+00:00,2024-07-05 15:58:00+00:00,2024-07-06 12:00:00+00:00,2024-07-05 16:01:00+00:00,2024-07-08 16:00:00+00:00,1.515537,2.396656,expansion,0.01790628,84.3788
2024-07-08,ACME,2024-07-08 16:00:00+00:00,2024-07-08 15:58:00+00:00,2024-07-09 12:00:00+00:00,2024-07-08 16:01:00+00:00,2024-07-09 16:00:00+00:00,0.902955,0.973758,expansion,-0.00476122,83.9771
2024-07-09,ACME,2024-07-09 16:00:00+00:00,2024-07-09 15:58:00+00:00,2024-07-10 12:00:00+00:00,2024-07-09 16:01:00+00:00,2024-07-10 16:00:00+00:00,1.852511,1.394111,expansion,-0.00609096,83.4656
2024-07-10,ACME,2024-07-10 16:00:00+00:00,2024-07-10 15:58:00+00:00,2024-07-11 12:00:00+00:00,2024-07-10 16:01:00+00:00,2024-07-11 16:00:00+00:00,1.738032,1.29812,expansion,-0.00907227,82.7083
2024-07-11,ACME,2024-07-11 16:00:00+00:00,2024-07-11 15:58:00+00:00,2024-07-12 12:00:00+00:00,2024-07-11 16:01:00+00:00,2024-07-12 16:00:00+00:00,1.115925,0.907584,expansion,-0.00336291,82.4302
2024-07-12,ACME,2024-07-12 16:00:00+00:00,2024-07-12 15:58:00+00:00,2024-07-13 12:00:00+00:00,2024-07-12 16:01:00+00:00,2024-07-15 16:00:00+00:00,0.94508,1.557321,expansion,0.01326477,83.5236
2024-07-15,ACME,2024-07-15 16:00:00+00:00,2024-07-15 15:58:00+00:00,2024-07-16 12:00:00+00:00,2024-07-15 16:01:00+00:00,2024-07-16 16:00:00+00:00,0.784707,1.156249,expansion,0.00725033,84.1292
2024-07-16,ACME,2024-07-16 16:00:00+00:00,2024-07-16 15:58:00+00:00,2024-07-17 12:00:00+00:00,2024-07-16 16:01:00+00:00,2024-07-17 16:00:00+00:00,0.185772,0.730723,normal,0.00589076,84.6248
2024-07-17,ACME,2024-07-17 16:00:00+00:00,2024-07-17 15:58:00+00:00,2024-07-18 12:00:00+00:00,2024-07-17 16:01:00+00:00,2024-07-18 16:00:00+00:00,2.063542,1.943726,expansion,-0.00691115,84.0399
2024-07-18,ACME,2024-07-18 16:00:00+00:00,2024-07-18 15:58:00+00:00,2024-07-19 12:00:00+00:00,2024-07-18 16:01:00+00:00,2024-07-19 16:00:00+00:00,2.179201,1.944304,expansion,-0.00260802,83.8208
2024-07-19,ACME,2024-07-19 16:00:00+00:00,2024-07-19 15:58:00+00:00,2024-07-20 12:00:00+00:00,2024-07-19 16:01:00+00:00,2024-07-22 16:00:00+00:00,0.419283,1.472617,expansion,0.02424283,85.8528
2024-07-22,ACME,2024-07-22 16:00:00+00:00,2024-07-22 15:58:00+00:00,2024-07-23 12:00:00+00:00,2024-07-22 16:01:00+00:00,2024-07-23 16:00:00+00:00,1.357903,1.133821,expansion,-0.00932691,85.0521
2024-07-23,ACME,2024-07-23 16:00:00+00:00,2024-07-23 15:58:00+00:00,2024-07-24 12:00:00+00:00,2024-07-23 16:01:00+00:00,2024-07-24 16:00:00+00:00,1.232135,1.244543,expansion,0.00210175,85.2308
2024-07-24,ACME,2024-07-24 16:00:00+00:00,2024-07-24 15:58:00+00:00,2024-07-25 12:00:00+00:00,2024-07-24 16:01:00+00:00,2024-07-25 16:00:00+00:00,2.393954,2.123037,expansion,-0.00795695,84.5526
2024-07-25,ACME,2024-07-25 16:00:00+00:00,2024-07-25 15:58:00+00:00,2024-07-26 12:00:00+00:00,2024-07-25 16:01:00+00:00,2024-07-26 16:00:00+00:00,2.890897,2.903625,expansion,0.00308407,84.8134
2024-07-26,ACME,2024-07-26 16:00:00+00:00,2024-07-26 15:58:00+00:00,2024-07-27 12:00:00+00:00,2024-07-26 16:01:00+00:00,2024-07-29 16:00:00+00:00,2.601586,3.211085,expansion,0.01344913,85.9541
2024-07-29,ACME,2024-07-29 16:00:00+00:00,2024-07-29 15:58:00+00:00,2024-07-30 12:00:00+00:00,2024-07-29 16:01:00+00:00,2024-07-30 16:00:00+00:00,2.331309,2.392402,expansion,0.00034227,85.9835
2024-07-30,ACME,2024-07-30 16:00:00+00:00,2024-07-30 15:58:00+00:00,2024-07-31 12:00:00+00:00,2024-07-30 16:01:00+00:00,2024-07-31 16:00:00+00:00,2.465562,3.183473,expansion,0.01423238,87.2072
2024-07-31,ACME,2024-07-31 16:00:00+00:00,2024-07-31 15:58:00+00:00,2024-08-01 12:00:00+00:00,2024-07-31 16:01:00+00:00,2024-08-01 16:00:00+00:00,1.954332,1.976153,expansion,0.00287941,87.4584
2024-08-01,ACME,2024-08-01 16:00:00+00:00,2024-08-01 15:58:00+00:00,2024-08-02 12:00:00+00:00,2024-08-01 16:01:00+00:00,2024-08-02 16:00:00+00:00,2.60049,2.351897,expansion,-0.00443741,87.0703
2024-08-02,ACME,2024-08-02 16:00:00+00:00,2024-08-02 15:58:00+00:00,2024-08-03 12:00:00+00:00,2024-08-02 16:01:00+00:00,2024-08-05 16:00:00+00:00,1.772305,1.639594,expansion,-0.00317115,86.7942
2024-08-05,ACME,2024-08-05 16:00:00+00:00,2024-08-05 15:58:00+00:00,2024-08-06 12:00:00+00:00,2024-08-05 16:01:00+00:00,2024-08-06 16:00:00+00:00,0.940081,0.796745,expansion,-0.00679588,86.2043
2024-08-06,ACME,2024-08-06 16:00:00+00:00,2024-08-06 15:58:00+00:00,2024-08-07 12:00:00+00:00,2024-08-06 16:01:00+00:00,2024-08-07 16:00:00+00:00,0.798818,0.312738,expansion,-0.00842606,85.4779
2024-08-07,ACME,2024-08-07 16:00:00+00:00,2024-08-07 15:58:00+00:00,2024-08-08 12:00:00+00:00,2024-08-07 16:01:00+00:00,2024-08-08 16:00:00+00:00,1.562132,2.097716,expansion,0.01350074,86.632
2024-08-08,ACME,2024-08-08 16:00:00+00:00,2024-08-08 15:58:00+00:00,2024-08-09 12:00:00+00:00,2024-08-08 16:01:00+00:00,2024-08-09 16:00:00+00:00,2.235809,2.056326,expansion,-0.00382411,86.3007
2024-08-09,ACME,2024-08-09 16:00:00+00:00,2024-08-09 15:58:00+00:00,2024-08-10 12:00:00+00:00,2024-08-09 16:01:00+00:00,2024-08-12 16:00:00+00:00,1.461606,1.41238,expansion,0.00250855,86.5172
2024-08-12,ACME,2024-08-12 16:00:00+00:00,2024-08-12 15:58:00+00:00,2024-08-13 12:00:00+00:00,2024-08-12 16:01:00+00:00,2024-08-13 16:00:00+00:00,2.330423,2.034204,expansion,-0.00759721,85.8599
2024-08-13,ACME,2024-08-13 16:00:00+00:00,2024-08-13 15:58:00+00:00,2024-08-14 12:00:00+00:00,2024-08-13 16:01:00+00:00,2024-08-14 16:00:00+00:00,1.382231,0.961952,expansion,-0.00730725,85.2325
2024-08-14,ACME,2024-08-14 16:00:00+00:00,2024-08-14 15:58:00+00:00,2024-08-15 12:00:00+00:00,2024-08-14 16:01:00+00:00,2024-08-15 16:00:00+00:00,1.327128,1.533897,expansion,0.00652916,85.789
2024-08-15,ACME,2024-08-15 16:00:00+00:00,2024-08-15 15:58:00+00:00,2024-08-16 12:00:00+00:00,2024-08-15 16:01:00+00:00,2024-08-16 16:00:00+00:00,1.761562,2.00248,expansion,0.00286256,86.0345
2024-08-16,ACME,2024-08-16 16:00:00+00:00,2024-08-16 15:58:00+00:00,2024-08-17 12:00:00+00:00,2024-08-16 16:01:00+00:00,2024-08-19 16:00:00+00:00,1.314533,0.430939,expansion,-0.0168008,84.5891
2024-08-19,ACME,2024-08-19 16:00:00+00:00,2024-08-19 15:58:00+00:00,2024-08-20 12:00:00+00:00,2024-08-19 16:01:00+00:00,2024-08-20 16:00:00+00:00,1.785986,2.575035,expansion,0.02142342,86.4013
2024-08-20,ACME,2024-08-20 16:00:00+00:00,2024-08-20 15:58:00+00:00,2024-08-21 12:00:00+00:00,2024-08-20 16:01:00+00:00,2024-08-21 16:00:00+00:00,1.193446,1.052506,expansion,-0.0017012,86.2543
2024-08-21,ACME,2024-08-21 16:00:00+00:00,2024-08-21 15:58:00+00:00,2024-08-22 12:00:00+00:00,2024-08-21 16:01:00+00:00,2024-08-22 16:00:00+00:00,1.948546,1.406404,expansion,-0.01309904,85.1244
2024-08-22,ACME,2024-08-22 16:00:00+00:00,2024-08-22 15:58:00+00:00,2024-08-23 12:00:00+00:00,2024-08-22 16:01:00+00:00,2024-08-23 16:00:00+00:00,1.623456,1.99572,expansion,0.01052243,86.0202
2024-08-23,ACME,2024-08-23 16:00:00+00:00,2024-08-23 15:58:00+00:00,2024-08-24 12:00:00+00:00,2024-08-23 16:01:00+00:00,2024-08-26 16:00:00+00:00,0.76813,1.472486,normal,0.01279696,87.121
2024-08-26,ACME,2024-08-26 16:00:00+00:00,2024-08-26 15:58:00+00:00,2024-08-27 12:00:00+00:00,2024-08-26 16:01:00+00:00,2024-08-27 16:00:00+00:00,0.501818,0.00983,expansion,-0.01148552,86.1203
2024-08-27,ACME,2024-08-27 16:00:00+00:00,2024-08-27 15:58:00+00:00,2024-08-28 12:00:00+00:00,2024-08-27 16:01:00+00:00,2024-08-28 16:00:00+00:00,-0.246355,-1.087563,normal,-0.01755721,84.6083
2024-08-28,ACME,2024-08-28 16:00:00+00:00,2024-08-28 15:58:00+00:00,2024-08-29 12:00:00+00:00,2024-08-28 16:01:00+00:00,2024-08-29 16:00:00+00:00,1.816212,1.93121,expansion,0.00560944,85.0829
2024-08-29,ACME,2024-08-29 16:00:00+00:00,2024-08-29 15:58:00+00:00,2024-08-30 12:00:00+00:00,2024-08-29 16:01:00+00:00,2024-08-30 16:00:00+00:00,0.957008,1.077095,normal,0.00715375,85.6916
2024-08-30,ACME,2024-08-30 16:00:00+00:00,2024-08-30 15:58:00+00:00,2024-08-31 12:00:00+00:00,2024-08-30 16:01:00+00:00,2024-09-02 16:00:00+00:00,1.007357,0.709102,expansion,-0.00627016,85.1543
2024-09-02,ACME,2024-09-02 16:00:00+00:00,2024-09-02 15:58:00+00:00,2024-09-03 12:00:00+00:00,2024-09-02 16:01:00+00:00,2024-09-03 16:00:00+00:00,2.005493,1.21436,expansion,-0.01411558,83.9523
2024-09-03,ACME,2024-09-03 16:00:00+00:00,2024-09-03 15:58:00+00:00,2024-09-04 12:00:00+00:00,2024-09-03 16:01:00+00:00,2024-09-04 16:00:00+00:00,0.259041,0.184249,normal,0.00233425,84.1482
2024-09-04,ACME,2024-09-04 16:00:00+00:00,2024-09-04 15:58:00+00:00,2024-09-05 12:00:00+00:00,2024-09-04 16:01:00+00:00,2024-09-05 16:00:00+00:00,0.268045,-0.219215,normal,-0.00925961,83.369
2024-09-05,ACME,2024-09-05 16:00:00+00:00,2024-09-05 15:58:00+00:00,2024-09-06 12:00:00+00:00,2024-09-05 16:01:00+00:00,2024-09-06 16:00:00+00:00,0.9084,0.989527,normal,0.00206084,83.5409
2024-09-06,ACME,2024-09-06 16:00:00+00:00,2024-09-06 15:58:00+00:00,2024-09-07 12:00:00+00:00,2024-09-06 16:01:00+00:00,2024-09-09 16:00:00+00:00,2.933134,1.638621,expansion,-0.02660869,81.3179
2024-09-09,ACME,2024-09-09 16:00:00+00:00,2024-09-09 15:58:00+00:00,2024-09-10 12:00:00+00:00,2024-09-09 16:01:00+00:00,2024-09-10 16:00:00+00:00,1.308972,0.961087,expansion,-0.00516266,80.8981
2024-09-10,ACME,2024-09-10 16:00:00+00:00,2024-09-10 15:58:00+00:00,2024-09-11 12:00:00+00:00,2024-09-10 16:01:00+00:00,2024-09-11 16:00:00+00:00,1.349889,2.305067,expansion,0.02049408,82.5561
2024-09-11,ACME,2024-09-11 16:00:00+00:00,2024-09-11 15:58:00+00:00,2024-09-12 12:00:00+00:00,2024-09-11 16:01:00+00:00,2024-09-12 16:00:00+00:00,2.076714,1.781267,expansion,-0.00490179,82.1514
2024-09-12,ACME,2024-09-12 16:00:00+00:00,2024-09-12 15:58:00+00:00,2024-09-13 12:00:00+00:00,2024-09-12 16:01:00+00:00,2024-09-13 16:00:00+00:00,0.620871,0.686866,expansion,0.00279795,82.3812
2024-09-13,ACME,2024-09-13 16:00:00+00:00,2024-09-13 15:58:00+00:00,2024-09-14 12:00:00+00:00,2024-09-13 16:01:00+00:00,2024-09-16 16:00:00+00:00,1.41478,1.242101,expansion,-0.0054203,81.9347
2024-09-16,ACME,2024-09-16 16:00:00+00:00,2024-09-16 15:58:00+00:00,2024-09-17 12:00:00+00:00,2024-09-16 16:01:00+00:00,2024-09-17 16:00:00+00:00,0.053021,-0.49184,normal,-0.01095566,81.0371
2024-09-17,ACME,2024-09-17 16:00:00+00:00,2024-09-17 15:58:00+00:00,2024-09-18 12:00:00+00:00,2024-09-17 16:01:00+00:00,2024-09-18 16:00:00+00:00,0.514569,0.500499,normal,0.00530028,81.4666
2024-09-18,ACME,2024-09-18 16:00:00+00:00,2024-09-18 15:58:00+00:00,2024-09-19 12:00:00+00:00,2024-09-18 16:01:00+00:00,2024-09-19 16:00:00+00:00,0.722872,0.716725,expansion,-0.00197428,81.3057
2024-09-19,ACME,2024-09-19 16:00:00+00:00,2024-09-19 15:58:00+00:00,2024-09-20 12:00:00+00:00,2024-09-19 16:01:00+00:00,2024-09-20 16:00:00+00:00,-0.033198,0.234341,normal,0.00785211,81.9442
2024-09-20,ACME,2024-09-20 16:00:00+00:00,2024-09-20 15:58:00+00:00,2024-09-21 12:00:00+00:00,2024-09-20 16:01:00+00:00,2024-09-23 16:00:00+00:00,0.716089,1.261724,normal,0.01255488,82.973
2024-09-23,ACME,2024-09-23 16:00:00+00:00,2024-09-23 15:58:00+00:00,2024-09-24 12:00:00+00:00,2024-09-23 16:01:00+00:00,2024-09-24 16:00:00+00:00,0.250651,-0.642302,expansion,-0.02129196,81.2063
2024-09-24,ACME,2024-09-24 16:00:00+00:00,2024-09-24 15:58:00+00:00,2024-09-25 12:00:00+00:00,2024-09-24 16:01:00+00:00,2024-09-25 16:00:00+00:00,0.748213,0.993212,expansion,0.0091358,81.9482
2024-09-25,ACME,2024-09-25 16:00:00+00:00,2024-09-25 15:58:00+00:00,2024-09-26 12:00:00+00:00,2024-09-25 16:01:00+00:00,2024-09-26 16:00:00+00:00,0.792518,1.236658,expansion,0.00748031,82.5612
2024-09-26,ACME,2024-09-26 16:00:00+00:00,2024-09-26 15:58:00+00:00,2024-09-27 12:00:00+00:00,2024-09-26 16:01:00+00:00,2024-09-27 16:00:00+00:00,2.171288,2.285363,expansion,0.00288748,82.7996
2024-09-27,ACME,2024-09-27 16:00:00+00:00,2024-09-27 15:58:00+00:00,2024-09-28 12:00:00+00:00,2024-09-27 16:01:00+00:00,2024-09-30 16:00:00+00:00,1.717635,2.467892,expansion,0.01360407,83.926
2024-09-30,ACME,2024-09-30 16:00:00+00:00,2024-09-30 15:58:00+00:00,2024-10-01 12:00:00+00:00,2024-09-30 16:01:00+00:00,2024-10-01 16:00:00+00:00,2.452545,2.464247,expansion,-0.00180601,83.7744
2024-10-01,ACME,2024-10-01 16:00:00+00:00,2024-10-01 15:58:00+00:00,2024-10-02 12:00:00+00:00,2024-10-01 16:01:00+00:00,2024-10-02 16:00:00+00:00,1.947177,2.175457,expansion,-0.00235018,83.5775
2024-10-02,ACME,2024-10-02 16:00:00+00:00,2024-10-02 15:58:00+00:00,2024-10-03 12:00:00+00:00,2024-10-02 16:01:00+00:00,2024-10-03 16:00:00+00:00,2.484394,2.680638,expansion,0.0030483,83.8323
2024-10-03,ACME,2024-10-03 16:00:00+00:00,2024-10-03 15:58:00+00:00,2024-10-04 12:00:00+00:00,2024-10-03 16:01:00+00:00,2024-10-04 16:00:00+00:00,1.576664,1.284522,expansion,-0.00208736,83.6573
2024-10-04,ACME,2024-10-04 16:00:00+00:00,2024-10-04 15:58:00+00:00,2024-10-05 12:00:00+00:00,2024-10-04 16:01:00+00:00,2024-10-07 16:00:00+00:00,2.950642,3.250993,expansion,0.00936326,84.4406
2024-10-07,ACME,2024-10-07 16:00:00+00:00,2024-10-07 15:58:00+00:00,2024-10-08 12:00:00+00:00,2024-10-07 16:01:00+00:00,2024-10-08 16:00:00+00:00,1.897556,1.706905,expansion,-0.00608228,83.927
2024-10-08,ACME,2024-10-08 16:00:00+00:00,2024-10-08 15:58:00+00:00,2024-10-09 12:00:00+00:00,2024-10-08 16:01:00+00:00,2024-10-09 16:00:00+00:00,1.594135,1.982258,expansion,0.01150892,84.8929
2024-10-09,ACME,2024-10-09 16:00:00+00:00,2024-10-09 15:58:00+00:00,2024-10-10 12:00:00+00:00,2024-10-09 16:01:00+00:00,2024-10-10 16:00:00+00:00,2.160587,1.585846,expansion,-0.01218207,83.8588
2024-10-10,ACME,2024-10-10 16:00:00+00:00,2024-10-10 15:58:00+00:00,2024-10-11 12:00:00+00:00,2024-10-10 16:01:00+00:00,2024-10-11 16:00:00+00:00,1.880212,2.015987,expansion,0.00468877,84.252
2024-10-11,ACME,2024-10-11 16:00:00+00:00,2024-10-11 15:58:00+00:00,2024-10-12 12:00:00+00:00,2024-10-11 16:01:00+00:00,2024-10-14 16:00:00+00:00,2.481101,2.428687,expansion,0.00206196,84.4257
2024-10-14,ACME,2024-10-14 16:00:00+00:00,2024-10-14 15:58:00+00:00,2024-10-15 12:00:00+00:00,2024-10-14 16:01:00+00:00,2024-10-15 16:00:00+00:00,1.246503,2.156584,expansion,0.02740926,86.7397
2024-10-15,ACME,2024-10-15 16:00:00+00:00,2024-10-15 15:58:00+00:00,2024-10-16 12:00:00+00:00,2024-10-15 16:01:00+00:00,2024-10-16 16:00:00+00:00,0.58215,0.472091,normal,0.0001203,86.7502
2024-10-16,ACME,2024-10-16 16:00:00+00:00,2024-10-16 15:58:00+00:00,2024-10-17 12:00:00+00:00,2024-10-16 16:01:00+00:00,2024-10-17 16:00:00+00:00,1.273681,1.038204,normal,-0.00083709,86.6776
2024-10-17,ACME,2024-10-17 16:00:00+00:00,2024-10-17 15:58:00+00:00,2024-10-18 12:00:00+00:00,2024-10-17 16:01:00+00:00,2024-10-18 16:00:00+00:00,0.051042,-0.915344,normal,-0.02230408,84.7443
2024-10-18,ACME,2024-10-18 16:00:00+00:00,2024-10-18 15:58:00+00:00,2024-10-19 12:00:00+00:00,2024-10-18 16:01:00+00:00,2024-10-21 16:00:00+00:00,0.668536,0.541625,normal,-0.00043242,84.7076
2024-10-21,ACME,2024-10-21 16:00:00+00:00,2024-10-21 15:58:00+00:00,2024-10-22 12:00:00+00:00,2024-10-21 16:01:00+00:00,2024-10-22 16:00:00+00:00,-0.247267,0.40114,normal,0.00962829,85.5232
2024-10-22,ACME,2024-10-22 16:00:00+00:00,2024-10-22 15:58:00+00:00,2024-10-23 12:00:00+00:00,2024-10-22 16:01:00+00:00,2024-10-23 16:00:00+00:00,-1.080703,-1.645771,stress,-0.01346365,84.3718
2024-10-23,ACME,2024-10-23 16:00:00+00:00,2024-10-23 15:58:00+00:00,2024-10-24 12:00:00+00:00,2024-10-23 16:01:00+00:00,2024-10-24 16:00:00+00:00,-0.69798,-0.706153,normal,0.00185345,84.5282
2024-10-24,ACME,2024-10-24 16:00:00+00:00,2024-10-24 15:58:00+00:00,2024-10-25 12:00:00+00:00,2024-10-24 16:01:00+00:00,2024-10-25 16:00:00+00:00,-0.615043,-0.177975,stress,0.0134172,85.6623
2024-10-25,ACME,2024-10-25 16:00:00+00:00,2024-10-25 15:58:00+00:00,2024-10-26 12:00:00+00:00,2024-10-25 16:01:00+00:00,2024-10-28 16:00:00+00:00,0.642073,1.068753,normal,0.00690138,86.2535
2024-10-28,ACME,2024-10-28 16:00:00+00:00,2024-10-28 15:58:00+00:00,2024-10-29 12:00:00+00:00,2024-10-28 16:01:00+00:00,2024-10-29 16:00:00+00:00,0.601236,0.608374,normal,-0.00572636,85.7596
2024-10-29,ACME,2024-10-29 16:00:00+00:00,2024-10-29 15:58:00+00:00,2024-10-30 12:00:00+00:00,2024-10-29 16:01:00+00:00,2024-10-30 16:00:00+00:00,-0.573801,-1.219211,normal,-0.0138007,84.576
2024-10-30,ACME,2024-10-30 16:00:00+00:00,2024-10-30 15:58:00+00:00,2024-10-31 12:00:00+00:00,2024-10-30 16:01:00+00:00,2024-10-31 16:00:00+00:00,-0.94943,-1.072509,normal,-0.00244079,84.3696
2024-10-31,ACME,2024-10-31 16:00:00+00:00,2024-10-31 15:58:00+00:00,2024-11-01 12:00:00+00:00,2024-10-31 16:01:00+00:00,2024-11-01 16:00:00+00:00,-0.906298,-0.911055,stress,0.00030057,84.3949
2024-11-01,ACME,2024-11-01 16:00:00+00:00,2024-11-01 15:58:00+00:00,2024-11-02 12:00:00+00:00,2024-11-01 16:01:00+00:00,2024-11-04 16:00:00+00:00,-0.930876,-1.183191,normal,-0.01040061,83.5172
2024-11-04,ACME,2024-11-04 16:00:00+00:00,2024-11-04 15:58:00+00:00,2024-11-05 12:00:00+00:00,2024-11-04 16:01:00+00:00,2024-11-05 16:00:00+00:00,-0.660751,-0.422176,stress,0.00259671,83.7341
2024-11-05,ACME,2024-11-05 16:00:00+00:00,2024-11-05 15:58:00+00:00,2024-11-06 12:00:00+00:00,2024-11-05 16:01:00+00:00,2024-11-06 16:00:00+00:00,0.176116,0.000289,normal,-0.00260049,83.5163
2024-11-06,ACME,2024-11-06 16:00:00+00:00,2024-11-06 15:58:00+00:00,2024-11-07 12:00:00+00:00,2024-11-06 16:01:00+00:00,2024-11-07 16:00:00+00:00,1.467309,1.902907,expansion,0.00541039,83.9682
2024-11-07,ACME,2024-11-07 16:00:00+00:00,2024-11-07 15:58:00+00:00,2024-11-08 12:00:00+00:00,2024-11-07 16:01:00+00:00,2024-11-08 16:00:00+00:00,1.23715,0.837614,expansion,-0.00256534,83.7528
2024-11-08,ACME,2024-11-08 16:00:00+00:00,2024-11-08 15:58:00+00:00,2024-11-09 12:00:00+00:00,2024-11-08 16:01:00+00:00,2024-11-11 16:00:00+00:00,1.73068,1.769808,expansion,0.00285843,83.9922
2024-11-11,ACME,2024-11-11 16:00:00+00:00,2024-11-11 15:58:00+00:00,2024-11-12 12:00:00+00:00,2024-11-11 16:01:00+00:00,2024-11-12 16:00:00+00:00,0.75663,0.5348,expansion,-0.00522563,83.5532
2024-11-12,ACME,2024-11-12 16:00:00+00:00,2024-11-12 15:58:00+00:00,2024-11-13 12:00:00+00:00,2024-11-12 16:01:00+00:00,2024-11-13 16:00:00+00:00,0.703045,0.201474,normal,-0.01013167,82.7067
2024-11-13,ACME,2024-11-13 16:00:00+00:00,2024-11-13 15:58:00+00:00,2024-11-14 12:00:00+00:00,2024-11-13 16:01:00+00:00,2024-11-14 16:00:00+00:00,-0.285512,0.373757,expansion,0.01181793,83.6841
2024-11-14,ACME,2024-11-14 16:00:00+00:00,2024-11-14 15:58:00+00:00,2024-11-15 12:00:00+00:00,2024-11-14 16:01:00+00:00,2024-11-15 16:00:00+00:00,-0.09315,0.592385,normal,0.01621768,85.0413
2024-11-15,ACME,2024-11-15 16:00:00+00:00,2024-11-15 15:58:00+00:00,2024-11-16 12:00:00+00:00,2024-11-15 16:01:00+00:00,2024-11-18 16:00:00+00:00,-0.375222,-0.215921,stress,0.00374271,85.3596
2024-11-18,ACME,2024-11-18 16:00:00+00:00,2024-11-18 15:58:00+00:00,2024-11-19 12:00:00+00:00,2024-11-18 16:01:00+00:00,2024-11-19 16:00:00+00:00,0.023874,0.04694,stress,-0.00291277,85.111
2024-11-19,ACME,2024-11-19 16:00:00+00:00,2024-11-19 15:58:00+00:00,2024-11-20 12:00:00+00:00,2024-11-19 16:01:00+00:00,2024-11-20 16:00:00+00:00,-0.333191,-0.970788,normal,-0.01314549,83.9921
2024-11-20,ACME,2024-11-20 16:00:00+00:00,2024-11-20 15:58:00+00:00,2024-11-21 12:00:00+00:00,2024-11-20 16:01:00+00:00,2024-11-21 16:00:00+00:00,-1.183841,-1.9789,stress,-0.01624183,82.6279
2024-11-21,ACME,2024-11-21 16:00:00+00:00,2024-11-21 15:58:00+00:00,2024-11-22 12:00:00+00:00,2024-11-21 16:01:00+00:00,2024-11-22 16:00:00+00:00,-1.403954,-0.843776,stress,0.00990756,83.4466
2024-11-22,ACME,2024-11-22 16:00:00+00:00,2024-11-22 15:58:00+00:00,2024-11-23 12:00:00+00:00,2024-11-22 16:01:00+00:00,2024-11-25 16:00:00+00:00,-0.078788,-0.489854,normal,-0.00597317,82.9481
2024-11-25,ACME,2024-11-25 16:00:00+00:00,2024-11-25 15:58:00+00:00,2024-11-26 12:00:00+00:00,2024-11-25 16:01:00+00:00,2024-11-26 16:00:00+00:00,-0.377715,-0.423459,normal,-0.00347327,82.66
2024-11-26,ACME,2024-11-26 16:00:00+00:00,2024-11-26 15:58:00+00:00,2024-11-27 12:00:00+00:00,2024-11-26 16:01:00+00:00,2024-11-27 16:00:00+00:00,-1.07607,-1.246498,stress,-0.00407227,82.3234
2024-11-27,ACME,2024-11-27 16:00:00+00:00,2024-11-27 15:58:00+00:00,2024-11-28 12:00:00+00:00,2024-11-27 16:01:00+00:00,2024-11-28 16:00:00+00:00,-0.798982,-0.00064,normal,0.01948808,83.9278
2024-11-28,ACME,2024-11-28 16:00:00+00:00,2024-11-28 15:58:00+00:00,2024-11-29 12:00:00+00:00,2024-11-28 16:01:00+00:00,2024-11-29 16:00:00+00:00,-1.440188,-1.501361,stress,-0.00239206,83.727
2024-11-29,ACME,2024-11-29 16:00:00+00:00,2024-11-29 15:58:00+00:00,2024-11-30 12:00:00+00:00,2024-11-29 16:01:00+00:00,2024-12-02 16:00:00+00:00,-0.540689,-1.070972,stress,-0.01084175,82.8192
2024-12-02,ACME,2024-12-02 16:00:00+00:00,2024-12-02 15:58:00+00:00,2024-12-03 12:00:00+00:00,2024-12-02 16:01:00+00:00,2024-12-03 16:00:00+00:00,0.205103,-0.969898,normal,-0.02267908,80.941
2024-12-03,ACME,2024-12-03 16:00:00+00:00,2024-12-03 15:58:00+00:00,2024-12-04 12:00:00+00:00,2024-12-03 16:01:00+00:00,2024-12-04 16:00:00+00:00,-0.441993,-0.854741,normal,-0.01254727,79.9254
2024-12-04,ACME,2024-12-04 16:00:00+00:00,2024-12-04 15:58:00+00:00,2024-12-05 12:00:00+00:00,2024-12-04 16:01:00+00:00,2024-12-05 16:00:00+00:00,-0.575072,-0.778454,normal,-0.00323797,79.6666
2024-12-05,ACME,2024-12-05 16:00:00+00:00,2024-12-05 15:58:00+00:00,2024-12-06 12:00:00+00:00,2024-12-05 16:01:00+00:00,2024-12-06 16:00:00+00:00,0.558175,0.232038,normal,-0.0048309,79.2817
2024-12-06,ACME,2024-12-06 16:00:00+00:00,2024-12-06 15:58:00+00:00,2024-12-07 12:00:00+00:00,2024-12-06 16:01:00+00:00,2024-12-09 16:00:00+00:00,1.34241,1.701467,expansion,0.00655549,79.8015
2024-12-09,ACME,2024-12-09 16:00:00+00:00,2024-12-09 15:58:00+00:00,2024-12-10 12:00:00+00:00,2024-12-09 16:01:00+00:00,2024-12-10 16:00:00+00:00,1.369527,0.052578,expansion,-0.03039725,77.3757
2024-12-10,ACME,2024-12-10 16:00:00+00:00,2024-12-10 15:58:00+00:00,2024-12-11 12:00:00+00:00,2024-12-10 16:01:00+00:00,2024-12-11 16:00:00+00:00,1.614842,1.972588,expansion,0.0052467,77.7817
2024-12-11,ACME,2024-12-11 16:00:00+00:00,2024-12-11 15:58:00+00:00,2024-12-12 12:00:00+00:00,2024-12-11 16:01:00+00:00,2024-12-12 16:00:00+00:00,0.446158,1.005051,normal,0.01089894,78.6294
2024-12-12,ACME,2024-12-12 16:00:00+00:00,2024-12-12 15:58:00+00:00,2024-12-13 12:00:00+00:00,2024-12-12 16:01:00+00:00,2024-12-13 16:00:00+00:00,0.24263,-0.942481,normal,-0.02225383,76.8796
2024-12-13,ACME,2024-12-13 16:00:00+00:00,2024-12-13 15:58:00+00:00,2024-12-14 12:00:00+00:00,2024-12-13 16:01:00+00:00,2024-12-16 16:00:00+00:00,-0.056254,0.930307,normal,0.02039526,78.4476
2024-12-16,ACME,2024-12-16 16:00:00+00:00,2024-12-16 15:58:00+00:00,2024-12-17 12:00:00+00:00,2024-12-16 16:01:00+00:00,2024-12-17 16:00:00+00:00,-0.084715,-0.367451,normal,-0.00171872,78.3128
2024-12-17,ACME,2024-12-17 16:00:00+00:00,2024-12-17 15:58:00+00:00,2024-12-18 12:00:00+00:00,2024-12-17 16:01:00+00:00,2024-12-18 16:00:00+00:00,0.321399,0.352062,normal,0.00357294,78.5926
2024-12-18,ACME,2024-12-18 16:00:00+00:00,2024-12-18 15:58:00+00:00,2024-12-19 12:00:00+00:00,2024-12-18 16:01:00+00:00,2024-12-19 16:00:00+00:00,0.321426,-0.387637,normal,-0.01422,77.475
2024-12-19,ACME,2024-12-19 16:00:00+00:00,2024-12-19 15:58:00+00:00,2024-12-20 12:00:00+00:00,2024-12-19 16:01:00+00:00,2024-12-20 16:00:00+00:00,1.483873,1.681351,expansion,0.00604215,77.9431
2024-12-20,ACME,2024-12-20 16:00:00+00:00,2024-12-20 15:58:00+00:00,2024-12-21 12:00:00+00:00,2024-12-20 16:01:00+00:00,2024-12-23 16:00:00+00:00,1.366365,2.067778,expansion,0.01347896,78.9937
2024-12-23,ACME,2024-12-23 16:00:00+00:00,2024-12-23 15:58:00+00:00,2024-12-24 12:00:00+00:00,2024-12-23 16:01:00+00:00,2024-12-24 16:00:00+00:00,0.910317,0.609986,expansion,-0.00855662,78.3178
2024-12-24,ACME,2024-12-24 16:00:00+00:00,2024-12-24 15:58:00+00:00,2024-12-25 12:00:00+00:00,2024-12-24 16:01:00+00:00,2024-12-25 16:00:00+00:00,0.277752,0.061808,normal,-0.00366453,78.0308
2024-12-25,ACME,2024-12-25 16:00:00+00:00,2024-12-25 15:58:00+00:00,2024-12-26 12:00:00+00:00,2024-12-25 16:01:00+00:00,2024-12-26 16:00:00+00:00,1.288453,1.364201,expansion,0.00588181,78.4897
2024-12-26,ACME,2024-12-26 16:00:00+00:00,2024-12-26 15:58:00+00:00,2024-12-27 12:00:00+00:00,2024-12-26 16:01:00+00:00,2024-12-27 16:00:00+00:00,0.480894,0.346871,normal,0.00036003,78.518
2024-12-27,ACME,2024-12-27 16:00:00+00:00,2024-12-27 15:58:00+00:00,2024-12-28 12:00:00+00:00,2024-12-27 16:01:00+00:00,2024-12-30 16:00:00+00:00,0.90682,1.455315,normal,0.00820888,79.1625
2024-12-30,ACME,2024-12-30 16:00:00+00:00,2024-12-30 15:58:00+00:00,2024-12-31 12:00:00+00:00,2024-12-30 16:01:00+00:00,2024-12-31 16:00:00+00:00,0.337441,0.195875,normal,-0.00055409,79.1187
2024-12-31,ACME,2024-12-31 16:00:00+00:00,2024-12-31 15:58:00+00:00,2025-01-01 12:00:00+00:00,2024-12-31 16:01:00+00:00,2025-01-01 16:00:00+00:00,1.004587,0.740834,expansion,-0.00616542,78.6309
2025-01-01,ACME,2025-01-01 16:00:00+00:00,2025-01-01 15:58:00+00:00,2025-01-02 12:00:00+00:00,2025-01-01 16:01:00+00:00,2025-01-02 16:00:00+00:00,0.544318,0.422536,expansion,-0.00312941,78.3848
2025-01-02,ACME,2025-01-02 16:00:00+00:00,2025-01-02 15:58:00+00:00,2025-01-03 12:00:00+00:00,2025-01-02 16:01:00+00:00,2025-01-03 16:00:00+00:00,1.582931,2.321045,expansion,0.01911349,79.883
2025-01-03,ACME,2025-01-03 16:00:00+00:00,2025-01-03 15:58:00+00:00,2025-01-04 12:00:00+00:00,2025-01-03 16:01:00+00:00,2025-01-06 16:00:00+00:00,0.164775,0.242672,normal,0.00345608,80.1591
2025-01-06,ACME,2025-01-06 16:00:00+00:00,2025-01-06 15:58:00+00:00,2025-01-07 12:00:00+00:00,2025-01-06 16:01:00+00:00,2025-01-07 16:00:00+00:00,0.694838,-0.067885,normal,-0.01463881,78.9857
2025-01-07,ACME,2025-01-07 16:00:00+00:00,2025-01-07 15:58:00+00:00,2025-01-08 12:00:00+00:00,2025-01-07 16:01:00+00:00,2025-01-08 16:00:00+00:00,0.564419,0.619679,expansion,-0.00252649,78.7861
2025-01-08,ACME,2025-01-08 16:00:00+00:00,2025-01-08 15:58:00+00:00,2025-01-09 12:00:00+00:00,2025-01-08 16:01:00+00:00,2025-01-09 16:00:00+00:00,0.953005,0.697744,expansion,-0.004602,78.4235
2025-01-09,ACME,2025-01-09 16:00:00+00:00,2025-01-09 15:58:00+00:00,2025-01-10 12:00:00+00:00,2025-01-09 16:01:00+00:00,2025-01-10 16:00:00+00:00,0.69731,1.021099,normal,0.00748607,79.0106
2025-01-10,ACME,2025-01-10 16:00:00+00:00,2025-01-10 15:58:00+00:00,2025-01-11 12:00:00+00:00,2025-01-10 16:01:00+00:00,2025-01-13 16:00:00+00:00,0.15606,-0.036838,normal,-0.00552855,78.5738
2025-01-13,ACME,2025-01-13 16:00:00+00:00,2025-01-13 15:58:00+00:00,2025-01-14 12:00:00+00:00,2025-01-13 16:01:00+00:00,2025-01-14 16:00:00+00:00,-0.301148,0.518226,normal,0.01914605,80.0782
2025-01-14,ACME,2025-01-14 16:00:00+00:00,2025-01-14 15:58:00+00:00,2025-01-15 12:00:00+00:00,2025-01-14 16:01:00+00:00,2025-01-15 16:00:00+00:00,0.395041,0.634259,normal,0.00826506,80.74
2025-01-15,ACME,2025-01-15 16:00:00+00:00,2025-01-15 15:58:00+00:00,2025-01-16 12:00:00+00:00,2025-01-15 16:01:00+00:00,2025-01-16 16:00:00+00:00,1.001722,1.656071,expansion,0.01125755,81.649
2025-01-16,ACME,2025-01-16 16:00:00+00:00,2025-01-16 15:58:00+00:00,2025-01-17 12:00:00+00:00,2025-01-16 16:01:00+00:00,2025-01-17 16:00:00+00:00,1.095016,-0.129461,expansion,-0.02717788,79.4299
2025-01-17,ACME,2025-01-17 16:00:00+00:00,2025-01-17 15:58:00+00:00,2025-01-18 12:00:00+00:00,2025-01-17 16:01:00+00:00,2025-01-20 16:00:00+00:00,0.270358,0.108003,normal,-0.00656282,78.9086
2025-01-20,ACME,2025-01-20 16:00:00+00:00,2025-01-20 15:58:00+00:00,2025-01-21 12:00:00+00:00,2025-01-20 16:01:00+00:00,2025-01-21 16:00:00+00:00,-0.082845,-0.55826,normal,-0.0050834,78.5075
2025-01-21,ACME,2025-01-21 16:00:00+00:00,2025-01-21 15:58:00+00:00,2025-01-22 12:00:00+00:00,2025-01-21 16:01:00+00:00,2025-01-22 16:00:00+00:00,-0.900776,-1.456947,normal,-0.01215858,77.553
2025-01-22,ACME,2025-01-22 16:00:00+00:00,2025-01-22 15:58:00+00:00,2025-01-23 12:00:00+00:00,2025-01-22 16:01:00+00:00,2025-01-23 16:00:00+00:00,0.817314,1.578021,normal,0.01009335,78.3357
2025-01-23,ACME,2025-01-23 16:00:00+00:00,2025-01-23 15:58:00+00:00,2025-01-24 12:00:00+00:00,2025-01-23 16:01:00+00:00,2025-01-24 16:00:00+00:00,0.598102,0.44209,expansion,-0.00292309,78.1068
2025-01-24,ACME,2025-01-24 16:00:00+00:00,2025-01-24 15:58:00+00:00,2025-01-25 12:00:00+00:00,2025-01-24 16:01:00+00:00,2025-01-27 16:00:00+00:00,2.738159,2.762036,expansion,0.00070573,78.1619
2025-01-27,ACME,2025-01-27 16:00:00+00:00,2025-01-27 15:58:00+00:00,2025-01-28 12:00:00+00:00,2025-01-27 16:01:00+00:00,2025-01-28 16:00:00+00:00,2.105072,2.496213,expansion,0.00857816,78.8324
2025-01-28,ACME,2025-01-28 16:00:00+00:00,2025-01-28 15:58:00+00:00,2025-01-29 12:00:00+00:00,2025-01-28 16:01:00+00:00,2025-01-29 16:00:00+00:00,1.5112,0.314914,expansion,-0.02302349,77.0174
2025-01-29,ACME,2025-01-29 16:00:00+00:00,2025-01-29 15:58:00+00:00,2025-01-30 12:00:00+00:00,2025-01-29 16:01:00+00:00,2025-01-30 16:00:00+00:00,0.956749,1.133423,normal,0.00487874,77.3931
2025-01-30,ACME,2025-01-30 16:00:00+00:00,2025-01-30 15:58:00+00:00,2025-01-31 12:00:00+00:00,2025-01-30 16:01:00+00:00,2025-01-31 16:00:00+00:00,-0.236876,-0.622015,normal,-0.01004718,76.6155
2025-01-31,ACME,2025-01-31 16:00:00+00:00,2025-01-31 15:58:00+00:00,2025-02-01 12:00:00+00:00,2025-01-31 16:01:00+00:00,2025-02-03 16:00:00+00:00,-0.715239,-0.505623,normal,0.0051714,77.0118
2025-02-03,ACME,2025-02-03 16:00:00+00:00,2025-02-03 15:58:00+00:00,2025-02-04 12:00:00+00:00,2025-02-03 16:01:00+00:00,2025-02-04 16:00:00+00:00,-0.276726,0.448518,stress,0.01277836,77.9958
2025-02-04,ACME,2025-02-04 16:00:00+00:00,2025-02-04 15:58:00+00:00,2025-02-05 12:00:00+00:00,2025-02-04 16:01:00+00:00,2025-02-05 16:00:00+00:00,0.555473,0.648431,normal,0.00453473,78.3495
2025-02-05,ACME,2025-02-05 16:00:00+00:00,2025-02-05 15:58:00+00:00,2025-02-06 12:00:00+00:00,2025-02-05 16:01:00+00:00,2025-02-06 16:00:00+00:00,0.834437,1.375876,expansion,0.0164789,79.6406
2025-02-06,ACME,2025-02-06 16:00:00+00:00,2025-02-06 15:58:00+00:00,2025-02-07 12:00:00+00:00,2025-02-06 16:01:00+00:00,2025-02-07 16:00:00+00:00,-0.044636,0.465825,normal,0.01033933,80.4641
2025-02-07,ACME,2025-02-07 16:00:00+00:00,2025-02-07 15:58:00+00:00,2025-02-08 12:00:00+00:00,2025-02-07 16:01:00+00:00,2025-02-10 16:00:00+00:00,0.874785,0.615508,normal,-0.00578027,79.999
2025-02-10,ACME,2025-02-10 16:00:00+00:00,2025-02-10 15:58:00+00:00,2025-02-11 12:00:00+00:00,2025-02-10 16:01:00+00:00,2025-02-11 16:00:00+00:00,0.31979,0.074105,normal,-0.0056409,79.5477
2025-02-11,ACME,2025-02-11 16:00:00+00:00,2025-02-11 15:58:00+00:00,2025-02-12 12:00:00+00:00,2025-02-11 16:01:00+00:00,2025-02-12 16:00:00+00:00,1.502771,2.144717,expansion,0.0170614,80.9049
2025-02-12,ACME,2025-02-12 16:00:00+00:00,2025-02-12 15:58:00+00:00,2025-02-13 12:00:00+00:00,2025-02-12 16:01:00+00:00,2025-02-13 16:00:00+00:00,1.799866,2.178407,expansion,0.00784229,81.5394
2025-02-13,ACME,2025-02-13 16:00:00+00:00,2025-02-13 15:58:00+00:00,2025-02-14 12:00:00+00:00,2025-02-13 16:01:00+00:00,2025-02-14 16:00:00+00:00,2.446379,2.685936,expansion,0.00271839,81.761
2025-02-14,ACME,2025-02-14 16:00:00+00:00,2025-02-14 15:58:00+00:00,2025-02-15 12:00:00+00:00,2025-02-14 16:01:00+00:00,2025-02-17 16:00:00+00:00,1.702661,2.28493,expansion,0.01114541,82.6723
2025-02-17,ACME,2025-02-17 16:00:00+00:00,2025-02-17 15:58:00+00:00,2025-02-18 12:00:00+00:00,2025-02-17 16:01:00+00:00,2025-02-18 16:00:00+00:00,1.455598,2.073867,expansion,0.0117113,83.6405
2025-02-18,ACME,2025-02-18 16:00:00+00:00,2025-02-18 15:58:00+00:00,2025-02-19 12:00:00+00:00,2025-02-18 16:01:00+00:00,2025-02-19 16:00:00+00:00,1.060155,0.947182,expansion,-0.00190783,83.4809
2025-02-19,ACME,2025-02-19 16:00:00+00:00,2025-02-19 15:58:00+00:00,2025-02-20 12:00:00+00:00,2025-02-19 16:01:00+00:00,2025-02-20 16:00:00+00:00,1.152274,0.788518,expansion,-0.0059075,82.9878
2025-02-20,ACME,2025-02-20 16:00:00+00:00,2025-02-20 15:58:00+00:00,2025-02-21 12:00:00+00:00,2025-02-20 16:01:00+00:00,2025-02-21 16:00:00+00:00,1.900507,1.364914,expansion,-0.00743122,82.3711
2025-02-21,ACME,2025-02-21 16:00:00+00:00,2025-02-21 15:58:00+00:00,2025-02-22 12:00:00+00:00,2025-02-21 16:01:00+00:00,2025-02-24 16:00:00+00:00,1.290985,0.981741,expansion,-0.00775304,81.7324
2025-02-24,ACME,2025-02-24 16:00:00+00:00,2025-02-24 15:58:00+00:00,2025-02-25 12:00:00+00:00,2025-02-24 16:01:00+00:00,2025-02-25 16:00:00+00:00,1.470826,1.887749,expansion,0.01036355,82.5795
2025-02-25,ACME,2025-02-25 16:00:00+00:00,2025-02-25 15:58:00+00:00,2025-02-26 12:00:00+00:00,2025-02-25 16:01:00+00:00,2025-02-26 16:00:00+00:00,-0.620067,-0.272086,normal,0.01118793,83.5034
2025-02-26,ACME,2025-02-26 16:00:00+00:00,2025-02-26 15:58:00+00:00,2025-02-27 12:00:00+00:00,2025-02-26 16:01:00+00:00,2025-02-27 16:00:00+00:00,-0.726207,-0.335389,normal,0.00804243,84.1749
2025-02-27,ACME,2025-02-27 16:00:00+00:00,2025-02-27 15:58:00+00:00,2025-02-28 12:00:00+00:00,2025-02-27 16:01:00+00:00,2025-02-28 16:00:00+00:00,-0.881347,-1.046402,normal,-0.00456961,83.7903
2025-02-28,ACME,2025-02-28 16:00:00+00:00,2025-02-28 15:58:00+00:00,2025-03-01 12:00:00+00:00,2025-02-28 16:01:00+00:00,2025-03-03 16:00:00+00:00,1.351231,1.825761,normal,0.01379484,84.9462
2025-03-03,ACME,2025-03-03 16:00:00+00:00,2025-03-03 15:58:00+00:00,2025-03-04 12:00:00+00:00,2025-03-03 16:01:00+00:00,2025-03-04 16:00:00+00:00,1.738084,2.20604,expansion,0.00701438,85.542
2025-03-04,ACME,2025-03-04 16:00:00+00:00,2025-03-04 15:58:00+00:00,2025-03-05 12:00:00+00:00,2025-03-04 16:01:00+00:00,2025-03-05 16:00:00+00:00,1.471087,2.078701,expansion,0.01300195,86.6542
2025-03-05,ACME,2025-03-05 16:00:00+00:00,2025-03-05 15:58:00+00:00,2025-03-06 12:00:00+00:00,2025-03-05 16:01:00+00:00,2025-03-06 16:00:00+00:00,1.15622,0.884933,expansion,-0.00558469,86.1703
2025-03-06,ACME,2025-03-06 16:00:00+00:00,2025-03-06 15:58:00+00:00,2025-03-07 12:00:00+00:00,2025-03-06 16:01:00+00:00,2025-03-07 16:00:00+00:00,1.145266,1.284687,normal,0.00492218,86.5944
2025-03-07,ACME,2025-03-07 16:00:00+00:00,2025-03-07 15:58:00+00:00,2025-03-08 12:00:00+00:00,2025-03-07 16:01:00+00:00,2025-03-10 16:00:00+00:00,-0.259971,-0.660639,normal,-0.00859214,85.8504
2025-03-10,ACME,2025-03-10 16:00:00+00:00,2025-03-10 15:58:00+00:00,2025-03-11 12:00:00+00:00,2025-03-10 16:01:00+00:00,2025-03-11 16:00:00+00:00,-0.22726,-1.169011,normal,-0.02097145,84.05
2025-03-11,ACME,2025-03-11 16:00:00+00:00,2025-03-11 15:58:00+00:00,2025-03-12 12:00:00+00:00,2025-03-11 16:01:00+00:00,2025-03-12 16:00:00+00:00,-0.918792,-1.522254,stress,-0.01387735,82.8836
2025-03-12,ACME,2025-03-12 16:00:00+00:00,2025-03-12 15:58:00+00:00,2025-03-13 12:00:00+00:00,2025-03-12 16:01:00+00:00,2025-03-13 16:00:00+00:00,-1.113001,-0.748454,stress,0.00756282,83.5104
2025-03-13,ACME,2025-03-13 16:00:00+00:00,2025-03-13 15:58:00+00:00,2025-03-14 12:00:00+00:00,2025-03-13 16:01:00+00:00,2025-03-14 16:00:00+00:00,-1.750564,-1.290476,stress,0.00798954,84.1776
2025-03-14,ACME,2025-03-14 16:00:00+00:00,2025-03-14 15:58:00+00:00,2025-03-15 12:00:00+00:00,2025-03-14 16:01:00+00:00,2025-03-17 16:00:00+00:00,-1.176649,-0.850617,stress,0.00403135,84.517
2025-03-17,ACME,2025-03-17 16:00:00+00:00,2025-03-17 15:58:00+00:00,2025-03-18 12:00:00+00:00,2025-03-17 16:01:00+00:00,2025-03-18 16:00:00+00:00,-0.972597,-0.91719,stress,0.00294383,84.7658
2025-03-18,ACME,2025-03-18 16:00:00+00:00,2025-03-18 15:58:00+00:00,2025-03-19 12:00:00+00:00,2025-03-18 16:01:00+00:00,2025-03-19 16:00:00+00:00,-1.026975,-1.276899,stress,-0.00131114,84.6547
2025-03-19,ACME,2025-03-19 16:00:00+00:00,2025-03-19 15:58:00+00:00,2025-03-20 12:00:00+00:00,2025-03-19 16:01:00+00:00,2025-03-20 16:00:00+00:00,-2.374292,-2.978582,stress,-0.01200172,83.6386
2025-03-20,ACME,2025-03-20 16:00:00+00:00,2025-03-20 15:58:00+00:00,2025-03-21 12:00:00+00:00,2025-03-20 16:01:00+00:00,2025-03-21 16:00:00+00:00,-1.601204,-1.774558,stress,-0.00037267,83.6075
2025-03-21,ACME,2025-03-21 16:00:00+00:00,2025-03-21 15:58:00+00:00,2025-03-22 12:00:00+00:00,2025-03-21 16:01:00+00:00,2025-03-24 16:00:00+00:00,-0.921413,-0.988419,normal,0.00655967,84.1559
2025-03-24,ACME,2025-03-24 16:00:00+00:00,2025-03-24 15:58:00+00:00,2025-03-25 12:00:00+00:00,2025-03-24 16:01:00+00:00,2025-03-25 16:00:00+00:00,-0.944724,-2.078437,normal,-0.02621503,81.9498
2025-03-25,ACME,2025-03-25 16:00:00+00:00,2025-03-25 15:58:00+00:00,2025-03-26 12:00:00+00:00,2025-03-25 16:01:00+00:00,2025-03-26 16:00:00+00:00,-0.711544,-0.355281,normal,0.00545419,82.3967
2025-03-26,ACME,2025-03-26 16:00:00+00:00,2025-03-26 15:58:00+00:00,2025-03-27 12:00:00+00:00,2025-03-26 16:01:00+00:00,2025-03-27 16:00:00+00:00,-1.11895,-2.584267,normal,-0.03316677,79.6639
2025-03-27,ACME,2025-03-27 16:00:00+00:00,2025-03-27 15:58:00+00:00,2025-03-28 12:00:00+00:00,2025-03-27 16:01:00+00:00,2025-03-28 16:00:00+00:00,-0.673553,-0.267577,stress,0.00778296,80.2839
2025-03-28,ACME,2025-03-28 16:00:00+00:00,2025-03-28 15:58:00+00:00,2025-03-29 12:00:00+00:00,2025-03-28 16:01:00+00:00,2025-03-31 16:00:00+00:00,-1.410438,-0.87646,stress,0.01217124,81.2611
2025-03-31,ACME,2025-03-31 16:00:00+00:00,2025-03-31 15:58:00+00:00,2025-04-01 12:00:00+00:00,2025-03-31 16:01:00+00:00,2025-04-01 16:00:00+00:00,-1.231315,-0.980214,stress,-0.00021416,81.2437
2025-04-01,ACME,2025-04-01 16:00:00+00:00,2025-04-01 15:58:00+00:00,2025-04-02 12:00:00+00:00,2025-04-01 16:01:00+00:00,2025-04-02 16:00:00+00:00,-0.963987,-1.476781,normal,-0.00792951,80.5995
2025-04-02,ACME,2025-04-02 16:00:00+00:00,2025-04-02 15:58:00+00:00,2025-04-03 12:00:00+00:00,2025-04-02 16:01:00+00:00,2025-04-03 16:00:00+00:00,-0.345191,-0.010557,stress,0.00634366,81.1107
2025-04-03,ACME,2025-04-03 16:00:00+00:00,2025-04-03 15:58:00+00:00,2025-04-04 12:00:00+00:00,2025-04-03 16:01:00+00:00,2025-04-04 16:00:00+00:00,-1.441737,-2.050959,stress,-0.01325389,80.0357
2025-04-04,ACME,2025-04-04 16:00:00+00:00,2025-04-04 15:58:00+00:00,2025-04-05 12:00:00+00:00,2025-04-04 16:01:00+00:00,2025-04-07 16:00:00+00:00,-1.123352,-0.825335,normal,0.00865755,80.7286
2025-04-07,ACME,2025-04-07 16:00:00+00:00,2025-04-07 15:58:00+00:00,2025-04-08 12:00:00+00:00,2025-04-07 16:01:00+00:00,2025-04-08 16:00:00+00:00,-1.148519,-2.207692,normal,-0.02315114,78.8597
2025-04-08,ACME,2025-04-08 16:00:00+00:00,2025-04-08 15:58:00+00:00,2025-04-09 12:00:00+00:00,2025-04-08 16:01:00+00:00,2025-04-09 16:00:00+00:00,-0.885686,-1.223155,normal,-0.00691018,78.3147
2025-04-09,ACME,2025-04-09 16:00:00+00:00,2025-04-09 15:58:00+00:00,2025-04-10 12:00:00+00:00,2025-04-09 16:01:00+00:00,2025-04-10 16:00:00+00:00,-0.588426,-1.268634,normal,-0.01771108,76.9277
2025-04-10,ACME,2025-04-10 16:00:00+00:00,2025-04-10 15:58:00+00:00,2025-04-11 12:00:00+00:00,2025-04-10 16:01:00+00:00,2025-04-11 16:00:00+00:00,-0.0937,0.337419,normal,0.01096787,77.7714
2025-04-11,ACME,2025-04-11 16:00:00+00:00,2025-04-11 15:58:00+00:00,2025-04-12 12:00:00+00:00,2025-04-11 16:01:00+00:00,2025-04-14 16:00:00+00:00,0.069138,0.167808,normal,0.004683,78.1356
2025-04-14,ACME,2025-04-14 16:00:00+00:00,2025-04-14 15:58:00+00:00,2025-04-15 12:00:00+00:00,2025-04-14 16:01:00+00:00,2025-04-15 16:00:00+00:00,0.230899,-0.099816,normal,-0.00558998,77.6989
2025-04-15,ACME,2025-04-15 16:00:00+00:00,2025-04-15 15:58:00+00:00,2025-04-16 12:00:00+00:00,2025-04-15 16:01:00+00:00,2025-04-16 16:00:00+00:00,0.77524,0.560435,normal,-0.00332734,77.4403
2025-04-16,ACME,2025-04-16 16:00:00+00:00,2025-04-16 15:58:00+00:00,2025-04-17 12:00:00+00:00,2025-04-16 16:01:00+00:00,2025-04-17 16:00:00+00:00,0.953973,0.739899,normal,-0.00795451,76.8243
2025-04-17,ACME,2025-04-17 16:00:00+00:00,2025-04-17 15:58:00+00:00,2025-04-18 12:00:00+00:00,2025-04-17 16:01:00+00:00,2025-04-18 16:00:00+00:00,0.555517,0.693501,normal,0.00967074,77.5673
2025-04-18,ACME,2025-04-18 16:00:00+00:00,2025-04-18 15:58:00+00:00,2025-04-19 12:00:00+00:00,2025-04-18 16:01:00+00:00,2025-04-21 16:00:00+00:00,-0.122305,-0.26551,normal,-0.00352861,77.2936
2025-04-21,ACME,2025-04-21 16:00:00+00:00,2025-04-21 15:58:00+00:00,2025-04-22 12:00:00+00:00,2025-04-21 16:01:00+00:00,2025-04-22 16:00:00+00:00,0.713321,0.819697,expansion,-0.00331222,77.0376
2025-04-22,ACME,2025-04-22 16:00:00+00:00,2025-04-22 15:58:00+00:00,2025-04-23 12:00:00+00:00,2025-04-22 16:01:00+00:00,2025-04-23 16:00:00+00:00,1.54697,2.039389,expansion,0.01136914,77.9134
2025-04-23,ACME,2025-04-23 16:00:00+00:00,2025-04-23 15:58:00+00:00,2025-04-24 12:00:00+00:00,2025-04-23 16:01:00+00:00,2025-04-24 16:00:00+00:00,0.551164,0.015623,normal,-0.01148884,77.0183
2025-04-24,ACME,2025-04-24 16:00:00+00:00,2025-04-24 15:58:00+00:00,2025-04-25 12:00:00+00:00,2025-04-24 16:01:00+00:00,2025-04-25 16:00:00+00:00,1.91174,2.489775,expansion,0.01006961,77.7938
2025-04-25,ACME,2025-04-25 16:00:00+00:00,2025-04-25 15:58:00+00:00,2025-04-26 12:00:00+00:00,2025-04-25 16:01:00+00:00,2025-04-28 16:00:00+00:00,2.034413,2.572507,expansion,0.01142221,78.6824
2025-04-28,ACME,2025-04-28 16:00:00+00:00,2025-04-28 15:58:00+00:00,2025-04-29 12:00:00+00:00,2025-04-28 16:01:00+00:00,2025-04-29 16:00:00+00:00,1.895697,0.879621,expansion,-0.02289146,76.8812
2025-04-29,ACME,2025-04-29 16:00:00+00:00,2025-04-29 15:58:00+00:00,2025-04-30 12:00:00+00:00,2025-04-29 16:01:00+00:00,2025-04-30 16:00:00+00:00,1.497469,1.864324,expansion,0.00319228,77.1267
2025-04-30,ACME,2025-04-30 16:00:00+00:00,2025-04-30 15:58:00+00:00,2025-05-01 12:00:00+00:00,2025-04-30 16:01:00+00:00,2025-05-01 16:00:00+00:00,0.369889,0.327701,normal,-0.0046987,76.7643
2025-05-01,ACME,2025-05-01 16:00:00+00:00,2025-05-01 15:58:00+00:00,2025-05-02 12:00:00+00:00,2025-05-01 16:01:00+00:00,2025-05-02 16:00:00+00:00,0.791621,0.49796,normal,-0.00835603,76.1228
2025-05-02,ACME,2025-05-02 16:00:00+00:00,2025-05-02 15:58:00+00:00,2025-05-03 12:00:00+00:00,2025-05-02 16:01:00+00:00,2025-05-05 16:00:00+00:00,-1.085499,-0.913296,normal,-0.00266476,75.92
2025-05-05,ACME,2025-05-05 16:00:00+00:00,2025-05-05 15:58:00+00:00,2025-05-06 12:00:00+00:00,2025-05-05 16:01:00+00:00,2025-05-06 16:00:00+00:00,-0.317257,-0.619905,normal,-0.0069428,75.3929
2025-05-06,ACME,2025-05-06 16:00:00+00:00,2025-05-06 15:58:00+00:00,2025-05-07 12:00:00+00:00,2025-05-06 16:01:00+00:00,2025-05-07 16:00:00+00:00,-0.480327,-1.023166,normal,-0.01518473,74.2481
2025-05-07,ACME,2025-05-07 16:00:00+00:00,2025-05-07 15:58:00+00:00,2025-05-08 12:00:00+00:00,2025-05-07 16:01:00+00:00,2025-05-08 16:00:00+00:00,-0.815806,-0.663125,normal,0.00813769,74.8523
2025-05-08,ACME,2025-05-08 16:00:00+00:00,2025-05-08 15:58:00+00:00,2025-05-09 12:00:00+00:00,2025-05-08 16:01:00+00:00,2025-05-09 16:00:00+00:00,-1.043222,-1.902491,stress,-0.01742656,73.5478
2025-05-09,ACME,2025-05-09 16:00:00+00:00,2025-05-09 15:58:00+00:00,2025-05-10 12:00:00+00:00,2025-05-09 16:01:00+00:00,2025-05-12 16:00:00+00:00,-1.12913,-0.778812,normal,0.00713654,74.0727
2025-05-12,ACME,2025-05-12 16:00:00+00:00,2025-05-12 15:58:00+00:00,2025-05-13 12:00:00+00:00,2025-05-12 16:01:00+00:00,2025-05-13 16:00:00+00:00,-0.852491,-0.508022,normal,0.00637909,74.5452
2025-05-13,ACME,2025-05-13 16:00:00+00:00,2025-05-13 15:58:00+00:00,2025-05-14 12:00:00+00:00,2025-05-13 16:01:00+00:00,2025-05-14 16:00:00+00:00,-1.239058,-1.218795,stress,-0.00080336,74.4854
2025-05-14,ACME,2025-05-14 16:00:00+00:00,2025-05-14 15:58:00+00:00,2025-05-15 12:00:00+00:00,2025-05-14 16:01:00+00:00,2025-05-15 16:00:00+00:00,-0.812504,-1.324988,normal,-0.01025941,73.7212
2025-05-15,ACME,2025-05-15 16:00:00+00:00,2025-05-15 15:58:00+00:00,2025-05-16 12:00:00+00:00,2025-05-15 16:01:00+00:00,2025-05-16 16:00:00+00:00,-0.561764,-1.083516,normal,-0.01193833,72.8411
2025-05-16,ACME,2025-05-16 16:00:00+00:00,2025-05-16 15:58:00+00:00,2025-05-17 12:00:00+00:00,2025-05-16 16:01:00+00:00,2025-05-19 16:00:00+00:00,-0.31234,-0.409921,normal,-0.00464323,72.5029
2025-05-19,ACME,2025-05-19 16:00:00+00:00,2025-05-19 15:58:00+00:00,2025-05-20 12:00:00+00:00,2025-05-19 16:01:00+00:00,2025-05-20 16:00:00+00:00,0.350061,0.78809,normal,0.01020008,73.2424
2025-05-20,ACME,2025-05-20 16:00:00+00:00,2025-05-20 15:58:00+00:00,2025-05-21 12:00:00+00:00,2025-05-20 16:01:00+00:00,2025-05-21 16:00:00+00:00,-0.515513,-0.729427,normal,-0.00508387,72.87
2025-05-21,ACME,2025-05-21 16:00:00+00:00,2025-05-21 15:58:00+00:00,2025-05-22 12:00:00+00:00,2025-05-21 16:01:00+00:00,2025-05-22 16:00:00+00:00,0.080245,-0.255849,normal,-0.00584208,72.4443
2025-05-22,ACME,2025-05-22 16:00:00+00:00,2025-05-22 15:58:00+00:00,2025-05-23 12:00:00+00:00,2025-05-22 16:01:00+00:00,2025-05-23 16:00:00+00:00,0.098066,0.541731,normal,0.00975017,73.1507
2025-05-23,ACME,2025-05-23 16:00:00+00:00,2025-05-23 15:58:00+00:00,2025-05-24 12:00:00+00:00,2025-05-23 16:01:00+00:00,2025-05-26 16:00:00+00:00,-0.116637,0.350497,normal,0.01008611,73.8885
2025-05-26,ACME,2025-05-26 16:00:00+00:00,2025-05-26 15:58:00+00:00,2025-05-27 12:00:00+00:00,2025-05-26 16:01:00+00:00,2025-05-27 16:00:00+00:00,0.127611,0.567752,normal,0.01220483,74.7903
2025-05-27,ACME,2025-05-27 16:00:00+00:00,2025-05-27 15:58:00+00:00,2025-05-28 12:00:00+00:00,2025-05-27 16:01:00+00:00,2025-05-28 16:00:00+00:00,0.757783,0.932291,expansion,0.00625035,75.2577
2025-05-28,ACME,2025-05-28 16:00:00+00:00,2025-05-28 15:58:00+00:00,2025-05-29 12:00:00+00:00,2025-05-28 16:01:00+00:00,2025-05-29 16:00:00+00:00,1.734811,1.453102,expansion,-0.00387567,74.9661
2025-05-29,ACME,2025-05-29 16:00:00+00:00,2025-05-29 15:58:00+00:00,2025-05-30 12:00:00+00:00,2025-05-29 16:01:00+00:00,2025-05-30 16:00:00+00:00,0.828728,0.705309,normal,-0.00461182,74.6203
2025-05-30,ACME,2025-05-30 16:00:00+00:00,2025-05-30 15:58:00+00:00,2025-05-31 12:00:00+00:00,2025-05-30 16:01:00+00:00,2025-06-02 16:00:00+00:00,1.165043,1.714658,expansion,0.01015039,75.3778
2025-06-02,ACME,2025-06-02 16:00:00+00:00,2025-06-02 15:58:00+00:00,2025-06-03 12:00:00+00:00,2025-06-02 16:01:00+00:00,2025-06-03 16:00:00+00:00,0.970617,0.391623,expansion,-0.01110519,74.5407
2025-06-03,ACME,2025-06-03 16:00:00+00:00,2025-06-03 15:58:00+00:00,2025-06-04 12:00:00+00:00,2025-06-03 16:01:00+00:00,2025-06-04 16:00:00+00:00,1.511747,2.200866,expansion,0.0189757,75.9551
2025-06-04,ACME,2025-06-04 16:00:00+00:00,2025-06-04 15:58:00+00:00,2025-06-05 12:00:00+00:00,2025-06-04 16:01:00+00:00,2025-06-05 16:00:00+00:00,1.220086,1.239588,expansion,0.00357772,76.2269
2025-06-05,ACME,2025-06-05 16:00:00+00:00,2025-06-05 15:58:00+00:00,2025-06-06 12:00:00+00:00,2025-06-05 16:01:00+00:00,2025-06-06 16:00:00+00:00,1.364938,2.597894,expansion,0.02590258,78.2014
2025-06-06,ACME,2025-06-06 16:00:00+00:00,2025-06-06 15:58:00+00:00,2025-06-07 12:00:00+00:00,2025-06-06 16:01:00+00:00,2025-06-09 16:00:00+00:00,0.376542,-0.115491,expansion,-0.00955619,77.454
2025-06-09,ACME,2025-06-09 16:00:00+00:00,2025-06-09 15:58:00+00:00,2025-06-10 12:00:00+00:00,2025-06-09 16:01:00+00:00,2025-06-10 16:00:00+00:00,1.009809,0.748154,expansion,-0.01050851,76.6401
2025-06-10,ACME,2025-06-10 16:00:00+00:00,2025-06-10 15:58:00+00:00,2025-06-11 12:00:00+00:00,2025-06-10 16:01:00+00:00,2025-06-11 16:00:00+00:00,0.551329,0.362702,expansion,-0.00388089,76.3427
2025-06-11,ACME,2025-06-11 16:00:00+00:00,2025-06-11 15:58:00+00:00,2025-06-12 12:00:00+00:00,2025-06-11 16:01:00+00:00,2025-06-12 16:00:00+00:00,1.157735,0.795396,expansion,-0.01129583,75.4803
2025-06-12,ACME,2025-06-12 16:00:00+00:00,2025-06-12 15:58:00+00:00,2025-06-13 12:00:00+00:00,2025-06-12 16:01:00+00:00,2025-06-13 16:00:00+00:00,1.733228,1.214564,expansion,-0.0079783,74.8781
2025-06-13,ACME,2025-06-13 16:00:00+00:00,2025-06-13 15:58:00+00:00,2025-06-14 12:00:00+00:00,2025-06-13 16:01:00+00:00,2025-06-16 16:00:00+00:00,0.621421,1.251392,normal,0.01089326,75.6938
2025-06-16,ACME,2025-06-16 16:00:00+00:00,2025-06-16 15:58:00+00:00,2025-06-17 12:00:00+00:00,2025-06-16 16:01:00+00:00,2025-06-17 16:00:00+00:00,0.257541,0.034972,normal,-0.00314392,75.4558
2025-06-17,ACME,2025-06-17 16:00:00+00:00,2025-06-17 15:58:00+00:00,2025-06-18 12:00:00+00:00,2025-06-17 16:01:00+00:00,2025-06-18 16:00:00+00:00,1.487221,1.45762,expansion,-0.00148897,75.3435
2025-06-18,ACME,2025-06-18 16:00:00+00:00,2025-06-18 15:58:00+00:00,2025-06-19 12:00:00+00:00,2025-06-18 16:01:00+00:00,2025-06-19 16:00:00+00:00,-0.21877,0.31218,normal,0.01237505,76.2758
2025-06-19,ACME,2025-06-19 16:00:00+00:00,2025-06-19 15:58:00+00:00,2025-06-20 12:00:00+00:00,2025-06-19 16:01:00+00:00,2025-06-20 16:00:00+00:00,1.237508,0.892548,expansion,-0.00672811,75.7627
2025-06-20,ACME,2025-06-20 16:00:00+00:00,2025-06-20 15:58:00+00:00,2025-06-21 12:00:00+00:00,2025-06-20 16:01:00+00:00,2025-06-23 16:00:00+00:00,1.080112,0.657296,expansion,-0.00995988,75.0081
2025-06-23,ACME,2025-06-23 16:00:00+00:00,2025-06-23 15:58:00+00:00,2025-06-24 12:00:00+00:00,2025-06-23 16:01:00+00:00,2025-06-24 16:00:00+00:00,2.14761,1.80354,expansion,-0.0071949,74.4684
2025-06-24,ACME,2025-06-24 16:00:00+00:00,2025-06-24 15:58:00+00:00,2025-06-25 12:00:00+00:00,2025-06-24 16:01:00+00:00,2025-06-25 16:00:00+00:00,1.240725,1.263887,expansion,-0.00471225,74.1175
2025-06-25,ACME,2025-06-25 16:00:00+00:00,2025-06-25 15:58:00+00:00,2025-06-26 12:00:00+00:00,2025-06-25 16:01:00+00:00,2025-06-26 16:00:00+00:00,1.256486,0.733139,expansion,-0.00735008,73.5727
2025-06-26,ACME,2025-06-26 16:00:00+00:00,2025-06-26 15:58:00+00:00,2025-06-27 12:00:00+00:00,2025-06-26 16:01:00+00:00,2025-06-27 16:00:00+00:00,1.609956,2.12393,expansion,0.01016885,74.3209
2025-06-27,ACME,2025-06-27 16:00:00+00:00,2025-06-27 15:58:00+00:00,2025-06-28 12:00:00+00:00,2025-06-27 16:01:00+00:00,2025-06-30 16:00:00+00:00,1.223819,1.181876,expansion,0.00210633,74.4774
2025-06-30,ACME,2025-06-30 16:00:00+00:00,2025-06-30 15:58:00+00:00,2025-07-01 12:00:00+00:00,2025-06-30 16:01:00+00:00,2025-07-01 16:00:00+00:00,2.236159,3.036719,expansion,0.01585099,75.6579
2025-07-01,ACME,2025-07-01 16:00:00+00:00,2025-07-01 15:58:00+00:00,2025-07-02 12:00:00+00:00,2025-07-01 16:01:00+00:00,2025-07-02 16:00:00+00:00,1.515526,1.427722,expansion,0.00011584,75.6667
2025-07-02,ACME,2025-07-02 16:00:00+00:00,2025-07-02 15:58:00+00:00,2025-07-03 12:00:00+00:00,2025-07-02 16:01:00+00:00,2025-07-03 16:00:00+00:00,1.024432,1.158461,expansion,0.00359776,75.9389
2025-07-03,ACME,2025-07-03 16:00:00+00:00,2025-07-03 15:58:00+00:00,2025-07-04 12:00:00+00:00,2025-07-03 16:01:00+00:00,2025-07-04 16:00:00+00:00,-0.0426,0.227016,normal,0.00770244,76.5239
2025-07-04,ACME,2025-07-04 16:00:00+00:00,2025-07-04 15:58:00+00:00,2025-07-05 12:00:00+00:00,2025-07-04 16:01:00+00:00,2025-07-07 16:00:00+00:00,0.763464,0.639449,normal,-0.00081831,76.4612
2025-07-07,ACME,2025-07-07 16:00:00+00:00,2025-07-07 15:58:00+00:00,2025-07-08 12:00:00+00:00,2025-07-07 16:01:00+00:00,2025-07-08 16:00:00+00:00,-0.235828,-0.069568,normal,0.00456282,76.8101
2025-07-08,ACME,2025-07-08 16:00:00+00:00,2025-07-08 15:58:00+00:00,2025-07-09 12:00:00+00:00,2025-07-08 16:01:00+00:00,2025-07-09 16:00:00+00:00,0.677625,0.557992,normal,-0.00024866,76.791
2025-07-09,ACME,2025-07-09 16:00:00+00:00,2025-07-09 15:58:00+00:00,2025-07-10 12:00:00+00:00,2025-07-09 16:01:00+00:00,2025-07-10 16:00:00+00:00,-1.728472,-2.378909,stress,-0.02015989,75.2429
2025-07-10,ACME,2025-07-10 16:00:00+00:00,2025-07-10 15:58:00+00:00,2025-07-11 12:00:00+00:00,2025-07-10 16:01:00+00:00,2025-07-11 16:00:00+00:00,0.263419,-0.5791,normal,-0.01438512,74.1605
2025-07-11,ACME,2025-07-11 16:00:00+00:00,2025-07-11 15:58:00+00:00,2025-07-12 12:00:00+00:00,2025-07-11 16:01:00+00:00,2025-07-14 16:00:00+00:00,-0.444839,-0.793254,normal,-0.00944203,73.4603
2025-07-14,ACME,2025-07-14 16:00:00+00:00,2025-07-14 15:58:00+00:00,2025-07-15 12:00:00+00:00,2025-07-14 16:01:00+00:00,2025-07-15 16:00:00+00:00,-0.314145,0.137574,normal,0.00622449,73.9176
2025-07-15,ACME,2025-07-15 16:00:00+00:00,2025-07-15 15:58:00+00:00,2025-07-16 12:00:00+00:00,2025-07-15 16:01:00+00:00,2025-07-16 16:00:00+00:00,-1.479364,-1.835826,normal,-0.00813384,73.3163
2025-07-16,ACME,2025-07-16 16:00:00+00:00,2025-07-16 15:58:00+00:00,2025-07-17 12:00:00+00:00,2025-07-16 16:01:00+00:00,2025-07-17 16:00:00+00:00,-0.373675,-0.805298,normal,-0.00603532,72.8738
2025-07-17,ACME,2025-07-17 16:00:00+00:00,2025-07-17 15:58:00+00:00,2025-07-18 12:00:00+00:00,2025-07-17 16:01:00+00:00,2025-07-18 16:00:00+00:00,-1.169239,-1.460507,stress,-0.00578933,72.452
2025-07-18,ACME,2025-07-18 16:00:00+00:00,2025-07-18 15:58:00+00:00,2025-07-19 12:00:00+00:00,2025-07-18 16:01:00+00:00,2025-07-21 16:00:00+00:00,-1.650945,-1.139851,stress,0.00902948,73.1062
2025-07-21,ACME,2025-07-21 16:00:00+00:00,2025-07-21 15:58:00+00:00,2025-07-22 12:00:00+00:00,2025-07-21 16:01:00+00:00,2025-07-22 16:00:00+00:00,-0.590655,-1.191117,stress,-0.00933429,72.4238
2025-07-22,ACME,2025-07-22 16:00:00+00:00,2025-07-22 15:58:00+00:00,2025-07-23 12:00:00+00:00,2025-07-22 16:01:00+00:00,2025-07-23 16:00:00+00:00,-0.93528,-0.422884,normal,0.00873467,73.0564
2025-07-23,ACME,2025-07-23 16:00:00+00:00,2025-07-23 15:58:00+00:00,2025-07-24 12:00:00+00:00,2025-07-23 16:01:00+00:00,2025-07-24 16:00:00+00:00,-0.947406,-0.362899,stress,0.01212079,73.9419
2025-07-24,ACME,2025-07-24 16:00:00+00:00,2025-07-24 15:58:00+00:00,2025-07-25 12:00:00+00:00,2025-07-24 16:01:00+00:00,2025-07-25 16:00:00+00:00,-0.923527,-0.695371,stress,0.00796749,74.531
2025-07-25,ACME,2025-07-25 16:00:00+00:00,2025-07-25 15:58:00+00:00,2025-07-26 12:00:00+00:00,2025-07-25 16:01:00+00:00,2025-07-28 16:00:00+00:00,-1.101862,-0.633723,normal,0.00609416,74.9852
2025-07-28,ACME,2025-07-28 16:00:00+00:00,2025-07-28 15:58:00+00:00,2025-07-29 12:00:00+00:00,2025-07-28 16:01:00+00:00,2025-07-29 16:00:00+00:00,0.714238,0.966146,normal,0.00352709,75.2497
2025-07-29,ACME,2025-07-29 16:00:00+00:00,2025-07-29 15:58:00+00:00,2025-07-30 12:00:00+00:00,2025-07-29 16:01:00+00:00,2025-07-30 16:00:00+00:00,-0.239028,0.92462,normal,0.02383369,77.0432
2025-07-30,ACME,2025-07-30 16:00:00+00:00,2025-07-30 15:58:00+00:00,2025-07-31 12:00:00+00:00,2025-07-30 16:01:00+00:00,2025-07-31 16:00:00+00:00,0.033357,0.195331,normal,0.0030523,77.2783
2025-07-31,ACME,2025-07-31 16:00:00+00:00,2025-07-31 15:58:00+00:00,2025-08-01 12:00:00+00:00,2025-07-31 16:01:00+00:00,2025-08-01 16:00:00+00:00,0.779677,0.855426,normal,0.00294645,77.506
2025-08-01,ACME,2025-08-01 16:00:00+00:00,2025-08-01 15:58:00+00:00,2025-08-02 12:00:00+00:00,2025-08-01 16:01:00+00:00,2025-08-04 16:00:00+00:00,-0.273681,0.357749,normal,0.0135718,78.5579
2025-08-04,ACME,2025-08-04 16:00:00+00:00,2025-08-04 15:58:00+00:00,2025-08-05 12:00:00+00:00,2025-08-04 16:01:00+00:00,2025-08-05 16:00:00+00:00,0.401209,1.106333,normal,0.00723763,79.1265
2025-08-05,ACME,2025-08-05 16:00:00+00:00,2025-08-05 15:58:00+00:00,2025-08-06 12:00:00+00:00,2025-08-05 16:01:00+00:00,2025-08-06 16:00:00+00:00,-0.106772,0.01452,normal,0.00362758,79.4135
2025-08-06,ACME,2025-08-06 16:00:00+00:00,2025-08-06 15:58:00+00:00,2025-08-07 12:00:00+00:00,2025-08-06 16:01:00+00:00,2025-08-07 16:00:00+00:00,-0.167619,-0.291755,normal,-0.0049225,79.0226
2025-08-07,ACME,2025-08-07 16:00:00+00:00,2025-08-07 15:58:00+00:00,2025-08-08 12:00:00+00:00,2025-08-07 16:01:00+00:00,2025-08-08 16:00:00+00:00,0.131852,0.096687,normal,0.00205243,79.1848
2025-08-08,ACME,2025-08-08 16:00:00+00:00,2025-08-08 15:58:00+00:00,2025-08-09 12:00:00+00:00,2025-08-08 16:01:00+00:00,2025-08-11 16:00:00+00:00,0.128936,0.32597,normal,0.00433389,79.528
2025-08-11,ACME,2025-08-11 16:00:00+00:00,2025-08-11 15:58:00+00:00,2025-08-12 12:00:00+00:00,2025-08-11 16:01:00+00:00,2025-08-12 16:00:00+00:00,0.363275,0.948492,normal,0.00733213,80.1111
2025-08-12,ACME,2025-08-12 16:00:00+00:00,2025-08-12 15:58:00+00:00,2025-08-13 12:00:00+00:00,2025-08-12 16:01:00+00:00,2025-08-13 16:00:00+00:00,0.03988,-0.444548,normal,-0.01009892,79.302
2025-08-13,ACME,2025-08-13 16:00:00+00:00,2025-08-13 15:58:00+00:00,2025-08-14 12:00:00+00:00,2025-08-13 16:01:00+00:00,2025-08-14 16:00:00+00:00,1.612026,2.292265,expansion,0.01279761,80.3169
2025-08-14,ACME,2025-08-14 16:00:00+00:00,2025-08-14 15:58:00+00:00,2025-08-15 12:00:00+00:00,2025-08-14 16:01:00+00:00,2025-08-15 16:00:00+00:00,0.728809,-0.023295,normal,-0.01499286,79.1127
2025-08-15,ACME,2025-08-15 16:00:00+00:00,2025-08-15 15:58:00+00:00,2025-08-16 12:00:00+00:00,2025-08-15 16:01:00+00:00,2025-08-18 16:00:00+00:00,1.412088,1.851085,expansion,0.01176844,80.0438
2025-08-18,ACME,2025-08-18 16:00:00+00:00,2025-08-18 15:58:00+00:00,2025-08-19 12:00:00+00:00,2025-08-18 16:01:00+00:00,2025-08-19 16:00:00+00:00,1.558098,0.760496,expansion,-0.01937257,78.4931
2025-08-19,ACME,2025-08-19 16:00:00+00:00,2025-08-19 15:58:00+00:00,2025-08-20 12:00:00+00:00,2025-08-19 16:01:00+00:00,2025-08-20 16:00:00+00:00,2.304485,1.779829,expansion,-0.01110751,77.6213
2025-08-20,ACME,2025-08-20 16:00:00+00:00,2025-08-20 15:58:00+00:00,2025-08-21 12:00:00+00:00,2025-08-20 16:01:00+00:00,2025-08-21 16:00:00+00:00,1.259051,1.558452,expansion,0.00623682,78.1054
2025-08-21,ACME,2025-08-21 16:00:00+00:00,2025-08-21 15:58:00+00:00,2025-08-22 12:00:00+00:00,2025-08-21 16:01:00+00:00,2025-08-22 16:00:00+00:00,0.759478,0.679161,normal,-0.0015224,77.9865
2025-08-22,ACME,2025-08-22 16:00:00+00:00,2025-08-22 15:58:00+00:00,2025-08-23 12:00:00+00:00,2025-08-22 16:01:00+00:00,2025-08-25 16:00:00+00:00,1.708037,2.085708,expansion,0.01007066,78.7718
2025-08-25,ACME,2025-08-25 16:00:00+00:00,2025-08-25 15:58:00+00:00,2025-08-26 12:00:00+00:00,2025-08-25 16:01:00+00:00,2025-08-26 16:00:00+00:00,1.396082,1.130133,expansion,-0.00546822,78.3411
2025-08-26,ACME,2025-08-26 16:00:00+00:00,2025-08-26 15:58:00+00:00,2025-08-27 12:00:00+00:00,2025-08-26 16:01:00+00:00,2025-08-27 16:00:00+00:00,1.146745,1.653021,expansion,0.01354056,79.4019
2025-08-27,ACME,2025-08-27 16:00:00+00:00,2025-08-27 15:58:00+00:00,2025-08-28 12:00:00+00:00,2025-08-27 16:01:00+00:00,2025-08-28 16:00:00+00:00,0.308322,0.87786,normal,0.01040561,80.2281
2025-08-28,ACME,2025-08-28 16:00:00+00:00,2025-08-28 15:58:00+00:00,2025-08-29 12:00:00+00:00,2025-08-28 16:01:00+00:00,2025-08-29 16:00:00+00:00,-0.809986,-0.296414,normal,0.01357193,81.3169
2025-08-29,ACME,2025-08-29 16:00:00+00:00,2025-08-29 15:58:00+00:00,2025-08-30 12:00:00+00:00,2025-08-29 16:01:00+00:00,2025-09-01 16:00:00+00:00,-0.690126,-0.560494,normal,-0.00214126,81.1428
2025-09-01,ACME,2025-09-01 16:00:00+00:00,2025-09-01 15:58:00+00:00,2025-09-02 12:00:00+00:00,2025-09-01 16:01:00+00:00,2025-09-02 16:00:00+00:00,-1.701463,-1.843248,stress,-0.00167195,81.0072
2025-09-02,ACME,2025-09-02 16:00:00+00:00,2025-09-02 15:58:00+00:00,2025-09-03 12:00:00+00:00,2025-09-02 16:01:00+00:00,2025-09-03 16:00:00+00:00,-2.135735,-1.677379,stress,0.00795538,81.6516
2025-09-03,ACME,2025-09-03 16:00:00+00:00,2025-09-03 15:58:00+00:00,2025-09-04 12:00:00+00:00,2025-09-03 16:01:00+00:00,2025-09-04 16:00:00+00:00,0.184984,0.655001,normal,0.01118593,82.565
2025-09-04,ACME,2025-09-04 16:00:00+00:00,2025-09-04 15:58:00+00:00,2025-09-05 12:00:00+00:00,2025-09-04 16:01:00+00:00,2025-09-05 16:00:00+00:00,0.216421,0.407254,normal,0.00313759,82.824
2025-09-05,ACME,2025-09-05 16:00:00+00:00,2025-09-05 15:58:00+00:00,2025-09-06 12:00:00+00:00,2025-09-05 16:01:00+00:00,2025-09-08 16:00:00+00:00,-0.457177,-0.870264,normal,-0.00995623,81.9994
2025-09-08,ACME,2025-09-08 16:00:00+00:00,2025-09-08 15:58:00+00:00,2025-09-09 12:00:00+00:00,2025-09-08 16:01:00+00:00,2025-09-09 16:00:00+00:00,1.234841,0.97808,expansion,-0.00344591,81.7168
2025-09-09,ACME,2025-09-09 16:00:00+00:00,2025-09-09 15:58:00+00:00,2025-09-10 12:00:00+00:00,2025-09-09 16:01:00+00:00,2025-09-10 16:00:00+00:00,1.958089,2.131294,expansion,0.00476075,82.1059
2025-09-10,ACME,2025-09-10 16:00:00+00:00,2025-09-10 15:58:00+00:00,2025-09-11 12:00:00+00:00,2025-09-10 16:01:00+00:00,2025-09-11 16:00:00+00:00,2.879113,3.037729,expansion,0.0062217,82.6167
2025-09-11,ACME,2025-09-11 16:00:00+00:00,2025-09-11 15:58:00+00:00,2025-09-12 12:00:00+00:00,2025-09-11 16:01:00+00:00,2025-09-12 16:00:00+00:00,4.205011,3.430899,expansion,-0.0182433,81.1095
2025-09-12,ACME,2025-09-12 16:00:00+00:00,2025-09-12 15:58:00+00:00,2025-09-13 12:00:00+00:00,2025-09-12 16:01:00+00:00,2025-09-15 16:00:00+00:00,3.408231,3.598524,expansion,0.00469467,81.4903
2025-09-15,ACME,2025-09-15 16:00:00+00:00,2025-09-15 15:58:00+00:00,2025-09-16 12:00:00+00:00,2025-09-15 16:01:00+00:00,2025-09-16 16:00:00+00:00,2.678406,3.159001,expansion,0.0063797,82.0102
2025-09-16,ACME,2025-09-16 16:00:00+00:00,2025-09-16 15:58:00+00:00,2025-09-17 12:00:00+00:00,2025-09-16 16:01:00+00:00,2025-09-17 16:00:00+00:00,1.19961,1.596297,expansion,0.00280645,82.2403
2025-09-17,ACME,2025-09-17 16:00:00+00:00,2025-09-17 15:58:00+00:00,2025-09-18 12:00:00+00:00,2025-09-17 16:01:00+00:00,2025-09-18 16:00:00+00:00,2.020929,2.257727,expansion,0.00293661,82.4818
2025-09-18,ACME,2025-09-18 16:00:00+00:00,2025-09-18 15:58:00+00:00,2025-09-19 12:00:00+00:00,2025-09-18 16:01:00+00:00,2025-09-19 16:00:00+00:00,0.807459,0.704609,expansion,-0.00203991,82.3136
2025-09-19,ACME,2025-09-19 16:00:00+00:00,2025-09-19 15:58:00+00:00,2025-09-20 12:00:00+00:00,2025-09-19 16:01:00+00:00,2025-09-22 16:00:00+00:00,1.088736,0.934049,expansion,0.00137831,82.427
2025-09-22,ACME,2025-09-22 16:00:00+00:00,2025-09-22 15:58:00+00:00,2025-09-23 12:00:00+00:00,2025-09-22 16:01:00+00:00,2025-09-23 16:00:00+00:00,1.958706,1.888313,expansion,-0.00151892,82.3018
2025-09-23,ACME,2025-09-23 16:00:00+00:00,2025-09-23 15:58:00+00:00,2025-09-24 12:00:00+00:00,2025-09-23 16:01:00+00:00,2025-09-24 16:00:00+00:00,1.283065,2.042291,expansion,0.01665069,83.6722
2025-09-24,ACME,2025-09-24 16:00:00+00:00,2025-09-24 15:58:00+00:00,2025-09-25 12:00:00+00:00,2025-09-24 16:01:00+00:00,2025-09-25 16:00:00+00:00,0.909424,0.854017,expansion,0.00023012,83.6915
2025-09-25,ACME,2025-09-25 16:00:00+00:00,2025-09-25 15:58:00+00:00,2025-09-26 12:00:00+00:00,2025-09-25 16:01:00+00:00,2025-09-26 16:00:00+00:00,1.458619,1.605602,expansion,0.00306661,83.9481
2025-09-26,ACME,2025-09-26 16:00:00+00:00,2025-09-26 15:58:00+00:00,2025-09-27 12:00:00+00:00,2025-09-26 16:01:00+00:00,2025-09-29 16:00:00+00:00,-0.159712,-1.305436,normal,-0.02605887,81.7605
2025-09-29,ACME,2025-09-29 16:00:00+00:00,2025-09-29 15:58:00+00:00,2025-09-30 12:00:00+00:00,2025-09-29 16:01:00+00:00,2025-09-30 16:00:00+00:00,-1.288029,-1.313982,normal,0.00299866,82.0057
2025-09-30,ACME,2025-09-30 16:00:00+00:00,2025-09-30 15:58:00+00:00,2025-10-01 12:00:00+00:00,2025-09-30 16:01:00+00:00,2025-10-01 16:00:00+00:00,-0.443989,-0.699445,normal,-0.00857242,81.3027
2025-10-01,ACME,2025-10-01 16:00:00+00:00,2025-10-01 15:58:00+00:00,2025-10-02 12:00:00+00:00,2025-10-01 16:01:00+00:00,2025-10-02 16:00:00+00:00,0.142199,0.488503,normal,0.01110432,82.2055
2025-10-02,ACME,2025-10-02 16:00:00+00:00,2025-10-02 15:58:00+00:00,2025-10-03 12:00:00+00:00,2025-10-02 16:01:00+00:00,2025-10-03 16:00:00+00:00,0.278305,0.981908,normal,0.01190573,83.1842
2025-10-03,ACME,2025-10-03 16:00:00+00:00,2025-10-03 15:58:00+00:00,2025-10-04 12:00:00+00:00,2025-10-03 16:01:00+00:00,2025-10-06 16:00:00+00:00,-0.085876,-0.145463,normal,0.00019613,83.2005
2025-10-06,ACME,2025-10-06 16:00:00+00:00,2025-10-06 15:58:00+00:00,2025-10-07 12:00:00+00:00,2025-10-06 16:01:00+00:00,2025-10-07 16:00:00+00:00,-0.199488,1.189269,normal,0.03229056,85.8871
2025-10-07,ACME,2025-10-07 16:00:00+00:00,2025-10-07 15:58:00+00:00,2025-10-08 12:00:00+00:00,2025-10-07 16:01:00+00:00,2025-10-08 16:00:00+00:00,-0.174031,-0.166276,normal,0.00184546,86.0456
2025-10-08,ACME,2025-10-08 16:00:00+00:00,2025-10-08 15:58:00+00:00,2025-10-09 12:00:00+00:00,2025-10-08 16:01:00+00:00,2025-10-09 16:00:00+00:00,-0.069216,0.62747,normal,0.01227517,87.1019
2025-10-09,ACME,2025-10-09 16:00:00+00:00,2025-10-09 15:58:00+00:00,2025-10-10 12:00:00+00:00,2025-10-09 16:01:00+00:00,2025-10-10 16:00:00+00:00,0.28895,0.788424,normal,0.00858013,87.8492
2025-10-10,ACME,2025-10-10 16:00:00+00:00,2025-10-10 15:58:00+00:00,2025-10-11 12:00:00+00:00,2025-10-10 16:01:00+00:00,2025-10-13 16:00:00+00:00,1.966802,2.391246,expansion,0.01172947,88.8796
2025-10-13,ACME,2025-10-13 16:00:00+00:00,2025-10-13 15:58:00+00:00,2025-10-14 12:00:00+00:00,2025-10-13 16:01:00+00:00,2025-10-14 16:00:00+00:00,0.355606,0.529952,expansion,0.00319027,89.1632
2025-10-14,ACME,2025-10-14 16:00:00+00:00,2025-10-14 15:58:00+00:00,2025-10-15 12:00:00+00:00,2025-10-14 16:01:00+00:00,2025-10-15 16:00:00+00:00,0.241147,0.236403,normal,-0.00128046,89.049
2025-10-15,ACME,2025-10-15 16:00:00+00:00,2025-10-15 15:58:00+00:00,2025-10-16 12:00:00+00:00,2025-10-15 16:01:00+00:00,2025-10-16 16:00:00+00:00,1.080862,0.845673,normal,-0.00400468,88.6924
2025-10-16,ACME,2025-10-16 16:00:00+00:00,2025-10-16 15:58:00+00:00,2025-10-17 12:00:00+00:00,2025-10-16 16:01:00+00:00,2025-10-17 16:00:00+00:00,0.269753,1.559896,normal,0.02618494,91.0148
2025-10-17,ACME,2025-10-17 16:00:00+00:00,2025-10-17 15:58:00+00:00,2025-10-18 12:00:00+00:00,2025-10-17 16:01:00+00:00,2025-10-20 16:00:00+00:00,0.618671,0.010625,normal,-0.01474798,89.6725
2025-10-20,ACME,2025-10-20 16:00:00+00:00,2025-10-20 15:58:00+00:00,2025-10-21 12:00:00+00:00,2025-10-20 16:01:00+00:00,2025-10-21 16:00:00+00:00,0.186829,-0.12063,normal,-0.00730535,89.0174
2025-10-21,ACME,2025-10-21 16:00:00+00:00,2025-10-21 15:58:00+00:00,2025-10-22 12:00:00+00:00,2025-10-21 16:01:00+00:00,2025-10-22 16:00:00+00:00,-0.600569,-1.275171,normal,-0.00973514,88.1508
2025-10-22,ACME,2025-10-22 16:00:00+00:00,2025-10-22 15:58:00+00:00,2025-10-23 12:00:00+00:00,2025-10-22 16:01:00+00:00,2025-10-23 16:00:00+00:00,-0.129149,0.201208,normal,0.00944429,88.9834
2025-10-23,ACME,2025-10-23 16:00:00+00:00,2025-10-23 15:58:00+00:00,2025-10-24 12:00:00+00:00,2025-10-23 16:01:00+00:00,2025-10-24 16:00:00+00:00,1.164501,0.963175,normal,-0.00491784,88.5458
2025-10-24,ACME,2025-10-24 16:00:00+00:00,2025-10-24 15:58:00+00:00,2025-10-25 12:00:00+00:00,2025-10-24 16:01:00+00:00,2025-10-27 16:00:00+00:00,1.760051,0.814001,expansion,-0.0154125,87.181
2025-10-27,ACME,2025-10-27 16:00:00+00:00,2025-10-27 15:58:00+00:00,2025-10-28 12:00:00+00:00,2025-10-27 16:01:00+00:00,2025-10-28 16:00:00+00:00,2.50407,2.818949,expansion,0.00089529,87.2591
2025-10-28,ACME,2025-10-28 16:00:00+00:00,2025-10-28 15:58:00+00:00,2025-10-29 12:00:00+00:00,2025-10-28 16:01:00+00:00,2025-10-29 16:00:00+00:00,-0.11861,-0.045173,normal,0.00458282,87.659
2025-10-29,ACME,2025-10-29 16:00:00+00:00,2025-10-29 15:58:00+00:00,2025-10-30 12:00:00+00:00,2025-10-29 16:01:00+00:00,2025-10-30 16:00:00+00:00,-1.492287,-2.121158,normal,-0.01309764,86.5109
2025-10-30,ACME,2025-10-30 16:00:00+00:00,2025-10-30 15:58:00+00:00,2025-10-31 12:00:00+00:00,2025-10-30 16:01:00+00:00,2025-10-31 16:00:00+00:00,-0.977712,-1.213159,normal,-0.00642404,85.9551
2025-10-31,ACME,2025-10-31 16:00:00+00:00,2025-10-31 15:58:00+00:00,2025-11-01 12:00:00+00:00,2025-10-31 16:01:00+00:00,2025-11-03 16:00:00+00:00,0.412075,0.117455,normal,-0.00926375,85.1588
2025-11-03,ACME,2025-11-03 16:00:00+00:00,2025-11-03 15:58:00+00:00,2025-11-04 12:00:00+00:00,2025-11-03 16:01:00+00:00,2025-11-04 16:00:00+00:00,0.420733,0.138234,normal,-0.00500734,84.7324
2025-11-04,ACME,2025-11-04 16:00:00+00:00,2025-11-04 15:58:00+00:00,2025-11-05 12:00:00+00:00,2025-11-04 16:01:00+00:00,2025-11-05 16:00:00+00:00,1.864007,1.118807,normal,-0.01478265,83.4799
2025-11-05,ACME,2025-11-05 16:00:00+00:00,2025-11-05 15:58:00+00:00,2025-11-06 12:00:00+00:00,2025-11-05 16:01:00+00:00,2025-11-06 16:00:00+00:00,0.693969,0.990093,normal,0.0053748,83.9285
2025-11-06,ACME,2025-11-06 16:00:00+00:00,2025-11-06 15:58:00+00:00,2025-11-07 12:00:00+00:00,2025-11-06 16:01:00+00:00,2025-11-07 16:00:00+00:00,0.831422,0.670678,expansion,-0.00548098,83.4685
2025-11-07,ACME,2025-11-07 16:00:00+00:00,2025-11-07 15:58:00+00:00,2025-11-08 12:00:00+00:00,2025-11-07 16:01:00+00:00,2025-11-10 16:00:00+00:00,0.878521,1.595241,expansion,0.01703282,84.8902
2025-11-10,ACME,2025-11-10 16:00:00+00:00,2025-11-10 15:58:00+00:00,2025-11-11 12:00:00+00:00,2025-11-10 16:01:00+00:00,2025-11-11 16:00:00+00:00,1.11818,1.385656,expansion,0.00988948,85.7298
2025-11-11,ACME,2025-11-11 16:00:00+00:00,2025-11-11 15:58:00+00:00,2025-11-12 12:00:00+00:00,2025-11-11 16:01:00+00:00,2025-11-12 16:00:00+00:00,0.920402,1.135416,expansion,0.00292904,85.9809
2025-11-12,ACME,2025-11-12 16:00:00+00:00,2025-11-12 15:58:00+00:00,2025-11-13 12:00:00+00:00,2025-11-12 16:01:00+00:00,2025-11-13 16:00:00+00:00,-0.228869,-0.122126,normal,0.00510878,86.4201
2025-11-13,ACME,2025-11-13 16:00:00+00:00,2025-11-13 15:58:00+00:00,2025-11-14 12:00:00+00:00,2025-11-13 16:01:00+00:00,2025-11-14 16:00:00+00:00,-0.328302,-0.0819,normal,0.00631706,86.966
2025-11-14,ACME,2025-11-14 16:00:00+00:00,2025-11-14 15:58:00+00:00,2025-11-15 12:00:00+00:00,2025-11-14 16:01:00+00:00,2025-11-17 16:00:00+00:00,0.20118,-0.260148,normal,-0.01034868,86.0661
2025-11-17,ACME,2025-11-17 16:00:00+00:00,2025-11-17 15:58:00+00:00,2025-11-18 12:00:00+00:00,2025-11-17 16:01:00+00:00,2025-11-18 16:00:00+00:00,-0.266712,-0.928807,normal,-0.01331327,84.9202
2025-11-18,ACME,2025-11-18 16:00:00+00:00,2025-11-18 15:58:00+00:00,2025-11-19 12:00:00+00:00,2025-11-18 16:01:00+00:00,2025-11-19 16:00:00+00:00,0.132553,0.101266,normal,-0.00208703,84.743
2025-11-19,ACME,2025-11-19 16:00:00+00:00,2025-11-19 15:58:00+00:00,2025-11-20 12:00:00+00:00,2025-11-19 16:01:00+00:00,2025-11-20 16:00:00+00:00,-0.315623,-0.744988,normal,-0.01259197,83.6759
2025-11-20,ACME,2025-11-20 16:00:00+00:00,2025-11-20 15:58:00+00:00,2025-11-21 12:00:00+00:00,2025-11-20 16:01:00+00:00,2025-11-21 16:00:00+00:00,-0.892654,-0.564317,normal,0.00886659,84.4178
2025-11-21,ACME,2025-11-21 16:00:00+00:00,2025-11-21 15:58:00+00:00,2025-11-22 12:00:00+00:00,2025-11-21 16:01:00+00:00,2025-11-24 16:00:00+00:00,1.253153,1.749217,expansion,0.01699379,85.8524
2025-11-24,ACME,2025-11-24 16:00:00+00:00,2025-11-24 15:58:00+00:00,2025-11-25 12:00:00+00:00,2025-11-24 16:01:00+00:00,2025-11-25 16:00:00+00:00,1.410944,0.726221,normal,-0.01315444,84.7231
2025-11-25,ACME,2025-11-25 16:00:00+00:00,2025-11-25 15:58:00+00:00,2025-11-26 12:00:00+00:00,2025-11-25 16:01:00+00:00,2025-11-26 16:00:00+00:00,-0.250577,0.309736,normal,0.00676571,85.2963
2025-11-26,ACME,2025-11-26 16:00:00+00:00,2025-11-26 15:58:00+00:00,2025-11-27 12:00:00+00:00,2025-11-26 16:01:00+00:00,2025-11-27 16:00:00+00:00,0.67003,1.033152,normal,0.00853516,86.0243
2025-11-27,ACME,2025-11-27 16:00:00+00:00,2025-11-27 15:58:00+00:00,2025-11-28 12:00:00+00:00,2025-11-27 16:01:00+00:00,2025-11-28 16:00:00+00:00,0.340467,0.637103,normal,0.00527472,86.4781
2025-11-28,ACME,2025-11-28 16:00:00+00:00,2025-11-28 15:58:00+00:00,2025-11-29 12:00:00+00:00,2025-11-28 16:01:00+00:00,2025-12-01 16:00:00+00:00,0.267848,0.120545,normal,-0.00071602,86.4161
2025-12-01,ACME,2025-12-01 16:00:00+00:00,2025-12-01 15:58:00+00:00,2025-12-02 12:00:00+00:00,2025-12-01 16:01:00+00:00,2025-12-02 16:00:00+00:00,0.577342,0.80724,normal,0.00515665,86.8618
2025-12-02,ACME,2025-12-02 16:00:00+00:00,2025-12-02 15:58:00+00:00,2025-12-03 12:00:00+00:00,2025-12-02 16:01:00+00:00,2025-12-03 16:00:00+00:00,-0.689723,-0.637759,normal,0.00600945,87.3838
2025-12-03,ACME,2025-12-03 16:00:00+00:00,2025-12-03 15:58:00+00:00,2025-12-04 12:00:00+00:00,2025-12-03 16:01:00+00:00,2025-12-04 16:00:00+00:00,-0.34637,0.094435,normal,0.01164212,88.4011
2025-12-04,ACME,2025-12-04 16:00:00+00:00,2025-12-04 15:58:00+00:00,2025-12-05 12:00:00+00:00,2025-12-04 16:01:00+00:00,2025-12-05 16:00:00+00:00,-1.526762,-1.188467,stress,0.00552292,88.8893
2025-12-05,ACME,2025-12-05 16:00:00+00:00,2025-12-05 15:58:00+00:00,2025-12-06 12:00:00+00:00,2025-12-05 16:01:00+00:00,2025-12-08 16:00:00+00:00,-1.187737,-1.533522,stress,-0.00402545,88.5315
2025-12-08,ACME,2025-12-08 16:00:00+00:00,2025-12-08 15:58:00+00:00,2025-12-09 12:00:00+00:00,2025-12-08 16:01:00+00:00,2025-12-09 16:00:00+00:00,0.031616,0.415799,normal,0.00971278,89.3914
2025-12-09,ACME,2025-12-09 16:00:00+00:00,2025-12-09 15:58:00+00:00,2025-12-10 12:00:00+00:00,2025-12-09 16:01:00+00:00,2025-12-10 16:00:00+00:00,-0.59872,-0.973032,normal,-0.00697291,88.7681
2025-12-10,ACME,2025-12-10 16:00:00+00:00,2025-12-10 15:58:00+00:00,2025-12-11 12:00:00+00:00,2025-12-10 16:01:00+00:00,2025-12-11 16:00:00+00:00,-1.648126,-1.349927,stress,0.00669219,89.3621
2025-12-11,ACME,2025-12-11 16:00:00+00:00,2025-12-11 15:58:00+00:00,2025-12-12 12:00:00+00:00,2025-12-11 16:01:00+00:00,2025-12-12 16:00:00+00:00,-0.235749,-0.821232,stress,-0.00911041,88.548
2025-12-12,ACME,2025-12-12 16:00:00+00:00,2025-12-12 15:58:00+00:00,2025-12-13 12:00:00+00:00,2025-12-12 16:01:00+00:00,2025-12-15 16:00:00+00:00,-1.186974,-0.852495,stress,0.00922203,89.3646
2025-12-15,ACME,2025-12-15 16:00:00+00:00,2025-12-15 15:58:00+00:00,2025-12-16 12:00:00+00:00,2025-12-15 16:01:00+00:00,2025-12-16 16:00:00+00:00,-0.844766,-1.150217,stress,-0.0082172,88.6303
2025-12-16,ACME,2025-12-16 16:00:00+00:00,2025-12-16 15:58:00+00:00,2025-12-17 12:00:00+00:00,2025-12-16 16:01:00+00:00,2025-12-17 16:00:00+00:00,-0.338965,0.359995,normal,0.01567417,90.0195
2025-12-17,ACME,2025-12-17 16:00:00+00:00,2025-12-17 15:58:00+00:00,2025-12-18 12:00:00+00:00,2025-12-17 16:01:00+00:00,2025-12-18 16:00:00+00:00,1.36121,0.826861,expansion,-0.01611233,88.569
2025-12-18,ACME,2025-12-18 16:00:00+00:00,2025-12-18 15:58:00+00:00,2025-12-19 12:00:00+00:00,2025-12-18 16:01:00+00:00,2025-12-19 16:00:00+00:00,0.483344,0.087116,normal,-0.00857048,87.81
2025-12-19,ACME,2025-12-19 16:00:00+00:00,2025-12-19 15:58:00+00:00,2025-12-20 12:00:00+00:00,2025-12-19 16:01:00+00:00,2025-12-22 16:00:00+00:00,-0.265891,-0.587218,normal,-0.00811458,87.0974
2025-12-22,ACME,2025-12-22 16:00:00+00:00,2025-12-22 15:58:00+00:00,2025-12-23 12:00:00+00:00,2025-12-22 16:01:00+00:00,2025-12-23 16:00:00+00:00,0.53493,1.02765,normal,0.00985152,87.9555
2025-12-23,ACME,2025-12-23 16:00:00+00:00,2025-12-23 15:58:00+00:00,2025-12-24 12:00:00+00:00,2025-12-23 16:01:00+00:00,2025-12-24 16:00:00+00:00,1.749868,2.584732,expansion,0.0199237,89.7079
2025-12-24,ACME,2025-12-24 16:00:00+00:00,2025-12-24 15:58:00+00:00,2025-12-25 12:00:00+00:00,2025-12-24 16:01:00+00:00,2025-12-25 16:00:00+00:00,1.450999,1.466451,expansion,0.0055273,90.2037
2025-12-25,ACME,2025-12-25 16:00:00+00:00,2025-12-25 15:58:00+00:00,2025-12-26 12:00:00+00:00,2025-12-25 16:01:00+00:00,2025-12-26 16:00:00+00:00,1.79421,1.717776,expansion,-0.00265298,89.9644
2025-12-26,ACME,2025-12-26 16:00:00+00:00,2025-12-26 15:58:00+00:00,2025-12-27 12:00:00+00:00,2025-12-26 16:01:00+00:00,2025-12-29 16:00:00+00:00,1.683167,1.380445,expansion,-0.0036079,89.6398
2025-12-29,ACME,2025-12-29 16:00:00+00:00,2025-12-29 15:58:00+00:00,2025-12-30 12:00:00+00:00,2025-12-29 16:01:00+00:00,2025-12-30 16:00:00+00:00,1.306507,0.995555,expansion,-0.00481336,89.2083
2025-12-30,ACME,2025-12-30 16:00:00+00:00,2025-12-30 15:58:00+00:00,2025-12-31 12:00:00+00:00,2025-12-30 16:01:00+00:00,2025-12-31 16:00:00+00:00,0.714808,0.490645,expansion,-0.00638657,88.6386
2025-12-31,ACME,2025-12-31 16:00:00+00:00,2025-12-31 15:58:00+00:00,2026-01-01 12:00:00+00:00,2025-12-31 16:01:00+00:00,2026-01-01 16:00:00+00:00,0.107081,0.5311,normal,0.00753323,89.3063
