transaction_id,timestamp,customer_hash,amount_usd,cross_border,new_beneficiary,cash_equivalent,country_risk,velocity_24h,night_transaction,investigation_label,data_status
txn-00000,2025-01-02 00:00:00+00:00,customer-000,1790.86,0,0,0,1,5,1,0,fictional
txn-00001,2025-01-02 03:00:00+00:00,customer-001,3685.13,1,0,0,0,2,1,0,fictional
txn-00002,2025-01-02 06:00:00+00:00,customer-002,869.47,0,0,0,2,1,0,0,fictional
txn-00003,2025-01-02 09:00:00+00:00,customer-003,40796.03,1,0,0,2,5,0,1,fictional
txn-00004,2025-01-02 12:00:00+00:00,customer-004,3710.84,0,1,0,2,3,0,0,fictional
txn-00005,2025-01-02 15:00:00+00:00,customer-005,15184.88,1,0,0,2,1,0,0,fictional
txn-00006,2025-01-02 18:00:00+00:00,customer-006,2273.97,0,0,1,0,6,0,0,fictional
txn-00007,2025-01-02 21:00:00+00:00,customer-007,3137.69,0,1,0,0,3,0,0,fictional
txn-00008,2025-01-03 00:00:00+00:00,customer-008,1832.15,0,0,0,0,3,1,0,fictional
txn-00009,2025-01-03 03:00:00+00:00,customer-009,7764.56,0,0,0,0,0,1,0,fictional
txn-00010,2025-01-03 06:00:00+00:00,customer-010,1660.18,1,0,0,2,2,0,0,fictional
txn-00011,2025-01-03 09:00:00+00:00,customer-011,729.35,0,0,0,0,0,0,0,fictional
txn-00012,2025-01-03 12:00:00+00:00,customer-012,1455.59,0,0,0,2,2,0,0,fictional
txn-00013,2025-01-03 15:00:00+00:00,customer-013,2236.97,0,0,0,0,3,0,0,fictional
txn-00014,2025-01-03 18:00:00+00:00,customer-014,2731.6,0,0,0,1,3,0,0,fictional
txn-00015,2025-01-03 21:00:00+00:00,customer-015,10220.5,0,0,0,0,2,0,0,fictional
txn-00016,2025-01-04 00:00:00+00:00,customer-016,11168.99,0,0,0,1,1,1,0,fictional
txn-00017,2025-01-04 03:00:00+00:00,customer-017,1075.18,0,1,0,0,3,1,0,fictional
txn-00018,2025-01-04 06:00:00+00:00,customer-018,7051.45,0,0,0,0,3,0,0,fictional
txn-00019,2025-01-04 09:00:00+00:00,customer-019,3696.52,0,0,0,0,1,0,0,fictional
txn-00020,2025-01-04 12:00:00+00:00,customer-020,69.96,0,0,0,2,0,0,0,fictional
txn-00021,2025-01-04 15:00:00+00:00,customer-021,5499.76,0,0,0,0,3,0,0,fictional
txn-00022,2025-01-04 18:00:00+00:00,customer-022,3828.14,0,1,0,0,2,0,0,fictional
txn-00023,2025-01-04 21:00:00+00:00,customer-023,3404.25,0,1,0,3,1,0,0,fictional
txn-00024,2025-01-05 00:00:00+00:00,customer-024,6302.89,0,0,1,0,2,1,0,fictional
txn-00025,2025-01-05 03:00:00+00:00,customer-025,5161.24,0,1,0,1,4,1,0,fictional
txn-00026,2025-01-05 06:00:00+00:00,customer-026,3175.53,0,0,0,1,1,0,0,fictional
txn-00027,2025-01-05 09:00:00+00:00,customer-027,11701.63,0,0,0,0,0,0,0,fictional
txn-00028,2025-01-05 12:00:00+00:00,customer-028,1290.08,1,0,0,0,2,0,0,fictional
txn-00029,2025-01-05 15:00:00+00:00,customer-029,1707.08,1,0,0,2,3,0,0,fictional
txn-00030,2025-01-05 18:00:00+00:00,customer-030,6042.33,1,0,0,1,6,0,0,fictional
txn-00031,2025-01-05 21:00:00+00:00,customer-031,24534.68,0,0,0,3,1,0,0,fictional
txn-00032,2025-01-06 00:00:00+00:00,customer-032,3458.86,0,0,0,0,4,1,0,fictional
txn-00033,2025-01-06 03:00:00+00:00,customer-033,2811.76,0,0,0,0,1,1,0,fictional
txn-00034,2025-01-06 06:00:00+00:00,customer-034,6975.79,0,0,0,1,1,0,0,fictional
txn-00035,2025-01-06 09:00:00+00:00,customer-035,413.03,0,0,0,0,1,0,0,fictional
txn-00036,2025-01-06 12:00:00+00:00,customer-036,440.1,0,0,0,0,2,0,0,fictional
txn-00037,2025-01-06 15:00:00+00:00,customer-037,3226.22,0,0,0,1,1,0,0,fictional
txn-00038,2025-01-06 18:00:00+00:00,customer-038,1397.35,1,0,0,1,1,0,0,fictional
txn-00039,2025-01-06 21:00:00+00:00,customer-039,12517.69,0,0,0,3,0,0,0,fictional
txn-00040,2025-01-07 00:00:00+00:00,customer-040,4598.88,0,1,0,1,6,1,0,fictional
txn-00041,2025-01-07 03:00:00+00:00,customer-041,93.91,1,0,0,0,4,1,0,fictional
txn-00042,2025-01-07 06:00:00+00:00,customer-042,2967.75,0,0,0,1,0,0,0,fictional
txn-00043,2025-01-07 09:00:00+00:00,customer-043,664.45,1,0,0,1,3,0,0,fictional
txn-00044,2025-01-07 12:00:00+00:00,customer-044,2535.38,0,0,0,0,2,0,0,fictional
txn-00045,2025-01-07 15:00:00+00:00,customer-045,2612.35,0,0,0,2,2,0,0,fictional
txn-00046,2025-01-07 18:00:00+00:00,customer-046,7812.99,0,0,0,2,5,0,0,fictional
txn-00047,2025-01-07 21:00:00+00:00,customer-047,27136.2,1,0,1,0,1,0,0,fictional
txn-00048,2025-01-08 00:00:00+00:00,customer-048,26223.83,0,0,0,0,1,1,0,fictional
txn-00049,2025-01-08 03:00:00+00:00,customer-049,6564.24,0,0,0,1,0,1,0,fictional
txn-00050,2025-01-08 06:00:00+00:00,customer-050,18725.7,1,0,1,0,4,0,0,fictional
txn-00051,2025-01-08 09:00:00+00:00,customer-051,10106.5,1,0,0,1,1,0,0,fictional
txn-00052,2025-01-08 12:00:00+00:00,customer-052,143.4,0,0,1,3,2,0,0,fictional
txn-00053,2025-01-08 15:00:00+00:00,customer-053,677.65,1,0,0,1,4,0,0,fictional
txn-00054,2025-01-08 18:00:00+00:00,customer-054,5821.25,0,1,0,1,5,0,0,fictional
txn-00055,2025-01-08 21:00:00+00:00,customer-055,2478.12,0,0,1,0,1,0,0,fictional
txn-00056,2025-01-09 00:00:00+00:00,customer-056,1474.36,1,0,1,2,4,1,1,fictional
txn-00057,2025-01-09 03:00:00+00:00,customer-057,633.12,0,0,0,2,4,1,0,fictional
txn-00058,2025-01-09 06:00:00+00:00,customer-058,10084.39,0,0,0,1,0,0,0,fictional
txn-00059,2025-01-09 09:00:00+00:00,customer-059,56141.1,0,0,0,2,2,0,0,fictional
txn-00060,2025-01-09 12:00:00+00:00,customer-060,1886.22,0,1,0,2,3,0,0,fictional
txn-00061,2025-01-09 15:00:00+00:00,customer-061,7955.54,1,0,0,0,6,0,0,fictional
txn-00062,2025-01-09 18:00:00+00:00,customer-062,3043.05,0,0,0,0,1,0,0,fictional
txn-00063,2025-01-09 21:00:00+00:00,customer-063,4067.76,0,0,0,3,2,0,0,fictional
txn-00064,2025-01-10 00:00:00+00:00,customer-064,303.09,0,0,0,0,1,1,0,fictional
txn-00065,2025-01-10 03:00:00+00:00,customer-065,3000.18,1,0,0,1,3,1,0,fictional
txn-00066,2025-01-10 06:00:00+00:00,customer-066,7553.84,1,0,0,0,7,0,0,fictional
txn-00067,2025-01-10 09:00:00+00:00,customer-067,1427.83,0,0,0,2,2,0,0,fictional
txn-00068,2025-01-10 12:00:00+00:00,customer-068,267.31,1,0,0,0,2,0,0,fictional
txn-00069,2025-01-10 15:00:00+00:00,customer-069,9747.57,0,0,0,0,0,0,0,fictional
txn-00070,2025-01-10 18:00:00+00:00,customer-070,1085.28,0,0,0,2,1,0,0,fictional
txn-00071,2025-01-10 21:00:00+00:00,customer-071,639.83,0,0,0,1,3,0,0,fictional
txn-00072,2025-01-11 00:00:00+00:00,customer-072,36179.37,0,0,0,1,7,1,0,fictional
txn-00073,2025-01-11 03:00:00+00:00,customer-073,11005.98,0,0,1,3,3,1,1,fictional
txn-00074,2025-01-11 06:00:00+00:00,customer-074,2080.62,0,0,0,0,1,0,0,fictional
txn-00075,2025-01-11 09:00:00+00:00,customer-075,842.16,0,0,0,1,2,0,0,fictional
txn-00076,2025-01-11 12:00:00+00:00,customer-076,27435.67,1,0,0,0,5,0,0,fictional
txn-00077,2025-01-11 15:00:00+00:00,customer-077,1026.55,0,0,0,0,2,0,0,fictional
txn-00078,2025-01-11 18:00:00+00:00,customer-078,2575.52,0,0,0,2,1,0,0,fictional
txn-00079,2025-01-11 21:00:00+00:00,customer-079,27593.88,1,0,0,1,3,0,0,fictional
txn-00080,2025-01-12 00:00:00+00:00,customer-080,16288.06,0,0,0,2,4,1,0,fictional
txn-00081,2025-01-12 03:00:00+00:00,customer-081,1333.87,0,0,0,0,4,1,0,fictional
txn-00082,2025-01-12 06:00:00+00:00,customer-082,9648.17,0,0,0,1,4,0,0,fictional
txn-00083,2025-01-12 09:00:00+00:00,customer-083,7218.04,0,0,0,0,2,0,0,fictional
txn-00084,2025-01-12 12:00:00+00:00,customer-084,1306.87,0,0,0,2,2,0,0,fictional
txn-00085,2025-01-12 15:00:00+00:00,customer-085,2661.11,0,0,0,0,3,0,0,fictional
txn-00086,2025-01-12 18:00:00+00:00,customer-086,5901.84,0,0,1,0,0,0,0,fictional
txn-00087,2025-01-12 21:00:00+00:00,customer-087,1071.86,1,0,0,0,2,0,0,fictional
txn-00088,2025-01-13 00:00:00+00:00,customer-088,10719.73,0,0,0,1,4,1,0,fictional
txn-00089,2025-01-13 03:00:00+00:00,customer-089,6666.44,1,0,0,1,1,1,0,fictional
txn-00090,2025-01-13 06:00:00+00:00,customer-090,5080.34,0,0,0,2,2,0,0,fictional
txn-00091,2025-01-13 09:00:00+00:00,customer-091,17621.99,0,0,0,0,4,0,0,fictional
txn-00092,2025-01-13 12:00:00+00:00,customer-092,3065.22,0,0,0,2,0,0,0,fictional
txn-00093,2025-01-13 15:00:00+00:00,customer-093,13575.18,0,0,0,0,1,0,0,fictional
txn-00094,2025-01-13 18:00:00+00:00,customer-094,2820.08,0,1,0,2,2,0,0,fictional
txn-00095,2025-01-13 21:00:00+00:00,customer-095,3156.73,0,0,0,0,0,0,0,fictional
txn-00096,2025-01-14 00:00:00+00:00,customer-096,5363.96,0,0,0,3,1,1,0,fictional
txn-00097,2025-01-14 03:00:00+00:00,customer-097,1538.42,0,0,0,1,2,1,0,fictional
txn-00098,2025-01-14 06:00:00+00:00,customer-098,285.35,1,1,0,0,6,0,0,fictional
txn-00099,2025-01-14 09:00:00+00:00,customer-099,5468.79,0,0,0,0,3,0,0,fictional
txn-00100,2025-01-14 12:00:00+00:00,customer-100,9419.57,0,1,0,2,2,0,0,fictional
txn-00101,2025-01-14 15:00:00+00:00,customer-101,1156.8,0,0,0,1,2,0,0,fictional
txn-00102,2025-01-14 18:00:00+00:00,customer-102,3363.14,0,0,0,1,1,0,0,fictional
txn-00103,2025-01-14 21:00:00+00:00,customer-103,845.83,0,1,0,2,3,0,0,fictional
txn-00104,2025-01-15 00:00:00+00:00,customer-104,6443.08,0,0,0,1,5,1,0,fictional
txn-00105,2025-01-15 03:00:00+00:00,customer-105,2153.84,0,1,1,0,3,1,0,fictional
txn-00106,2025-01-15 06:00:00+00:00,customer-106,8164.16,0,1,0,0,2,0,0,fictional
txn-00107,2025-01-15 09:00:00+00:00,customer-107,493.62,0,0,0,1,4,0,0,fictional
txn-00108,2025-01-15 12:00:00+00:00,customer-108,272.18,0,0,0,0,4,0,0,fictional
txn-00109,2025-01-15 15:00:00+00:00,customer-109,853.74,0,0,0,1,0,0,0,fictional
txn-00110,2025-01-15 18:00:00+00:00,customer-110,12872.97,0,0,0,2,1,0,0,fictional
txn-00111,2025-01-15 21:00:00+00:00,customer-111,15672.59,0,0,0,0,3,0,0,fictional
txn-00112,2025-01-16 00:00:00+00:00,customer-112,2129.09,0,0,0,1,4,1,0,fictional
txn-00113,2025-01-16 03:00:00+00:00,customer-113,1770.15,0,0,0,2,0,1,0,fictional
txn-00114,2025-01-16 06:00:00+00:00,customer-114,11000.45,0,0,0,1,2,0,0,fictional
txn-00115,2025-01-16 09:00:00+00:00,customer-115,7037.75,0,0,0,0,2,0,0,fictional
txn-00116,2025-01-16 12:00:00+00:00,customer-116,858.95,0,0,0,3,2,0,0,fictional
txn-00117,2025-01-16 15:00:00+00:00,customer-117,3192.78,0,0,0,1,2,0,0,fictional
txn-00118,2025-01-16 18:00:00+00:00,customer-118,4625.07,0,0,0,0,4,0,0,fictional
txn-00119,2025-01-16 21:00:00+00:00,customer-119,12719.13,0,1,0,0,6,0,0,fictional
txn-00120,2025-01-17 00:00:00+00:00,customer-120,5705.35,0,0,0,2,2,1,0,fictional
txn-00121,2025-01-17 03:00:00+00:00,customer-121,8472.09,0,0,0,0,2,1,0,fictional
txn-00122,2025-01-17 06:00:00+00:00,customer-122,17551.2,0,0,0,0,2,0,0,fictional
txn-00123,2025-01-17 09:00:00+00:00,customer-123,234.74,0,0,0,3,3,0,0,fictional
txn-00124,2025-01-17 12:00:00+00:00,customer-124,3494.06,1,0,0,0,4,0,0,fictional
txn-00125,2025-01-17 15:00:00+00:00,customer-125,1032.15,0,1,0,0,1,0,0,fictional
txn-00126,2025-01-17 18:00:00+00:00,customer-126,906.65,0,0,0,1,1,0,0,fictional
txn-00127,2025-01-17 21:00:00+00:00,customer-127,315.73,0,0,0,1,0,0,0,fictional
txn-00128,2025-01-18 00:00:00+00:00,customer-128,32386.42,1,0,0,0,4,1,0,fictional
txn-00129,2025-01-18 03:00:00+00:00,customer-129,35867.56,0,0,0,1,3,1,0,fictional
txn-00130,2025-01-18 06:00:00+00:00,customer-130,1130.9,0,0,0,1,2,0,0,fictional
txn-00131,2025-01-18 09:00:00+00:00,customer-131,1314.86,0,0,0,0,4,0,0,fictional
txn-00132,2025-01-18 12:00:00+00:00,customer-132,7494.64,1,0,0,3,2,0,0,fictional
txn-00133,2025-01-18 15:00:00+00:00,customer-133,2000.35,0,0,0,0,1,0,0,fictional
txn-00134,2025-01-18 18:00:00+00:00,customer-134,6703.24,0,1,0,0,4,0,0,fictional
txn-00135,2025-01-18 21:00:00+00:00,customer-135,7386.97,0,1,0,0,1,0,0,fictional
txn-00136,2025-01-19 00:00:00+00:00,customer-136,1675.53,1,0,0,1,2,1,0,fictional
txn-00137,2025-01-19 03:00:00+00:00,customer-137,2432.81,1,1,0,0,5,1,1,fictional
txn-00138,2025-01-19 06:00:00+00:00,customer-138,1415.16,0,0,0,0,3,0,0,fictional
txn-00139,2025-01-19 09:00:00+00:00,customer-139,673.99,0,1,0,0,1,0,0,fictional
txn-00140,2025-01-19 12:00:00+00:00,customer-140,2918.28,0,0,0,1,1,0,0,fictional
txn-00141,2025-01-19 15:00:00+00:00,customer-141,459.61,0,0,0,0,0,0,0,fictional
txn-00142,2025-01-19 18:00:00+00:00,customer-142,1853.42,0,1,0,0,4,0,0,fictional
txn-00143,2025-01-19 21:00:00+00:00,customer-143,581.81,0,0,0,1,1,0,0,fictional
txn-00144,2025-01-20 00:00:00+00:00,customer-144,479.97,0,0,0,2,3,1,0,fictional
txn-00145,2025-01-20 03:00:00+00:00,customer-145,6834.46,0,0,1,0,3,1,0,fictional
txn-00146,2025-01-20 06:00:00+00:00,customer-146,2374.57,0,0,0,1,1,0,0,fictional
txn-00147,2025-01-20 09:00:00+00:00,customer-147,4813.02,0,0,0,1,0,0,0,fictional
txn-00148,2025-01-20 12:00:00+00:00,customer-148,4981.36,0,0,0,0,3,0,0,fictional
txn-00149,2025-01-20 15:00:00+00:00,customer-149,4409.83,1,0,0,0,3,0,0,fictional
txn-00150,2025-01-20 18:00:00+00:00,customer-150,10297.37,0,0,0,0,4,0,0,fictional
txn-00151,2025-01-20 21:00:00+00:00,customer-151,47775.39,0,0,0,1,2,0,0,fictional
txn-00152,2025-01-21 00:00:00+00:00,customer-152,3353.97,0,0,0,0,3,1,0,fictional
txn-00153,2025-01-21 03:00:00+00:00,customer-153,660.47,0,0,0,3,3,1,1,fictional
txn-00154,2025-01-21 06:00:00+00:00,customer-154,1499.01,0,1,0,1,4,0,0,fictional
txn-00155,2025-01-21 09:00:00+00:00,customer-155,1114.37,0,0,0,0,5,0,0,fictional
txn-00156,2025-01-21 12:00:00+00:00,customer-156,2387.87,0,0,0,3,5,0,0,fictional
txn-00157,2025-01-21 15:00:00+00:00,customer-157,3508.51,0,0,0,0,2,0,0,fictional
txn-00158,2025-01-21 18:00:00+00:00,customer-158,4204.29,1,0,0,0,2,0,0,fictional
txn-00159,2025-01-21 21:00:00+00:00,customer-159,4094.11,0,0,0,0,4,0,0,fictional
txn-00160,2025-01-22 00:00:00+00:00,customer-160,3725.11,0,0,0,0,3,1,0,fictional
txn-00161,2025-01-22 03:00:00+00:00,customer-161,86.5,0,0,0,0,5,1,0,fictional
txn-00162,2025-01-22 06:00:00+00:00,customer-162,3872.27,0,0,0,1,1,0,0,fictional
txn-00163,2025-01-22 09:00:00+00:00,customer-163,15690.8,0,0,0,0,2,0,0,fictional
txn-00164,2025-01-22 12:00:00+00:00,customer-164,2762.86,1,0,1,0,4,0,0,fictional
txn-00165,2025-01-22 15:00:00+00:00,customer-165,3030.88,0,0,0,1,3,0,0,fictional
txn-00166,2025-01-22 18:00:00+00:00,customer-166,9324.9,0,0,0,0,3,0,0,fictional
txn-00167,2025-01-22 21:00:00+00:00,customer-167,8552.44,1,0,1,0,3,0,0,fictional
txn-00168,2025-01-23 00:00:00+00:00,customer-168,4917.02,0,0,0,0,1,1,0,fictional
txn-00169,2025-01-23 03:00:00+00:00,customer-169,830.17,1,1,0,0,2,1,0,fictional
txn-00170,2025-01-23 06:00:00+00:00,customer-170,2287.06,1,0,0,2,2,0,0,fictional
txn-00171,2025-01-23 09:00:00+00:00,customer-171,716.55,0,0,1,1,0,0,0,fictional
txn-00172,2025-01-23 12:00:00+00:00,customer-172,288.35,1,1,0,0,3,0,0,fictional
txn-00173,2025-01-23 15:00:00+00:00,customer-000,2864.86,0,0,0,0,4,0,0,fictional
txn-00174,2025-01-23 18:00:00+00:00,customer-001,2514.25,0,0,0,2,5,0,0,fictional
txn-00175,2025-01-23 21:00:00+00:00,customer-002,609.24,0,0,0,0,1,0,0,fictional
txn-00176,2025-01-24 00:00:00+00:00,customer-003,2419.72,0,1,0,1,3,1,0,fictional
txn-00177,2025-01-24 03:00:00+00:00,customer-004,5752.4,0,0,0,2,4,1,0,fictional
txn-00178,2025-01-24 06:00:00+00:00,customer-005,6307.15,1,0,0,1,3,0,0,fictional
txn-00179,2025-01-24 09:00:00+00:00,customer-006,497.56,0,0,1,2,3,0,0,fictional
txn-00180,2025-01-24 12:00:00+00:00,customer-007,9356.12,0,1,0,2,6,0,0,fictional
txn-00181,2025-01-24 15:00:00+00:00,customer-008,8128.73,0,0,0,0,1,0,0,fictional
txn-00182,2025-01-24 18:00:00+00:00,customer-009,1597.69,1,0,0,1,5,0,0,fictional
txn-00183,2025-01-24 21:00:00+00:00,customer-010,18759.63,0,1,0,1,4,0,0,fictional
txn-00184,2025-01-25 00:00:00+00:00,customer-011,4080.71,1,0,0,1,2,1,0,fictional
txn-00185,2025-01-25 03:00:00+00:00,customer-012,37564.58,0,0,0,0,2,1,0,fictional
txn-00186,2025-01-25 06:00:00+00:00,customer-013,6406.25,0,0,0,3,3,0,0,fictional
txn-00187,2025-01-25 09:00:00+00:00,customer-014,21717.09,0,0,0,2,1,0,0,fictional
txn-00188,2025-01-25 12:00:00+00:00,customer-015,400.09,0,1,0,0,3,0,0,fictional
txn-00189,2025-01-25 15:00:00+00:00,customer-016,4440.93,0,0,0,2,5,0,0,fictional
txn-00190,2025-01-25 18:00:00+00:00,customer-017,2354.29,0,0,0,0,1,0,0,fictional
txn-00191,2025-01-25 21:00:00+00:00,customer-018,818.58,0,0,0,0,3,0,0,fictional
txn-00192,2025-01-26 00:00:00+00:00,customer-019,410.83,1,0,0,1,1,1,0,fictional
txn-00193,2025-01-26 03:00:00+00:00,customer-020,5528.98,0,1,0,2,5,1,0,fictional
txn-00194,2025-01-26 06:00:00+00:00,customer-021,369.14,0,0,0,0,2,0,0,fictional
txn-00195,2025-01-26 09:00:00+00:00,customer-022,1755.31,0,1,0,0,3,0,0,fictional
txn-00196,2025-01-26 12:00:00+00:00,customer-023,2807.16,0,0,0,0,1,0,0,fictional
txn-00197,2025-01-26 15:00:00+00:00,customer-024,2110.0,1,1,0,0,2,0,0,fictional
txn-00198,2025-01-26 18:00:00+00:00,customer-025,6087.48,0,1,0,0,4,0,0,fictional
txn-00199,2025-01-26 21:00:00+00:00,customer-026,5304.18,1,0,0,0,4,0,0,fictional
txn-00200,2025-01-27 00:00:00+00:00,customer-027,33603.34,1,0,1,1,2,1,1,fictional
txn-00201,2025-01-27 03:00:00+00:00,customer-028,23846.34,0,0,0,0,1,1,0,fictional
txn-00202,2025-01-27 06:00:00+00:00,customer-029,4026.46,1,0,0,0,2,0,0,fictional
txn-00203,2025-01-27 09:00:00+00:00,customer-030,99.57,0,1,0,1,4,0,0,fictional
txn-00204,2025-01-27 12:00:00+00:00,customer-031,4238.51,1,0,0,0,6,0,0,fictional
txn-00205,2025-01-27 15:00:00+00:00,customer-032,450.53,0,0,0,1,3,0,0,fictional
txn-00206,2025-01-27 18:00:00+00:00,customer-033,16631.04,0,0,1,0,0,0,0,fictional
txn-00207,2025-01-27 21:00:00+00:00,customer-034,8225.24,0,0,0,0,2,0,0,fictional
txn-00208,2025-01-28 00:00:00+00:00,customer-035,2341.84,0,0,0,1,2,1,0,fictional
txn-00209,2025-01-28 03:00:00+00:00,customer-036,1913.8,1,0,0,0,6,1,0,fictional
txn-00210,2025-01-28 06:00:00+00:00,customer-037,6704.42,0,0,0,1,4,0,0,fictional
txn-00211,2025-01-28 09:00:00+00:00,customer-038,573.8,0,0,0,1,3,0,0,fictional
txn-00212,2025-01-28 12:00:00+00:00,customer-039,1498.24,1,0,0,0,2,0,0,fictional
txn-00213,2025-01-28 15:00:00+00:00,customer-040,4750.72,0,0,1,0,1,0,0,fictional
txn-00214,2025-01-28 18:00:00+00:00,customer-041,3574.38,0,0,0,2,1,0,0,fictional
txn-00215,2025-01-28 21:00:00+00:00,customer-042,5876.64,0,1,0,0,5,0,0,fictional
txn-00216,2025-01-29 00:00:00+00:00,customer-043,4369.12,0,0,0,0,3,1,0,fictional
txn-00217,2025-01-29 03:00:00+00:00,customer-044,4457.89,0,0,0,0,2,1,0,fictional
txn-00218,2025-01-29 06:00:00+00:00,customer-045,30050.74,0,0,1,0,0,0,0,fictional
txn-00219,2025-01-29 09:00:00+00:00,customer-046,4808.39,0,0,0,1,3,0,0,fictional
txn-00220,2025-01-29 12:00:00+00:00,customer-047,532.57,0,1,0,2,5,0,0,fictional
txn-00221,2025-01-29 15:00:00+00:00,customer-048,282.08,1,0,0,0,4,0,0,fictional
txn-00222,2025-01-29 18:00:00+00:00,customer-049,768.81,1,0,0,2,3,0,0,fictional
txn-00223,2025-01-29 21:00:00+00:00,customer-050,5159.57,1,0,1,2,3,0,0,fictional
txn-00224,2025-01-30 00:00:00+00:00,customer-051,304.68,0,0,0,0,3,1,0,fictional
txn-00225,2025-01-30 03:00:00+00:00,customer-052,13835.81,0,0,0,2,2,1,0,fictional
txn-00226,2025-01-30 06:00:00+00:00,customer-053,1805.12,1,0,0,0,7,0,0,fictional
txn-00227,2025-01-30 09:00:00+00:00,customer-054,5718.26,0,0,0,1,2,0,0,fictional
txn-00228,2025-01-30 12:00:00+00:00,customer-055,889.5,0,0,0,3,4,0,0,fictional
txn-00229,2025-01-30 15:00:00+00:00,customer-056,726.71,0,1,0,0,2,0,0,fictional
txn-00230,2025-01-30 18:00:00+00:00,customer-057,14753.72,0,0,0,1,1,0,0,fictional
txn-00231,2025-01-30 21:00:00+00:00,customer-058,1127.53,0,0,0,1,2,0,0,fictional
txn-00232,2025-01-31 00:00:00+00:00,customer-059,619.5,0,0,0,0,3,1,0,fictional
txn-00233,2025-01-31 03:00:00+00:00,customer-060,2223.12,0,0,0,2,4,1,0,fictional
txn-00234,2025-01-31 06:00:00+00:00,customer-061,10276.33,0,0,0,0,1,0,0,fictional
txn-00235,2025-01-31 09:00:00+00:00,customer-062,1270.3,0,0,0,1,2,0,0,fictional
txn-00236,2025-01-31 12:00:00+00:00,customer-063,2970.23,0,0,0,2,2,0,0,fictional
txn-00237,2025-01-31 15:00:00+00:00,customer-064,11003.0,0,0,0,0,6,0,0,fictional
txn-00238,2025-01-31 18:00:00+00:00,customer-065,5495.92,0,0,0,1,1,0,0,fictional
txn-00239,2025-01-31 21:00:00+00:00,customer-066,371.38,0,0,0,2,3,0,0,fictional
txn-00240,2025-02-01 00:00:00+00:00,customer-067,3845.44,0,0,0,0,0,1,0,fictional
txn-00241,2025-02-01 03:00:00+00:00,customer-068,11054.8,0,0,1,3,3,1,0,fictional
txn-00242,2025-02-01 06:00:00+00:00,customer-069,64729.48,1,0,0,1,6,0,1,fictional
txn-00243,2025-02-01 09:00:00+00:00,customer-070,3016.94,1,0,0,3,2,0,1,fictional
txn-00244,2025-02-01 12:00:00+00:00,customer-071,29552.09,0,1,1,1,3,0,1,fictional
txn-00245,2025-02-01 15:00:00+00:00,customer-072,29976.42,0,0,0,0,3,0,0,fictional
txn-00246,2025-02-01 18:00:00+00:00,customer-073,11106.67,0,0,0,0,1,0,0,fictional
txn-00247,2025-02-01 21:00:00+00:00,customer-074,6093.1,0,1,0,1,2,0,0,fictional
txn-00248,2025-02-02 00:00:00+00:00,customer-075,543.9,0,0,0,1,1,1,0,fictional
txn-00249,2025-02-02 03:00:00+00:00,customer-076,7720.03,0,0,0,0,2,1,0,fictional
txn-00250,2025-02-02 06:00:00+00:00,customer-077,9177.15,0,1,0,1,4,0,0,fictional
txn-00251,2025-02-02 09:00:00+00:00,customer-078,604.75,0,0,0,0,1,0,0,fictional
txn-00252,2025-02-02 12:00:00+00:00,customer-079,1339.56,0,0,0,2,3,0,0,fictional
txn-00253,2025-02-02 15:00:00+00:00,customer-080,325.59,0,0,0,0,1,0,0,fictional
txn-00254,2025-02-02 18:00:00+00:00,customer-081,4109.35,1,1,0,0,7,0,0,fictional
txn-00255,2025-02-02 21:00:00+00:00,customer-082,58492.62,1,1,0,0,3,0,0,fictional
txn-00256,2025-02-03 00:00:00+00:00,customer-083,2124.77,0,1,0,0,1,1,0,fictional
txn-00257,2025-02-03 03:00:00+00:00,customer-084,8528.28,1,1,0,1,4,1,0,fictional
txn-00258,2025-02-03 06:00:00+00:00,customer-085,14332.72,0,0,0,0,1,0,0,fictional
txn-00259,2025-02-03 09:00:00+00:00,customer-086,8109.03,1,0,0,0,6,0,0,fictional
txn-00260,2025-02-03 12:00:00+00:00,customer-087,534.02,0,0,0,2,2,0,0,fictional
txn-00261,2025-02-03 15:00:00+00:00,customer-088,1089.44,0,0,1,1,0,0,0,fictional
txn-00262,2025-02-03 18:00:00+00:00,customer-089,7619.35,0,0,0,2,3,0,0,fictional
txn-00263,2025-02-03 21:00:00+00:00,customer-090,5372.89,0,1,0,0,1,0,0,fictional
txn-00264,2025-02-04 00:00:00+00:00,customer-091,582.34,0,0,0,0,3,1,0,fictional
txn-00265,2025-02-04 03:00:00+00:00,customer-092,2379.0,1,0,0,1,3,1,0,fictional
txn-00266,2025-02-04 06:00:00+00:00,customer-093,3160.54,0,1,0,0,3,0,0,fictional
txn-00267,2025-02-04 09:00:00+00:00,customer-094,66163.08,0,1,0,1,4,0,0,fictional
txn-00268,2025-02-04 12:00:00+00:00,customer-095,5978.8,1,0,0,1,3,0,0,fictional
txn-00269,2025-02-04 15:00:00+00:00,customer-096,17418.06,0,0,0,0,2,0,0,fictional
txn-00270,2025-02-04 18:00:00+00:00,customer-097,422.68,1,0,0,2,4,0,0,fictional
txn-00271,2025-02-04 21:00:00+00:00,customer-098,85544.88,0,0,0,0,1,0,0,fictional
txn-00272,2025-02-05 00:00:00+00:00,customer-099,1942.73,0,0,0,0,2,1,0,fictional
txn-00273,2025-02-05 03:00:00+00:00,customer-100,522.88,0,1,0,0,5,1,0,fictional
txn-00274,2025-02-05 06:00:00+00:00,customer-101,6691.16,0,0,0,1,1,0,0,fictional
txn-00275,2025-02-05 09:00:00+00:00,customer-102,393.33,1,0,0,0,3,0,0,fictional
txn-00276,2025-02-05 12:00:00+00:00,customer-103,1760.1,1,0,0,0,2,0,0,fictional
txn-00277,2025-02-05 15:00:00+00:00,customer-104,832.85,0,0,0,0,2,0,0,fictional
txn-00278,2025-02-05 18:00:00+00:00,customer-105,1698.0,0,0,0,0,3,0,0,fictional
txn-00279,2025-02-05 21:00:00+00:00,customer-106,19291.77,0,0,0,1,3,0,0,fictional
txn-00280,2025-02-06 00:00:00+00:00,customer-107,1874.84,0,0,0,0,3,1,0,fictional
txn-00281,2025-02-06 03:00:00+00:00,customer-108,170.84,1,0,0,0,2,1,0,fictional
txn-00282,2025-02-06 06:00:00+00:00,customer-109,2298.84,1,1,0,1,6,0,0,fictional
txn-00283,2025-02-06 09:00:00+00:00,customer-110,7857.22,1,0,0,0,3,0,0,fictional
txn-00284,2025-02-06 12:00:00+00:00,customer-111,12640.66,0,1,0,0,4,0,0,fictional
txn-00285,2025-02-06 15:00:00+00:00,customer-112,132.7,1,0,0,0,4,0,0,fictional
txn-00286,2025-02-06 18:00:00+00:00,customer-113,11937.35,1,0,0,0,5,0,0,fictional
txn-00287,2025-02-06 21:00:00+00:00,customer-114,2163.61,1,0,0,1,2,0,0,fictional
txn-00288,2025-02-07 00:00:00+00:00,customer-115,1036.13,0,0,0,0,2,1,0,fictional
txn-00289,2025-02-07 03:00:00+00:00,customer-116,27057.23,0,0,0,0,3,1,0,fictional
txn-00290,2025-02-07 06:00:00+00:00,customer-117,24389.06,0,1,0,0,1,0,0,fictional
txn-00291,2025-02-07 09:00:00+00:00,customer-118,1199.99,0,0,0,0,1,0,0,fictional
txn-00292,2025-02-07 12:00:00+00:00,customer-119,65841.42,1,0,0,2,5,0,1,fictional
txn-00293,2025-02-07 15:00:00+00:00,customer-120,2241.3,0,0,0,0,3,0,0,fictional
txn-00294,2025-02-07 18:00:00+00:00,customer-121,646.09,0,0,0,1,2,0,0,fictional
txn-00295,2025-02-07 21:00:00+00:00,customer-122,2882.51,1,0,0,2,2,0,0,fictional
txn-00296,2025-02-08 00:00:00+00:00,customer-123,1262.37,0,0,0,1,1,1,0,fictional
txn-00297,2025-02-08 03:00:00+00:00,customer-124,5476.97,1,1,0,2,4,1,0,fictional
txn-00298,2025-02-08 06:00:00+00:00,customer-125,307.04,0,0,0,0,2,0,0,fictional
txn-00299,2025-02-08 09:00:00+00:00,customer-126,2428.23,0,0,0,0,2,0,0,fictional
txn-00300,2025-02-08 12:00:00+00:00,customer-127,14514.33,0,0,0,2,2,0,0,fictional
txn-00301,2025-02-08 15:00:00+00:00,customer-128,5554.96,0,0,0,1,4,0,0,fictional
txn-00302,2025-02-08 18:00:00+00:00,customer-129,499.46,1,0,0,1,2,0,0,fictional
txn-00303,2025-02-08 21:00:00+00:00,customer-130,9969.33,1,1,0,2,2,0,0,fictional
txn-00304,2025-02-09 00:00:00+00:00,customer-131,5741.32,0,0,0,0,1,1,0,fictional
txn-00305,2025-02-09 03:00:00+00:00,customer-132,2498.28,0,0,0,1,3,1,0,fictional
txn-00306,2025-02-09 06:00:00+00:00,customer-133,2586.51,0,0,0,1,3,0,0,fictional
txn-00307,2025-02-09 09:00:00+00:00,customer-134,697.35,0,0,1,1,0,0,0,fictional
txn-00308,2025-02-09 12:00:00+00:00,customer-135,3559.33,0,0,0,3,3,0,0,fictional
txn-00309,2025-02-09 15:00:00+00:00,customer-136,799.23,0,0,0,1,2,0,0,fictional
txn-00310,2025-02-09 18:00:00+00:00,customer-137,11985.79,0,0,0,0,3,0,0,fictional
txn-00311,2025-02-09 21:00:00+00:00,customer-138,250.64,0,1,0,0,2,0,0,fictional
txn-00312,2025-02-10 00:00:00+00:00,customer-139,351.66,0,1,0,2,4,1,1,fictional
txn-00313,2025-02-10 03:00:00+00:00,customer-140,9141.21,0,0,0,2,4,1,0,fictional
txn-00314,2025-02-10 06:00:00+00:00,customer-141,1602.47,0,0,0,1,6,0,0,fictional
txn-00315,2025-02-10 09:00:00+00:00,customer-142,48848.79,1,0,0,1,3,0,1,fictional
txn-00316,2025-02-10 12:00:00+00:00,customer-143,20699.37,1,0,0,1,6,0,0,fictional
txn-00317,2025-02-10 15:00:00+00:00,customer-144,38866.41,0,0,0,0,3,0,0,fictional
txn-00318,2025-02-10 18:00:00+00:00,customer-145,503.83,0,1,0,0,5,0,0,fictional
txn-00319,2025-02-10 21:00:00+00:00,customer-146,4914.68,0,0,0,1,2,0,0,fictional
txn-00320,2025-02-11 00:00:00+00:00,customer-147,7767.48,0,0,0,1,1,1,0,fictional
txn-00321,2025-02-11 03:00:00+00:00,customer-148,21863.38,0,0,0,0,3,1,0,fictional
txn-00322,2025-02-11 06:00:00+00:00,customer-149,6333.15,0,1,0,1,4,0,0,fictional
txn-00323,2025-02-11 09:00:00+00:00,customer-150,893.13,1,0,0,0,4,0,0,fictional
txn-00324,2025-02-11 12:00:00+00:00,customer-151,2037.78,0,0,0,1,3,0,0,fictional
txn-00325,2025-02-11 15:00:00+00:00,customer-152,4484.44,0,0,0,0,1,0,0,fictional
txn-00326,2025-02-11 18:00:00+00:00,customer-153,7997.27,0,1,0,0,3,0,0,fictional
txn-00327,2025-02-11 21:00:00+00:00,customer-154,1264.82,1,0,0,2,2,0,0,fictional
txn-00328,2025-02-12 00:00:00+00:00,customer-155,195.39,0,0,0,0,5,1,0,fictional
txn-00329,2025-02-12 03:00:00+00:00,customer-156,535.88,0,0,0,2,1,1,0,fictional
txn-00330,2025-02-12 06:00:00+00:00,customer-157,4827.32,1,0,0,2,2,0,0,fictional
txn-00331,2025-02-12 09:00:00+00:00,customer-158,148.63,0,0,1,1,0,0,0,fictional
txn-00332,2025-02-12 12:00:00+00:00,customer-159,1699.69,0,0,0,1,4,0,0,fictional
txn-00333,2025-02-12 15:00:00+00:00,customer-160,1822.99,0,0,0,1,0,0,0,fictional
txn-00334,2025-02-12 18:00:00+00:00,customer-161,788.63,1,0,0,1,5,0,0,fictional
txn-00335,2025-02-12 21:00:00+00:00,customer-162,516.12,0,0,0,2,1,0,0,fictional
txn-00336,2025-02-13 00:00:00+00:00,customer-163,2393.08,0,0,0,1,0,1,0,fictional
txn-00337,2025-02-13 03:00:00+00:00,customer-164,8462.3,1,0,0,3,2,1,1,fictional
txn-00338,2025-02-13 06:00:00+00:00,customer-165,5337.35,0,0,0,0,1,0,0,fictional
txn-00339,2025-02-13 09:00:00+00:00,customer-166,9759.21,0,0,0,0,6,0,0,fictional
txn-00340,2025-02-13 12:00:00+00:00,customer-167,7841.38,1,0,0,2,3,0,0,fictional
txn-00341,2025-02-13 15:00:00+00:00,customer-168,5647.38,1,0,0,0,3,0,0,fictional
txn-00342,2025-02-13 18:00:00+00:00,customer-169,10274.34,0,0,0,0,2,0,0,fictional
txn-00343,2025-02-13 21:00:00+00:00,customer-170,3157.61,0,0,0,1,0,0,0,fictional
txn-00344,2025-02-14 00:00:00+00:00,customer-171,2629.31,0,0,0,1,3,1,0,fictional
txn-00345,2025-02-14 03:00:00+00:00,customer-172,1027.1,0,0,0,3,5,1,0,fictional
txn-00346,2025-02-14 06:00:00+00:00,customer-000,12385.68,0,1,0,0,6,0,1,fictional
txn-00347,2025-02-14 09:00:00+00:00,customer-001,414.92,1,0,0,0,5,0,0,fictional
txn-00348,2025-02-14 12:00:00+00:00,customer-002,555.13,0,0,1,2,4,0,0,fictional
txn-00349,2025-02-14 15:00:00+00:00,customer-003,595.91,1,0,1,0,2,0,0,fictional
txn-00350,2025-02-14 18:00:00+00:00,customer-004,448.12,0,0,0,0,1,0,0,fictional
txn-00351,2025-02-14 21:00:00+00:00,customer-005,53254.87,1,0,0,2,2,0,1,fictional
txn-00352,2025-02-15 00:00:00+00:00,customer-006,3038.65,1,1,0,0,8,1,1,fictional
txn-00353,2025-02-15 03:00:00+00:00,customer-007,962.07,0,0,0,0,3,1,0,fictional
txn-00354,2025-02-15 06:00:00+00:00,customer-008,1120.44,1,0,0,0,3,0,0,fictional
txn-00355,2025-02-15 09:00:00+00:00,customer-009,3859.26,0,0,0,0,4,0,0,fictional
txn-00356,2025-02-15 12:00:00+00:00,customer-010,710.47,0,0,0,1,3,0,0,fictional
txn-00357,2025-02-15 15:00:00+00:00,customer-011,960.79,0,0,0,1,2,0,0,fictional
txn-00358,2025-02-15 18:00:00+00:00,customer-012,3537.0,1,0,0,1,3,0,0,fictional
txn-00359,2025-02-15 21:00:00+00:00,customer-013,31119.5,0,0,0,0,2,0,0,fictional
txn-00360,2025-02-16 00:00:00+00:00,customer-014,2060.28,0,0,0,1,2,1,0,fictional
txn-00361,2025-02-16 03:00:00+00:00,customer-015,5871.33,0,0,0,1,3,1,0,fictional
txn-00362,2025-02-16 06:00:00+00:00,customer-016,1111.27,1,0,0,2,5,0,0,fictional
txn-00363,2025-02-16 09:00:00+00:00,customer-017,44365.46,1,0,0,1,1,0,0,fictional
txn-00364,2025-02-16 12:00:00+00:00,customer-018,1094.44,0,1,0,2,4,0,0,fictional
txn-00365,2025-02-16 15:00:00+00:00,customer-019,649.15,0,0,0,0,0,0,0,fictional
txn-00366,2025-02-16 18:00:00+00:00,customer-020,57.43,0,0,0,2,2,0,0,fictional
txn-00367,2025-02-16 21:00:00+00:00,customer-021,2728.75,1,0,0,1,1,0,0,fictional
txn-00368,2025-02-17 00:00:00+00:00,customer-022,3619.4,1,0,0,1,2,1,0,fictional
txn-00369,2025-02-17 03:00:00+00:00,customer-023,787.53,1,0,0,0,3,1,0,fictional
txn-00370,2025-02-17 06:00:00+00:00,customer-024,1752.11,0,0,0,0,1,0,0,fictional
txn-00371,2025-02-17 09:00:00+00:00,customer-025,1681.24,1,0,0,1,3,0,0,fictional
txn-00372,2025-02-17 12:00:00+00:00,customer-026,462.12,0,0,0,0,1,0,0,fictional
txn-00373,2025-02-17 15:00:00+00:00,customer-027,2421.49,0,1,0,1,3,0,0,fictional
txn-00374,2025-02-17 18:00:00+00:00,customer-028,1244.08,0,0,0,0,1,0,0,fictional
txn-00375,2025-02-17 21:00:00+00:00,customer-029,2113.71,0,0,0,1,2,0,0,fictional
txn-00376,2025-02-18 00:00:00+00:00,customer-030,6818.42,0,0,0,0,0,1,0,fictional
txn-00377,2025-02-18 03:00:00+00:00,customer-031,1627.73,0,0,0,0,3,1,0,fictional
txn-00378,2025-02-18 06:00:00+00:00,customer-032,7162.99,1,0,0,0,3,0,0,fictional
txn-00379,2025-02-18 09:00:00+00:00,customer-033,6155.42,1,0,0,0,2,0,0,fictional
txn-00380,2025-02-18 12:00:00+00:00,customer-034,2053.6,0,0,1,0,0,0,0,fictional
txn-00381,2025-02-18 15:00:00+00:00,customer-035,4800.48,0,0,0,2,4,0,0,fictional
txn-00382,2025-02-18 18:00:00+00:00,customer-036,7864.88,0,0,0,0,1,0,0,fictional
txn-00383,2025-02-18 21:00:00+00:00,customer-037,1783.63,0,0,0,1,2,0,0,fictional
txn-00384,2025-02-19 00:00:00+00:00,customer-038,685.31,0,0,0,0,2,1,0,fictional
txn-00385,2025-02-19 03:00:00+00:00,customer-039,4590.27,0,0,0,1,1,1,0,fictional
txn-00386,2025-02-19 06:00:00+00:00,customer-040,2551.47,0,0,0,2,1,0,0,fictional
txn-00387,2025-02-19 09:00:00+00:00,customer-041,562.12,0,0,0,0,4,0,0,fictional
txn-00388,2025-02-19 12:00:00+00:00,customer-042,5512.37,0,0,0,0,4,0,0,fictional
txn-00389,2025-02-19 15:00:00+00:00,customer-043,2872.5,0,0,0,1,0,0,0,fictional
txn-00390,2025-02-19 18:00:00+00:00,customer-044,4182.77,1,0,0,2,2,0,0,fictional
txn-00391,2025-02-19 21:00:00+00:00,customer-045,2052.97,0,0,0,0,2,0,0,fictional
txn-00392,2025-02-20 00:00:00+00:00,customer-046,11093.15,0,0,0,0,2,1,0,fictional
txn-00393,2025-02-20 03:00:00+00:00,customer-047,6863.42,1,0,0,1,2,1,0,fictional
txn-00394,2025-02-20 06:00:00+00:00,customer-048,496.57,0,1,1,0,4,0,0,fictional
txn-00395,2025-02-20 09:00:00+00:00,customer-049,3048.05,0,0,0,0,2,0,0,fictional
txn-00396,2025-02-20 12:00:00+00:00,customer-050,1018.84,1,0,0,2,2,0,0,fictional
txn-00397,2025-02-20 15:00:00+00:00,customer-051,619.94,0,0,0,2,2,0,0,fictional
txn-00398,2025-02-20 18:00:00+00:00,customer-052,4766.02,0,0,0,1,1,0,0,fictional
txn-00399,2025-02-20 21:00:00+00:00,customer-053,3202.27,0,0,0,1,3,0,0,fictional
txn-00400,2025-02-21 00:00:00+00:00,customer-054,1020.37,0,0,0,1,0,1,0,fictional
txn-00401,2025-02-21 03:00:00+00:00,customer-055,2365.16,0,0,0,1,6,1,0,fictional
txn-00402,2025-02-21 06:00:00+00:00,customer-056,1146.42,0,0,0,1,2,0,0,fictional
txn-00403,2025-02-21 09:00:00+00:00,customer-057,4835.48,0,1,0,3,2,0,0,fictional
txn-00404,2025-02-21 12:00:00+00:00,customer-058,904.97,0,1,0,1,2,0,0,fictional
txn-00405,2025-02-21 15:00:00+00:00,customer-059,6374.81,0,0,0,0,4,0,0,fictional
txn-00406,2025-02-21 18:00:00+00:00,customer-060,45306.11,1,0,0,0,1,0,0,fictional
txn-00407,2025-02-21 21:00:00+00:00,customer-061,2383.01,0,0,0,0,3,0,0,fictional
txn-00408,2025-02-22 00:00:00+00:00,customer-062,35859.12,0,1,0,2,2,1,0,fictional
txn-00409,2025-02-22 03:00:00+00:00,customer-063,2641.69,0,0,0,1,2,1,0,fictional
txn-00410,2025-02-22 06:00:00+00:00,customer-064,461.14,0,0,0,0,3,0,0,fictional
txn-00411,2025-02-22 09:00:00+00:00,customer-065,5084.09,0,0,0,2,1,0,0,fictional
txn-00412,2025-02-22 12:00:00+00:00,customer-066,3213.33,0,1,0,0,3,0,0,fictional
txn-00413,2025-02-22 15:00:00+00:00,customer-067,13608.44,0,0,0,3,3,0,0,fictional
txn-00414,2025-02-22 18:00:00+00:00,customer-068,5653.61,0,0,0,2,3,0,0,fictional
txn-00415,2025-02-22 21:00:00+00:00,customer-069,1276.5,1,1,0,2,4,0,0,fictional
txn-00416,2025-02-23 00:00:00+00:00,customer-070,5559.79,0,0,1,0,3,1,0,fictional
txn-00417,2025-02-23 03:00:00+00:00,customer-071,9455.78,0,0,0,0,3,1,0,fictional
txn-00418,2025-02-23 06:00:00+00:00,customer-072,4955.92,1,1,0,2,4,0,0,fictional
txn-00419,2025-02-23 09:00:00+00:00,customer-073,1999.52,0,0,0,1,2,0,0,fictional
txn-00420,2025-02-23 12:00:00+00:00,customer-074,895.12,0,0,0,0,1,0,0,fictional
txn-00421,2025-02-23 15:00:00+00:00,customer-075,1761.44,0,0,0,1,4,0,0,fictional
txn-00422,2025-02-23 18:00:00+00:00,customer-076,677.74,0,0,0,0,2,0,0,fictional
txn-00423,2025-02-23 21:00:00+00:00,customer-077,6659.39,0,0,0,1,2,0,0,fictional
txn-00424,2025-02-24 00:00:00+00:00,customer-078,677.52,0,0,0,0,2,1,0,fictional
txn-00425,2025-02-24 03:00:00+00:00,customer-079,10055.15,1,1,0,0,4,1,0,fictional
txn-00426,2025-02-24 06:00:00+00:00,customer-080,4334.55,0,0,0,1,1,0,0,fictional
txn-00427,2025-02-24 09:00:00+00:00,customer-081,1264.22,0,0,0,0,3,0,0,fictional
txn-00428,2025-02-24 12:00:00+00:00,customer-082,4463.76,1,0,0,1,4,0,0,fictional
txn-00429,2025-02-24 15:00:00+00:00,customer-083,20.22,0,0,1,0,0,0,0,fictional
txn-00430,2025-02-24 18:00:00+00:00,customer-084,989.64,0,0,0,0,2,0,0,fictional
txn-00431,2025-02-24 21:00:00+00:00,customer-085,3405.84,1,0,0,2,7,0,0,fictional
txn-00432,2025-02-25 00:00:00+00:00,customer-086,476.52,0,0,0,0,3,1,0,fictional
txn-00433,2025-02-25 03:00:00+00:00,customer-087,1174.83,0,0,1,3,0,1,0,fictional
txn-00434,2025-02-25 06:00:00+00:00,customer-088,1651.14,0,1,0,1,2,0,0,fictional
txn-00435,2025-02-25 09:00:00+00:00,customer-089,1652.6,0,0,0,1,2,0,0,fictional
txn-00436,2025-02-25 12:00:00+00:00,customer-090,2073.95,0,1,0,1,2,0,0,fictional
txn-00437,2025-02-25 15:00:00+00:00,customer-091,2360.11,0,0,0,0,1,0,0,fictional
txn-00438,2025-02-25 18:00:00+00:00,customer-092,2769.57,0,0,0,1,1,0,0,fictional
txn-00439,2025-02-25 21:00:00+00:00,customer-093,3369.22,0,0,1,0,5,0,0,fictional
txn-00440,2025-02-26 00:00:00+00:00,customer-094,797.28,0,1,0,0,2,1,0,fictional
txn-00441,2025-02-26 03:00:00+00:00,customer-095,4799.65,0,0,0,2,2,1,0,fictional
txn-00442,2025-02-26 06:00:00+00:00,customer-096,1406.22,0,0,0,3,2,0,0,fictional
txn-00443,2025-02-26 09:00:00+00:00,customer-097,7737.26,0,0,0,0,1,0,0,fictional
txn-00444,2025-02-26 12:00:00+00:00,customer-098,18528.59,1,0,0,1,1,0,0,fictional
txn-00445,2025-02-26 15:00:00+00:00,customer-099,19701.32,0,0,0,0,5,0,0,fictional
txn-00446,2025-02-26 18:00:00+00:00,customer-100,4363.84,0,0,0,1,4,0,0,fictional
txn-00447,2025-02-26 21:00:00+00:00,customer-101,1148.28,0,1,0,2,5,0,0,fictional
txn-00448,2025-02-27 00:00:00+00:00,customer-102,4805.92,0,0,0,1,0,1,0,fictional
txn-00449,2025-02-27 03:00:00+00:00,customer-103,5942.91,0,0,0,1,3,1,0,fictional
txn-00450,2025-02-27 06:00:00+00:00,customer-104,3643.63,0,0,0,0,3,0,0,fictional
txn-00451,2025-02-27 09:00:00+00:00,customer-105,591.01,0,0,0,3,1,0,0,fictional
txn-00452,2025-02-27 12:00:00+00:00,customer-106,10577.79,0,0,0,0,2,0,0,fictional
txn-00453,2025-02-27 15:00:00+00:00,customer-107,12636.47,0,0,0,0,4,0,0,fictional
txn-00454,2025-02-27 18:00:00+00:00,customer-108,11556.51,0,0,0,0,4,0,0,fictional
txn-00455,2025-02-27 21:00:00+00:00,customer-109,19625.37,0,1,1,0,5,0,0,fictional
txn-00456,2025-02-28 00:00:00+00:00,customer-110,795.14,1,0,0,0,3,1,0,fictional
txn-00457,2025-02-28 03:00:00+00:00,customer-111,4879.7,0,1,0,2,4,1,0,fictional
txn-00458,2025-02-28 06:00:00+00:00,customer-112,13979.39,0,1,0,2,5,0,0,fictional
txn-00459,2025-02-28 09:00:00+00:00,customer-113,2857.65,0,0,0,0,1,0,0,fictional
txn-00460,2025-02-28 12:00:00+00:00,customer-114,5211.8,0,0,0,0,2,0,0,fictional
txn-00461,2025-02-28 15:00:00+00:00,customer-115,1539.28,0,0,0,3,2,0,0,fictional
txn-00462,2025-02-28 18:00:00+00:00,customer-116,1948.62,0,0,1,0,2,0,0,fictional
txn-00463,2025-02-28 21:00:00+00:00,customer-117,958.65,0,0,0,0,2,0,0,fictional
txn-00464,2025-03-01 00:00:00+00:00,customer-118,5029.57,0,0,0,3,3,1,0,fictional
txn-00465,2025-03-01 03:00:00+00:00,customer-119,3714.73,0,0,0,0,5,1,0,fictional
txn-00466,2025-03-01 06:00:00+00:00,customer-120,970.84,0,0,0,2,3,0,0,fictional
txn-00467,2025-03-01 09:00:00+00:00,customer-121,948.96,0,1,0,0,1,0,0,fictional
txn-00468,2025-03-01 12:00:00+00:00,customer-122,20506.14,0,1,0,0,2,0,0,fictional
txn-00469,2025-03-01 15:00:00+00:00,customer-123,3468.45,0,0,0,0,3,0,0,fictional
txn-00470,2025-03-01 18:00:00+00:00,customer-124,3475.23,0,0,0,1,3,0,0,fictional
txn-00471,2025-03-01 21:00:00+00:00,customer-125,910.75,0,0,0,0,5,0,0,fictional
txn-00472,2025-03-02 00:00:00+00:00,customer-126,6569.46,0,0,0,0,0,1,0,fictional
txn-00473,2025-03-02 03:00:00+00:00,customer-127,1351.74,0,0,0,1,0,1,0,fictional
txn-00474,2025-03-02 06:00:00+00:00,customer-128,772.76,0,0,0,0,0,0,0,fictional
txn-00475,2025-03-02 09:00:00+00:00,customer-129,604.17,1,0,0,2,2,0,0,fictional
txn-00476,2025-03-02 12:00:00+00:00,customer-130,894.14,1,0,0,0,4,0,0,fictional
txn-00477,2025-03-02 15:00:00+00:00,customer-131,4629.13,0,0,0,1,2,0,0,fictional
txn-00478,2025-03-02 18:00:00+00:00,customer-132,47593.87,1,0,0,2,3,0,0,fictional
txn-00479,2025-03-02 21:00:00+00:00,customer-133,996.51,0,0,0,0,0,0,0,fictional
txn-00480,2025-03-03 00:00:00+00:00,customer-134,7378.54,0,0,0,1,4,1,0,fictional
txn-00481,2025-03-03 03:00:00+00:00,customer-135,10483.47,0,1,0,1,3,1,0,fictional
txn-00482,2025-03-03 06:00:00+00:00,customer-136,2131.5,0,1,0,3,4,0,1,fictional
txn-00483,2025-03-03 09:00:00+00:00,customer-137,1211.19,0,0,1,0,4,0,0,fictional
txn-00484,2025-03-03 12:00:00+00:00,customer-138,6354.25,1,0,0,0,4,0,0,fictional
txn-00485,2025-03-03 15:00:00+00:00,customer-139,1254.27,0,0,0,1,3,0,0,fictional
txn-00486,2025-03-03 18:00:00+00:00,customer-140,33001.35,0,0,0,0,0,0,0,fictional
txn-00487,2025-03-03 21:00:00+00:00,customer-141,4469.39,1,0,0,0,2,0,0,fictional
txn-00488,2025-03-04 00:00:00+00:00,customer-142,2597.23,0,1,0,1,2,1,0,fictional
txn-00489,2025-03-04 03:00:00+00:00,customer-143,7774.84,0,0,0,1,1,1,0,fictional
txn-00490,2025-03-04 06:00:00+00:00,customer-144,1707.58,0,0,0,0,0,0,0,fictional
txn-00491,2025-03-04 09:00:00+00:00,customer-145,12550.13,0,0,0,1,2,0,0,fictional
txn-00492,2025-03-04 12:00:00+00:00,customer-146,1867.04,0,0,0,0,2,0,0,fictional
txn-00493,2025-03-04 15:00:00+00:00,customer-147,1677.1,0,0,0,2,2,0,0,fictional
txn-00494,2025-03-04 18:00:00+00:00,customer-148,1030.95,0,0,0,2,2,0,0,fictional
txn-00495,2025-03-04 21:00:00+00:00,customer-149,910.22,0,0,0,0,0,0,0,fictional
txn-00496,2025-03-05 00:00:00+00:00,customer-150,815.76,1,0,0,1,1,1,0,fictional
txn-00497,2025-03-05 03:00:00+00:00,customer-151,4993.15,0,0,0,1,2,1,0,fictional
txn-00498,2025-03-05 06:00:00+00:00,customer-152,3041.4,0,0,0,1,1,0,0,fictional
txn-00499,2025-03-05 09:00:00+00:00,customer-153,20945.77,1,0,0,2,4,0,0,fictional
txn-00500,2025-03-05 12:00:00+00:00,customer-154,6999.67,0,0,0,1,0,0,0,fictional
txn-00501,2025-03-05 15:00:00+00:00,customer-155,8149.07,0,1,0,1,3,0,0,fictional
txn-00502,2025-03-05 18:00:00+00:00,customer-156,25129.0,0,0,1,0,3,0,0,fictional
txn-00503,2025-03-05 21:00:00+00:00,customer-157,4354.35,0,0,0,1,2,0,0,fictional
txn-00504,2025-03-06 00:00:00+00:00,customer-158,554.06,0,1,0,0,3,1,0,fictional
txn-00505,2025-03-06 03:00:00+00:00,customer-159,2363.85,0,1,0,1,9,1,0,fictional
txn-00506,2025-03-06 06:00:00+00:00,customer-160,2290.97,1,0,0,0,3,0,0,fictional
txn-00507,2025-03-06 09:00:00+00:00,customer-161,688.34,0,0,0,2,2,0,0,fictional
txn-00508,2025-03-06 12:00:00+00:00,customer-162,1641.37,0,0,0,2,1,0,0,fictional
txn-00509,2025-03-06 15:00:00+00:00,customer-163,16237.02,0,0,0,2,1,0,0,fictional
txn-00510,2025-03-06 18:00:00+00:00,customer-164,2448.62,1,0,0,1,5,0,0,fictional
txn-00511,2025-03-06 21:00:00+00:00,customer-165,1215.0,0,0,1,2,2,0,0,fictional
txn-00512,2025-03-07 00:00:00+00:00,customer-166,1913.9,0,0,0,0,3,1,0,fictional
txn-00513,2025-03-07 03:00:00+00:00,customer-167,2667.92,0,0,0,3,3,1,0,fictional
txn-00514,2025-03-07 06:00:00+00:00,customer-168,3135.12,0,0,1,0,1,0,0,fictional
txn-00515,2025-03-07 09:00:00+00:00,customer-169,5277.82,0,0,0,1,3,0,0,fictional
txn-00516,2025-03-07 12:00:00+00:00,customer-170,33766.78,0,0,0,1,8,0,0,fictional
txn-00517,2025-03-07 15:00:00+00:00,customer-171,3770.48,0,0,0,0,0,0,0,fictional
txn-00518,2025-03-07 18:00:00+00:00,customer-172,9775.05,0,0,0,1,2,0,0,fictional
txn-00519,2025-03-07 21:00:00+00:00,customer-000,799.51,0,0,1,0,2,0,0,fictional
txn-00520,2025-03-08 00:00:00+00:00,customer-001,5402.24,0,0,0,0,0,1,0,fictional
txn-00521,2025-03-08 03:00:00+00:00,customer-002,1882.15,0,0,0,1,0,1,0,fictional
txn-00522,2025-03-08 06:00:00+00:00,customer-003,1085.61,0,0,0,0,3,0,0,fictional
txn-00523,2025-03-08 09:00:00+00:00,customer-004,1627.74,1,0,0,1,3,0,0,fictional
txn-00524,2025-03-08 12:00:00+00:00,customer-005,4853.36,0,0,0,1,3,0,0,fictional
txn-00525,2025-03-08 15:00:00+00:00,customer-006,1387.72,0,0,0,0,5,0,0,fictional
txn-00526,2025-03-08 18:00:00+00:00,customer-007,4239.03,0,0,0,0,4,0,0,fictional
txn-00527,2025-03-08 21:00:00+00:00,customer-008,1734.66,0,1,0,1,2,0,0,fictional
txn-00528,2025-03-09 00:00:00+00:00,customer-009,13583.7,0,0,0,1,1,1,0,fictional
txn-00529,2025-03-09 03:00:00+00:00,customer-010,19778.66,1,0,0,3,3,1,1,fictional
txn-00530,2025-03-09 06:00:00+00:00,customer-011,6006.8,0,0,0,0,1,0,0,fictional
txn-00531,2025-03-09 09:00:00+00:00,customer-012,1101.71,0,0,1,1,3,0,0,fictional
txn-00532,2025-03-09 12:00:00+00:00,customer-013,1871.33,0,0,0,2,1,0,0,fictional
txn-00533,2025-03-09 15:00:00+00:00,customer-014,1019.74,1,1,0,0,6,0,0,fictional
txn-00534,2025-03-09 18:00:00+00:00,customer-015,21071.18,0,0,1,1,3,0,0,fictional
txn-00535,2025-03-09 21:00:00+00:00,customer-016,16504.8,0,0,0,0,4,0,0,fictional
txn-00536,2025-03-10 00:00:00+00:00,customer-017,12526.8,0,0,0,1,2,1,0,fictional
txn-00537,2025-03-10 03:00:00+00:00,customer-018,163.96,1,0,0,0,2,1,0,fictional
txn-00538,2025-03-10 06:00:00+00:00,customer-019,4480.91,1,0,0,2,2,0,0,fictional
txn-00539,2025-03-10 09:00:00+00:00,customer-020,11775.45,1,1,0,0,4,0,0,fictional
txn-00540,2025-03-10 12:00:00+00:00,customer-021,8951.07,1,0,0,0,1,0,0,fictional
txn-00541,2025-03-10 15:00:00+00:00,customer-022,2007.29,0,0,0,1,3,0,0,fictional
txn-00542,2025-03-10 18:00:00+00:00,customer-023,6561.36,0,0,0,1,0,0,0,fictional
txn-00543,2025-03-10 21:00:00+00:00,customer-024,1100.77,0,0,0,0,3,0,0,fictional
txn-00544,2025-03-11 00:00:00+00:00,customer-025,1826.91,0,0,0,0,1,1,0,fictional
txn-00545,2025-03-11 03:00:00+00:00,customer-026,519.88,0,1,1,0,3,1,1,fictional
txn-00546,2025-03-11 06:00:00+00:00,customer-027,2097.55,0,0,0,2,1,0,0,fictional
txn-00547,2025-03-11 09:00:00+00:00,customer-028,1810.0,0,0,0,0,2,0,0,fictional
txn-00548,2025-03-11 12:00:00+00:00,customer-029,6763.19,1,0,0,2,3,0,0,fictional
txn-00549,2025-03-11 15:00:00+00:00,customer-030,760.7,0,0,0,3,0,0,0,fictional
txn-00550,2025-03-11 18:00:00+00:00,customer-031,7253.58,0,0,0,0,1,0,0,fictional
txn-00551,2025-03-11 21:00:00+00:00,customer-032,4393.19,0,0,0,0,2,0,0,fictional
txn-00552,2025-03-12 00:00:00+00:00,customer-033,5406.24,0,1,0,1,4,1,0,fictional
txn-00553,2025-03-12 03:00:00+00:00,customer-034,17941.48,0,0,0,1,2,1,0,fictional
txn-00554,2025-03-12 06:00:00+00:00,customer-035,6725.14,0,0,0,2,0,0,0,fictional
txn-00555,2025-03-12 09:00:00+00:00,customer-036,26095.76,0,0,0,2,3,0,0,fictional
txn-00556,2025-03-12 12:00:00+00:00,customer-037,438.67,1,0,0,0,3,0,0,fictional
txn-00557,2025-03-12 15:00:00+00:00,customer-038,5919.42,0,0,0,3,2,0,0,fictional
txn-00558,2025-03-12 18:00:00+00:00,customer-039,1418.55,0,0,0,2,3,0,0,fictional
txn-00559,2025-03-12 21:00:00+00:00,customer-040,3472.61,0,0,0,2,0,0,0,fictional
txn-00560,2025-03-13 00:00:00+00:00,customer-041,1563.77,0,0,0,0,4,1,0,fictional
txn-00561,2025-03-13 03:00:00+00:00,customer-042,1139.75,1,1,0,1,3,1,0,fictional
txn-00562,2025-03-13 06:00:00+00:00,customer-043,75218.26,1,0,0,0,3,0,1,fictional
txn-00563,2025-03-13 09:00:00+00:00,customer-044,2012.88,1,1,0,2,4,0,1,fictional
txn-00564,2025-03-13 12:00:00+00:00,customer-045,6927.08,0,0,0,0,4,0,0,fictional
txn-00565,2025-03-13 15:00:00+00:00,customer-046,8395.27,0,0,0,0,0,0,0,fictional
txn-00566,2025-03-13 18:00:00+00:00,customer-047,328.75,0,0,0,0,4,0,0,fictional
txn-00567,2025-03-13 21:00:00+00:00,customer-048,3364.41,0,1,0,0,2,0,0,fictional
txn-00568,2025-03-14 00:00:00+00:00,customer-049,744.5,0,1,0,1,2,1,0,fictional
txn-00569,2025-03-14 03:00:00+00:00,customer-050,3132.94,0,0,0,0,3,1,0,fictional
txn-00570,2025-03-14 06:00:00+00:00,customer-051,2243.75,0,0,0,1,4,0,0,fictional
txn-00571,2025-03-14 09:00:00+00:00,customer-052,211.12,1,0,0,0,2,0,0,fictional
txn-00572,2025-03-14 12:00:00+00:00,customer-053,3361.02,1,0,0,0,2,0,0,fictional
txn-00573,2025-03-14 15:00:00+00:00,customer-054,150235.27,0,0,0,0,1,0,1,fictional
txn-00574,2025-03-14 18:00:00+00:00,customer-055,583.1,0,0,0,3,1,0,0,fictional
txn-00575,2025-03-14 21:00:00+00:00,customer-056,1138.29,0,0,0,0,0,0,0,fictional
txn-00576,2025-03-15 00:00:00+00:00,customer-057,2309.98,0,0,0,0,0,1,0,fictional
txn-00577,2025-03-15 03:00:00+00:00,customer-058,372.15,1,1,0,0,3,1,0,fictional
txn-00578,2025-03-15 06:00:00+00:00,customer-059,15516.2,1,0,0,0,2,0,0,fictional
txn-00579,2025-03-15 09:00:00+00:00,customer-060,61531.66,0,0,0,0,2,0,0,fictional
txn-00580,2025-03-15 12:00:00+00:00,customer-061,128.35,1,0,0,2,4,0,0,fictional
txn-00581,2025-03-15 15:00:00+00:00,customer-062,3844.53,0,0,0,2,3,0,0,fictional
txn-00582,2025-03-15 18:00:00+00:00,customer-063,4690.4,0,0,0,1,1,0,0,fictional
txn-00583,2025-03-15 21:00:00+00:00,customer-064,531.94,0,0,0,2,2,0,0,fictional
txn-00584,2025-03-16 00:00:00+00:00,customer-065,6673.15,0,1,0,0,1,1,0,fictional
txn-00585,2025-03-16 03:00:00+00:00,customer-066,23183.01,0,0,0,1,1,1,0,fictional
txn-00586,2025-03-16 06:00:00+00:00,customer-067,1563.68,0,1,0,0,2,0,0,fictional
txn-00587,2025-03-16 09:00:00+00:00,customer-068,4723.02,1,1,0,2,3,0,0,fictional
txn-00588,2025-03-16 12:00:00+00:00,customer-069,3012.31,1,0,0,1,3,0,0,fictional
txn-00589,2025-03-16 15:00:00+00:00,customer-070,6374.93,0,0,0,0,4,0,0,fictional
txn-00590,2025-03-16 18:00:00+00:00,customer-071,835.63,1,0,0,0,8,0,0,fictional
txn-00591,2025-03-16 21:00:00+00:00,customer-072,13981.93,1,1,0,0,4,0,0,fictional
txn-00592,2025-03-17 00:00:00+00:00,customer-073,1267.81,0,0,0,1,3,1,0,fictional
txn-00593,2025-03-17 03:00:00+00:00,customer-074,626.18,1,0,0,1,2,1,0,fictional
txn-00594,2025-03-17 06:00:00+00:00,customer-075,5193.92,1,0,0,1,2,0,0,fictional
txn-00595,2025-03-17 09:00:00+00:00,customer-076,2271.6,0,0,0,0,3,0,0,fictional
txn-00596,2025-03-17 12:00:00+00:00,customer-077,14601.58,0,0,0,0,4,0,0,fictional
txn-00597,2025-03-17 15:00:00+00:00,customer-078,318.04,0,0,0,1,0,0,0,fictional
txn-00598,2025-03-17 18:00:00+00:00,customer-079,3236.45,0,0,0,3,3,0,0,fictional
txn-00599,2025-03-17 21:00:00+00:00,customer-080,1933.56,0,0,0,2,0,0,0,fictional
txn-00600,2025-03-18 00:00:00+00:00,customer-081,20495.09,0,0,0,0,1,1,0,fictional
txn-00601,2025-03-18 03:00:00+00:00,customer-082,1938.05,1,1,1,1,2,1,1,fictional
txn-00602,2025-03-18 06:00:00+00:00,customer-083,2953.27,1,0,0,1,4,0,0,fictional
txn-00603,2025-03-18 09:00:00+00:00,customer-084,1974.13,0,0,0,0,1,0,0,fictional
txn-00604,2025-03-18 12:00:00+00:00,customer-085,8322.7,0,0,0,0,3,0,0,fictional
txn-00605,2025-03-18 15:00:00+00:00,customer-086,3529.71,1,0,0,0,2,0,0,fictional
txn-00606,2025-03-18 18:00:00+00:00,customer-087,7310.95,0,0,0,0,0,0,0,fictional
txn-00607,2025-03-18 21:00:00+00:00,customer-088,21289.45,0,0,0,3,3,0,0,fictional
txn-00608,2025-03-19 00:00:00+00:00,customer-089,19858.89,0,1,0,2,2,1,0,fictional
txn-00609,2025-03-19 03:00:00+00:00,customer-090,2212.73,1,0,1,2,5,1,1,fictional
txn-00610,2025-03-19 06:00:00+00:00,customer-091,2548.49,1,1,0,0,4,0,0,fictional
txn-00611,2025-03-19 09:00:00+00:00,customer-092,826.01,0,0,0,0,1,0,0,fictional
txn-00612,2025-03-19 12:00:00+00:00,customer-093,1011.84,0,1,0,0,2,0,0,fictional
txn-00613,2025-03-19 15:00:00+00:00,customer-094,1920.61,0,0,0,2,4,0,0,fictional
txn-00614,2025-03-19 18:00:00+00:00,customer-095,1331.87,0,1,1,0,2,0,0,fictional
txn-00615,2025-03-19 21:00:00+00:00,customer-096,13553.42,0,0,0,0,5,0,0,fictional
txn-00616,2025-03-20 00:00:00+00:00,customer-097,394.08,0,0,0,0,2,1,0,fictional
txn-00617,2025-03-20 03:00:00+00:00,customer-098,4293.05,0,0,0,0,5,1,0,fictional
txn-00618,2025-03-20 06:00:00+00:00,customer-099,11260.19,1,1,0,2,4,0,1,fictional
txn-00619,2025-03-20 09:00:00+00:00,customer-100,10441.48,0,0,0,0,3,0,0,fictional
txn-00620,2025-03-20 12:00:00+00:00,customer-101,3971.33,1,0,0,1,3,0,0,fictional
txn-00621,2025-03-20 15:00:00+00:00,customer-102,1549.46,0,0,0,2,4,0,0,fictional
txn-00622,2025-03-20 18:00:00+00:00,customer-103,8980.21,1,0,0,0,2,0,0,fictional
txn-00623,2025-03-20 21:00:00+00:00,customer-104,1236.6,0,0,0,0,4,0,0,fictional
txn-00624,2025-03-21 00:00:00+00:00,customer-105,412.25,0,0,0,2,1,1,0,fictional
txn-00625,2025-03-21 03:00:00+00:00,customer-106,989.86,0,0,0,0,2,1,0,fictional
txn-00626,2025-03-21 06:00:00+00:00,customer-107,375.17,0,0,0,1,2,0,0,fictional
txn-00627,2025-03-21 09:00:00+00:00,customer-108,16689.13,0,1,0,0,3,0,0,fictional
txn-00628,2025-03-21 12:00:00+00:00,customer-109,2324.33,0,0,0,2,3,0,0,fictional
txn-00629,2025-03-21 15:00:00+00:00,customer-110,12030.6,0,1,0,1,4,0,0,fictional
txn-00630,2025-03-21 18:00:00+00:00,customer-111,2386.77,0,0,1,2,2,0,0,fictional
txn-00631,2025-03-21 21:00:00+00:00,customer-112,1782.12,0,0,0,2,1,0,0,fictional
txn-00632,2025-03-22 00:00:00+00:00,customer-113,1897.98,0,0,0,0,1,1,0,fictional
txn-00633,2025-03-22 03:00:00+00:00,customer-114,4034.26,1,0,0,0,3,1,0,fictional
txn-00634,2025-03-22 06:00:00+00:00,customer-115,363.66,0,0,0,3,5,0,0,fictional
txn-00635,2025-03-22 09:00:00+00:00,customer-116,2142.31,0,0,0,1,5,0,0,fictional
txn-00636,2025-03-22 12:00:00+00:00,customer-117,29001.8,1,0,0,1,4,0,0,fictional
txn-00637,2025-03-22 15:00:00+00:00,customer-118,19003.28,0,0,0,0,2,0,0,fictional
txn-00638,2025-03-22 18:00:00+00:00,customer-119,732.91,0,0,0,2,1,0,0,fictional
txn-00639,2025-03-22 21:00:00+00:00,customer-120,406.42,0,0,0,1,3,0,0,fictional
txn-00640,2025-03-23 00:00:00+00:00,customer-121,1731.76,0,0,1,0,1,1,0,fictional
txn-00641,2025-03-23 03:00:00+00:00,customer-122,381.66,0,1,0,0,3,1,0,fictional
txn-00642,2025-03-23 06:00:00+00:00,customer-123,3463.42,0,0,0,1,2,0,0,fictional
txn-00643,2025-03-23 09:00:00+00:00,customer-124,2231.61,0,1,0,3,4,0,0,fictional
txn-00644,2025-03-23 12:00:00+00:00,customer-125,1201.99,0,1,0,0,3,0,0,fictional
txn-00645,2025-03-23 15:00:00+00:00,customer-126,20668.4,0,1,0,0,3,0,0,fictional
txn-00646,2025-03-23 18:00:00+00:00,customer-127,2270.98,0,0,0,0,3,0,0,fictional
txn-00647,2025-03-23 21:00:00+00:00,customer-128,314.35,0,0,0,1,4,0,0,fictional
txn-00648,2025-03-24 00:00:00+00:00,customer-129,3782.4,0,0,0,0,3,1,0,fictional
txn-00649,2025-03-24 03:00:00+00:00,customer-130,1323.94,0,0,0,1,5,1,0,fictional
txn-00650,2025-03-24 06:00:00+00:00,customer-131,46472.05,0,0,0,3,4,0,0,fictional
txn-00651,2025-03-24 09:00:00+00:00,customer-132,1463.91,0,0,0,0,1,0,0,fictional
txn-00652,2025-03-24 12:00:00+00:00,customer-133,1626.4,0,0,0,3,2,0,0,fictional
txn-00653,2025-03-24 15:00:00+00:00,customer-134,5408.39,0,0,0,2,3,0,0,fictional
txn-00654,2025-03-24 18:00:00+00:00,customer-135,364.97,1,0,0,2,3,0,0,fictional
txn-00655,2025-03-24 21:00:00+00:00,customer-136,2571.43,1,0,0,2,2,0,0,fictional
txn-00656,2025-03-25 00:00:00+00:00,customer-137,2428.79,1,1,0,2,4,1,1,fictional
txn-00657,2025-03-25 03:00:00+00:00,customer-138,826.28,0,0,0,2,1,1,0,fictional
txn-00658,2025-03-25 06:00:00+00:00,customer-139,3649.02,0,0,1,0,3,0,0,fictional
txn-00659,2025-03-25 09:00:00+00:00,customer-140,3372.45,1,0,1,2,5,0,0,fictional
txn-00660,2025-03-25 12:00:00+00:00,customer-141,487.27,0,0,0,0,3,0,0,fictional
txn-00661,2025-03-25 15:00:00+00:00,customer-142,3727.09,0,0,0,1,2,0,0,fictional
txn-00662,2025-03-25 18:00:00+00:00,customer-143,2344.66,0,1,0,3,4,0,0,fictional
txn-00663,2025-03-25 21:00:00+00:00,customer-144,10886.83,1,0,0,1,2,0,0,fictional
txn-00664,2025-03-26 00:00:00+00:00,customer-145,604.85,0,0,0,0,3,1,0,fictional
txn-00665,2025-03-26 03:00:00+00:00,customer-146,6087.54,0,1,1,0,2,1,0,fictional
txn-00666,2025-03-26 06:00:00+00:00,customer-147,1335.04,0,0,0,0,1,0,0,fictional
txn-00667,2025-03-26 09:00:00+00:00,customer-148,4814.88,1,0,0,1,3,0,0,fictional
txn-00668,2025-03-26 12:00:00+00:00,customer-149,7094.4,0,0,0,0,0,0,0,fictional
txn-00669,2025-03-26 15:00:00+00:00,customer-150,1247.37,0,0,0,0,3,0,0,fictional
txn-00670,2025-03-26 18:00:00+00:00,customer-151,1024.76,0,0,1,0,2,0,0,fictional
txn-00671,2025-03-26 21:00:00+00:00,customer-152,10778.49,0,0,0,0,1,0,0,fictional
txn-00672,2025-03-27 00:00:00+00:00,customer-153,601.72,0,0,0,0,5,1,0,fictional
txn-00673,2025-03-27 03:00:00+00:00,customer-154,12449.81,0,0,0,0,0,1,0,fictional
txn-00674,2025-03-27 06:00:00+00:00,customer-155,4929.55,1,0,1,2,1,0,0,fictional
txn-00675,2025-03-27 09:00:00+00:00,customer-156,1376.08,0,0,0,2,1,0,0,fictional
txn-00676,2025-03-27 12:00:00+00:00,customer-157,1171.73,0,1,0,0,3,0,0,fictional
txn-00677,2025-03-27 15:00:00+00:00,customer-158,2664.78,0,0,0,0,3,0,0,fictional
txn-00678,2025-03-27 18:00:00+00:00,customer-159,11177.41,0,0,0,0,0,0,0,fictional
txn-00679,2025-03-27 21:00:00+00:00,customer-160,1815.23,0,0,0,0,1,0,0,fictional
txn-00680,2025-03-28 00:00:00+00:00,customer-161,10092.99,0,0,0,1,1,1,0,fictional
txn-00681,2025-03-28 03:00:00+00:00,customer-162,1633.12,0,0,0,2,2,1,0,fictional
txn-00682,2025-03-28 06:00:00+00:00,customer-163,1309.26,0,1,0,1,1,0,0,fictional
txn-00683,2025-03-28 09:00:00+00:00,customer-164,431.04,1,1,0,0,4,0,0,fictional
txn-00684,2025-03-28 12:00:00+00:00,customer-165,419.77,0,1,0,1,3,0,0,fictional
txn-00685,2025-03-28 15:00:00+00:00,customer-166,8475.56,0,0,1,0,4,0,0,fictional
txn-00686,2025-03-28 18:00:00+00:00,customer-167,2338.14,0,0,0,2,1,0,0,fictional
txn-00687,2025-03-28 21:00:00+00:00,customer-168,2407.99,0,0,0,2,1,0,0,fictional
txn-00688,2025-03-29 00:00:00+00:00,customer-169,2706.59,1,0,0,0,4,1,0,fictional
txn-00689,2025-03-29 03:00:00+00:00,customer-170,2812.47,0,0,0,1,0,1,0,fictional
txn-00690,2025-03-29 06:00:00+00:00,customer-171,6162.41,1,0,0,1,2,0,0,fictional
txn-00691,2025-03-29 09:00:00+00:00,customer-172,40424.09,0,0,0,3,1,0,0,fictional
txn-00692,2025-03-29 12:00:00+00:00,customer-000,420.95,0,0,0,1,1,0,0,fictional
txn-00693,2025-03-29 15:00:00+00:00,customer-001,981.81,0,0,1,2,3,0,0,fictional
txn-00694,2025-03-29 18:00:00+00:00,customer-002,25668.2,1,0,0,0,3,0,0,fictional
txn-00695,2025-03-29 21:00:00+00:00,customer-003,2800.0,1,0,0,1,4,0,0,fictional
txn-00696,2025-03-30 00:00:00+00:00,customer-004,4503.37,0,0,0,0,3,1,0,fictional
txn-00697,2025-03-30 03:00:00+00:00,customer-005,385.16,0,0,0,0,1,1,0,fictional
txn-00698,2025-03-30 06:00:00+00:00,customer-006,8240.86,0,0,0,1,5,0,0,fictional
txn-00699,2025-03-30 09:00:00+00:00,customer-007,2736.74,0,1,0,0,4,0,0,fictional
txn-00700,2025-03-30 12:00:00+00:00,customer-008,1221.0,0,0,0,0,2,0,0,fictional
txn-00701,2025-03-30 15:00:00+00:00,customer-009,3259.47,0,0,0,1,4,0,0,fictional
txn-00702,2025-03-30 18:00:00+00:00,customer-010,1105.8,0,0,0,0,1,0,0,fictional
txn-00703,2025-03-30 21:00:00+00:00,customer-011,16287.63,0,0,0,0,2,0,0,fictional
txn-00704,2025-03-31 00:00:00+00:00,customer-012,15272.45,0,0,0,0,0,1,0,fictional
txn-00705,2025-03-31 03:00:00+00:00,customer-013,1073.46,0,0,0,1,4,1,0,fictional
txn-00706,2025-03-31 06:00:00+00:00,customer-014,9804.42,0,0,1,1,2,0,0,fictional
txn-00707,2025-03-31 09:00:00+00:00,customer-015,1122.17,0,1,0,0,3,0,0,fictional
txn-00708,2025-03-31 12:00:00+00:00,customer-016,705.75,0,0,0,0,4,0,0,fictional
txn-00709,2025-03-31 15:00:00+00:00,customer-017,2743.63,0,0,0,1,4,0,0,fictional
txn-00710,2025-03-31 18:00:00+00:00,customer-018,18380.27,0,0,0,0,2,0,0,fictional
txn-00711,2025-03-31 21:00:00+00:00,customer-019,976.07,1,0,1,0,7,0,0,fictional
txn-00712,2025-04-01 00:00:00+00:00,customer-020,589.07,1,0,0,0,2,1,0,fictional
txn-00713,2025-04-01 03:00:00+00:00,customer-021,249.96,0,0,0,0,2,1,0,fictional
txn-00714,2025-04-01 06:00:00+00:00,customer-022,4426.9,1,0,0,0,4,0,0,fictional
txn-00715,2025-04-01 09:00:00+00:00,customer-023,4391.25,0,0,0,0,0,0,0,fictional
txn-00716,2025-04-01 12:00:00+00:00,customer-024,5466.06,0,0,0,0,2,0,0,fictional
txn-00717,2025-04-01 15:00:00+00:00,customer-025,530.82,0,0,0,1,3,0,0,fictional
txn-00718,2025-04-01 18:00:00+00:00,customer-026,13795.33,0,0,0,0,2,0,0,fictional
txn-00719,2025-04-01 21:00:00+00:00,customer-027,1159.57,0,0,0,1,2,0,0,fictional
txn-00720,2025-04-02 00:00:00+00:00,customer-028,415.34,0,0,0,1,3,1,0,fictional
txn-00721,2025-04-02 03:00:00+00:00,customer-029,10607.82,1,0,0,0,1,1,0,fictional
txn-00722,2025-04-02 06:00:00+00:00,customer-030,7532.99,0,0,0,0,0,0,0,fictional
txn-00723,2025-04-02 09:00:00+00:00,customer-031,3181.96,0,0,0,1,2,0,0,fictional
txn-00724,2025-04-02 12:00:00+00:00,customer-032,2862.04,0,0,0,1,5,0,0,fictional
txn-00725,2025-04-02 15:00:00+00:00,customer-033,2608.7,0,1,0,2,3,0,0,fictional
txn-00726,2025-04-02 18:00:00+00:00,customer-034,602.34,0,0,0,2,2,0,0,fictional
txn-00727,2025-04-02 21:00:00+00:00,customer-035,8606.06,0,0,0,0,0,0,0,fictional
txn-00728,2025-04-03 00:00:00+00:00,customer-036,4846.84,1,1,0,0,3,1,0,fictional
txn-00729,2025-04-03 03:00:00+00:00,customer-037,2742.93,1,1,0,2,3,1,1,fictional
txn-00730,2025-04-03 06:00:00+00:00,customer-038,917.52,0,0,0,0,1,0,0,fictional
txn-00731,2025-04-03 09:00:00+00:00,customer-039,2173.38,0,0,0,1,3,0,0,fictional
txn-00732,2025-04-03 12:00:00+00:00,customer-040,2744.07,1,1,0,2,2,0,0,fictional
txn-00733,2025-04-03 15:00:00+00:00,customer-041,1475.58,0,0,0,1,1,0,0,fictional
txn-00734,2025-04-03 18:00:00+00:00,customer-042,730.16,0,0,0,2,0,0,0,fictional
txn-00735,2025-04-03 21:00:00+00:00,customer-043,1447.76,0,1,0,1,1,0,0,fictional
txn-00736,2025-04-04 00:00:00+00:00,customer-044,1929.83,0,0,0,1,7,1,0,fictional
txn-00737,2025-04-04 03:00:00+00:00,customer-045,1525.4,0,0,0,0,0,1,0,fictional
txn-00738,2025-04-04 06:00:00+00:00,customer-046,971.89,1,1,0,0,7,0,0,fictional
txn-00739,2025-04-04 09:00:00+00:00,customer-047,1162.5,0,0,0,1,2,0,0,fictional
txn-00740,2025-04-04 12:00:00+00:00,customer-048,1198.68,0,0,1,0,3,0,0,fictional
txn-00741,2025-04-04 15:00:00+00:00,customer-049,6773.15,0,0,0,0,2,0,0,fictional
txn-00742,2025-04-04 18:00:00+00:00,customer-050,8686.06,0,0,0,0,1,0,0,fictional
txn-00743,2025-04-04 21:00:00+00:00,customer-051,2000.78,0,0,0,1,1,0,0,fictional
txn-00744,2025-04-05 00:00:00+00:00,customer-052,4855.05,0,0,0,2,1,1,0,fictional
txn-00745,2025-04-05 03:00:00+00:00,customer-053,731.87,0,0,0,0,1,1,0,fictional
txn-00746,2025-04-05 06:00:00+00:00,customer-054,19029.84,0,0,0,0,3,0,0,fictional
txn-00747,2025-04-05 09:00:00+00:00,customer-055,3212.65,0,0,0,1,2,0,0,fictional
txn-00748,2025-04-05 12:00:00+00:00,customer-056,1143.67,0,0,0,0,2,0,0,fictional
txn-00749,2025-04-05 15:00:00+00:00,customer-057,2460.92,1,0,0,3,3,0,0,fictional
txn-00750,2025-04-05 18:00:00+00:00,customer-058,5221.62,1,0,0,1,5,0,0,fictional
txn-00751,2025-04-05 21:00:00+00:00,customer-059,3864.35,0,1,0,2,3,0,0,fictional
txn-00752,2025-04-06 00:00:00+00:00,customer-060,3862.76,0,0,0,1,3,1,0,fictional
txn-00753,2025-04-06 03:00:00+00:00,customer-061,1757.79,1,0,0,0,5,1,0,fictional
txn-00754,2025-04-06 06:00:00+00:00,customer-062,3172.94,0,0,0,1,0,0,0,fictional
txn-00755,2025-04-06 09:00:00+00:00,customer-063,2914.81,0,0,0,0,0,0,0,fictional
txn-00756,2025-04-06 12:00:00+00:00,customer-064,2337.85,0,0,0,0,4,0,0,fictional
txn-00757,2025-04-06 15:00:00+00:00,customer-065,1157.3,1,1,0,2,4,0,0,fictional
txn-00758,2025-04-06 18:00:00+00:00,customer-066,786.26,0,0,0,1,1,0,0,fictional
txn-00759,2025-04-06 21:00:00+00:00,customer-067,8862.37,0,0,0,1,3,0,0,fictional
txn-00760,2025-04-07 00:00:00+00:00,customer-068,4210.71,1,0,0,1,1,1,0,fictional
txn-00761,2025-04-07 03:00:00+00:00,customer-069,1530.47,0,0,0,2,2,1,0,fictional
txn-00762,2025-04-07 06:00:00+00:00,customer-070,3623.57,0,0,0,1,2,0,0,fictional
txn-00763,2025-04-07 09:00:00+00:00,customer-071,447.55,0,0,0,0,4,0,0,fictional
txn-00764,2025-04-07 12:00:00+00:00,customer-072,1017.06,1,0,0,3,2,0,0,fictional
txn-00765,2025-04-07 15:00:00+00:00,customer-073,18771.57,0,0,0,1,1,0,0,fictional
txn-00766,2025-04-07 18:00:00+00:00,customer-074,1384.14,0,0,0,0,2,0,0,fictional
txn-00767,2025-04-07 21:00:00+00:00,customer-075,2189.31,0,0,1,1,5,0,0,fictional
txn-00768,2025-04-08 00:00:00+00:00,customer-076,520.12,1,1,0,3,2,1,1,fictional
txn-00769,2025-04-08 03:00:00+00:00,customer-077,2889.12,1,0,0,2,2,1,1,fictional
txn-00770,2025-04-08 06:00:00+00:00,customer-078,9711.72,0,0,0,1,2,0,0,fictional
txn-00771,2025-04-08 09:00:00+00:00,customer-079,4014.26,1,0,0,1,2,0,0,fictional
txn-00772,2025-04-08 12:00:00+00:00,customer-080,1925.97,0,0,0,2,2,0,0,fictional
txn-00773,2025-04-08 15:00:00+00:00,customer-081,3550.16,1,0,0,0,6,0,0,fictional
txn-00774,2025-04-08 18:00:00+00:00,customer-082,5931.55,0,0,0,1,1,0,0,fictional
txn-00775,2025-04-08 21:00:00+00:00,customer-083,35861.92,1,0,0,1,4,0,0,fictional
txn-00776,2025-04-09 00:00:00+00:00,customer-084,1140.47,1,1,1,0,3,1,0,fictional
txn-00777,2025-04-09 03:00:00+00:00,customer-085,1467.65,1,0,0,1,5,1,0,fictional
txn-00778,2025-04-09 06:00:00+00:00,customer-086,7819.27,0,0,0,1,3,0,0,fictional
txn-00779,2025-04-09 09:00:00+00:00,customer-087,440.06,1,0,0,0,4,0,0,fictional
txn-00780,2025-04-09 12:00:00+00:00,customer-088,5416.07,1,0,0,0,2,0,0,fictional
txn-00781,2025-04-09 15:00:00+00:00,customer-089,1334.57,0,0,0,3,0,0,0,fictional
txn-00782,2025-04-09 18:00:00+00:00,customer-090,7546.38,0,0,0,1,1,0,0,fictional
txn-00783,2025-04-09 21:00:00+00:00,customer-091,857.05,1,0,0,0,4,0,0,fictional
txn-00784,2025-04-10 00:00:00+00:00,customer-092,3950.13,0,1,0,1,4,1,1,fictional
txn-00785,2025-04-10 03:00:00+00:00,customer-093,5019.14,1,0,0,0,1,1,0,fictional
txn-00786,2025-04-10 06:00:00+00:00,customer-094,3137.42,0,0,0,0,2,0,0,fictional
txn-00787,2025-04-10 09:00:00+00:00,customer-095,1238.15,1,0,0,1,1,0,0,fictional
txn-00788,2025-04-10 12:00:00+00:00,customer-096,19243.59,0,0,0,2,4,0,0,fictional
txn-00789,2025-04-10 15:00:00+00:00,customer-097,39246.83,1,0,0,0,6,0,0,fictional
txn-00790,2025-04-10 18:00:00+00:00,customer-098,5695.59,0,0,0,2,5,0,0,fictional
txn-00791,2025-04-10 21:00:00+00:00,customer-099,1081.55,0,0,0,0,3,0,0,fictional
txn-00792,2025-04-11 00:00:00+00:00,customer-100,29942.77,1,0,0,0,3,1,0,fictional
txn-00793,2025-04-11 03:00:00+00:00,customer-101,3234.19,0,0,0,2,1,1,0,fictional
txn-00794,2025-04-11 06:00:00+00:00,customer-102,6977.66,0,0,0,0,1,0,0,fictional
txn-00795,2025-04-11 09:00:00+00:00,customer-103,1555.62,1,1,0,0,3,0,0,fictional
txn-00796,2025-04-11 12:00:00+00:00,customer-104,135.96,0,0,0,1,3,0,0,fictional
txn-00797,2025-04-11 15:00:00+00:00,customer-105,14260.89,0,1,0,0,2,0,0,fictional
txn-00798,2025-04-11 18:00:00+00:00,customer-106,7043.05,0,0,0,0,0,0,0,fictional
txn-00799,2025-04-11 21:00:00+00:00,customer-107,823.48,0,0,0,2,2,0,0,fictional
txn-00800,2025-04-12 00:00:00+00:00,customer-108,37387.6,0,0,0,3,1,1,1,fictional
txn-00801,2025-04-12 03:00:00+00:00,customer-109,17063.71,1,0,0,0,5,1,0,fictional
txn-00802,2025-04-12 06:00:00+00:00,customer-110,6073.33,0,0,0,0,0,0,0,fictional
txn-00803,2025-04-12 09:00:00+00:00,customer-111,7775.52,0,0,0,2,0,0,0,fictional
txn-00804,2025-04-12 12:00:00+00:00,customer-112,737.55,0,1,0,0,3,0,0,fictional
txn-00805,2025-04-12 15:00:00+00:00,customer-113,1913.52,0,0,0,0,2,0,0,fictional
txn-00806,2025-04-12 18:00:00+00:00,customer-114,2699.38,1,0,0,0,2,0,0,fictional
txn-00807,2025-04-12 21:00:00+00:00,customer-115,78.7,1,0,0,0,4,0,0,fictional
txn-00808,2025-04-13 00:00:00+00:00,customer-116,837.1,0,1,1,1,6,1,1,fictional
txn-00809,2025-04-13 03:00:00+00:00,customer-117,871.77,1,0,0,0,3,1,0,fictional
txn-00810,2025-04-13 06:00:00+00:00,customer-118,219.2,0,0,0,2,2,0,0,fictional
txn-00811,2025-04-13 09:00:00+00:00,customer-119,2590.07,0,0,1,0,4,0,0,fictional
txn-00812,2025-04-13 12:00:00+00:00,customer-120,603.42,0,0,0,2,2,0,0,fictional
txn-00813,2025-04-13 15:00:00+00:00,customer-121,3823.66,1,0,0,1,4,0,0,fictional
txn-00814,2025-04-13 18:00:00+00:00,customer-122,2740.23,0,0,0,0,2,0,0,fictional
txn-00815,2025-04-13 21:00:00+00:00,customer-123,3648.15,1,0,0,0,3,0,0,fictional
txn-00816,2025-04-14 00:00:00+00:00,customer-124,12580.62,0,0,0,1,0,1,0,fictional
txn-00817,2025-04-14 03:00:00+00:00,customer-125,28992.53,0,0,0,0,4,1,0,fictional
txn-00818,2025-04-14 06:00:00+00:00,customer-126,654.48,0,1,0,0,3,0,0,fictional
txn-00819,2025-04-14 09:00:00+00:00,customer-127,786.85,0,0,0,0,5,0,0,fictional
txn-00820,2025-04-14 12:00:00+00:00,customer-128,7092.78,0,0,1,0,2,0,0,fictional
txn-00821,2025-04-14 15:00:00+00:00,customer-129,1084.71,0,0,0,1,1,0,0,fictional
txn-00822,2025-04-14 18:00:00+00:00,customer-130,4315.69,1,0,0,2,2,0,0,fictional
txn-00823,2025-04-14 21:00:00+00:00,customer-131,4925.71,0,0,0,0,0,0,0,fictional
txn-00824,2025-04-15 00:00:00+00:00,customer-132,845.78,1,0,0,1,1,1,0,fictional
txn-00825,2025-04-15 03:00:00+00:00,customer-133,1101.29,0,0,0,1,3,1,0,fictional
txn-00826,2025-04-15 06:00:00+00:00,customer-134,1875.77,0,0,0,0,4,0,0,fictional
txn-00827,2025-04-15 09:00:00+00:00,customer-135,2478.52,0,0,0,0,1,0,0,fictional
txn-00828,2025-04-15 12:00:00+00:00,customer-136,2500.55,0,0,0,0,3,0,0,fictional
txn-00829,2025-04-15 15:00:00+00:00,customer-137,1026.95,0,0,0,0,1,0,0,fictional
txn-00830,2025-04-15 18:00:00+00:00,customer-138,232.02,0,0,0,1,1,0,0,fictional
txn-00831,2025-04-15 21:00:00+00:00,customer-139,22023.51,0,0,0,1,1,0,0,fictional
txn-00832,2025-04-16 00:00:00+00:00,customer-140,16887.96,0,0,0,2,8,1,1,fictional
txn-00833,2025-04-16 03:00:00+00:00,customer-141,1617.56,1,0,0,0,2,1,0,fictional
txn-00834,2025-04-16 06:00:00+00:00,customer-142,1215.51,1,0,0,1,3,0,0,fictional
txn-00835,2025-04-16 09:00:00+00:00,customer-143,11869.46,0,0,0,2,2,0,0,fictional
txn-00836,2025-04-16 12:00:00+00:00,customer-144,33884.18,0,0,0,1,3,0,0,fictional
txn-00837,2025-04-16 15:00:00+00:00,customer-145,168.25,0,0,0,1,7,0,0,fictional
txn-00838,2025-04-16 18:00:00+00:00,customer-146,832.89,0,0,0,0,5,0,0,fictional
txn-00839,2025-04-16 21:00:00+00:00,customer-147,2309.21,0,0,0,2,3,0,0,fictional
txn-00840,2025-04-17 00:00:00+00:00,customer-148,764.3,0,1,0,0,3,1,0,fictional
txn-00841,2025-04-17 03:00:00+00:00,customer-149,1079.17,0,0,0,0,1,1,0,fictional
txn-00842,2025-04-17 06:00:00+00:00,customer-150,1118.63,0,0,0,0,0,0,0,fictional
txn-00843,2025-04-17 09:00:00+00:00,customer-151,3412.19,0,0,0,0,1,0,0,fictional
txn-00844,2025-04-17 12:00:00+00:00,customer-152,1517.49,0,0,0,0,2,0,0,fictional
txn-00845,2025-04-17 15:00:00+00:00,customer-153,1408.1,1,0,0,1,5,0,0,fictional
txn-00846,2025-04-17 18:00:00+00:00,customer-154,3079.85,1,0,0,2,3,0,0,fictional
txn-00847,2025-04-17 21:00:00+00:00,customer-155,5621.05,1,0,0,2,4,0,0,fictional
txn-00848,2025-04-18 00:00:00+00:00,customer-156,1388.12,0,1,1,0,2,1,0,fictional
txn-00849,2025-04-18 03:00:00+00:00,customer-157,1748.3,0,0,0,0,3,1,0,fictional
txn-00850,2025-04-18 06:00:00+00:00,customer-158,771.51,0,0,0,0,5,0,0,fictional
txn-00851,2025-04-18 09:00:00+00:00,customer-159,5992.9,0,0,0,1,2,0,0,fictional
txn-00852,2025-04-18 12:00:00+00:00,customer-160,2702.31,0,0,0,1,0,0,0,fictional
txn-00853,2025-04-18 15:00:00+00:00,customer-161,4084.3,0,1,0,2,7,0,1,fictional
txn-00854,2025-04-18 18:00:00+00:00,customer-162,237.33,1,0,0,0,3,0,0,fictional
txn-00855,2025-04-18 21:00:00+00:00,customer-163,1497.44,0,0,0,0,3,0,0,fictional
txn-00856,2025-04-19 00:00:00+00:00,customer-164,8572.29,1,0,0,1,1,1,0,fictional
txn-00857,2025-04-19 03:00:00+00:00,customer-165,1291.09,0,0,0,1,2,1,0,fictional
txn-00858,2025-04-19 06:00:00+00:00,customer-166,1472.27,0,1,0,2,6,0,0,fictional
txn-00859,2025-04-19 09:00:00+00:00,customer-167,28635.1,1,0,0,2,2,0,0,fictional
txn-00860,2025-04-19 12:00:00+00:00,customer-168,292.01,0,0,0,0,3,0,0,fictional
txn-00861,2025-04-19 15:00:00+00:00,customer-169,1138.37,0,1,0,1,3,0,0,fictional
txn-00862,2025-04-19 18:00:00+00:00,customer-170,8072.21,0,0,0,2,3,0,0,fictional
txn-00863,2025-04-19 21:00:00+00:00,customer-171,4577.7,0,0,0,0,3,0,0,fictional
txn-00864,2025-04-20 00:00:00+00:00,customer-172,31103.57,0,1,0,1,2,1,0,fictional
txn-00865,2025-04-20 03:00:00+00:00,customer-000,6729.68,0,0,0,0,1,1,0,fictional
txn-00866,2025-04-20 06:00:00+00:00,customer-001,208.94,0,0,0,3,1,0,0,fictional
txn-00867,2025-04-20 09:00:00+00:00,customer-002,13360.31,0,0,0,1,3,0,0,fictional
txn-00868,2025-04-20 12:00:00+00:00,customer-003,877.8,0,0,0,0,1,0,0,fictional
txn-00869,2025-04-20 15:00:00+00:00,customer-004,423.05,0,0,0,0,2,0,0,fictional
txn-00870,2025-04-20 18:00:00+00:00,customer-005,12165.96,0,0,0,0,2,0,0,fictional
txn-00871,2025-04-20 21:00:00+00:00,customer-006,236.06,0,0,0,2,2,0,0,fictional
txn-00872,2025-04-21 00:00:00+00:00,customer-007,276.33,0,0,0,0,3,1,0,fictional
txn-00873,2025-04-21 03:00:00+00:00,customer-008,6550.56,1,0,0,1,3,1,0,fictional
txn-00874,2025-04-21 06:00:00+00:00,customer-009,11773.71,0,0,0,0,3,0,0,fictional
txn-00875,2025-04-21 09:00:00+00:00,customer-010,1351.32,0,0,0,0,1,0,0,fictional
txn-00876,2025-04-21 12:00:00+00:00,customer-011,789.88,0,0,0,1,0,0,0,fictional
txn-00877,2025-04-21 15:00:00+00:00,customer-012,4059.03,0,0,0,0,1,0,0,fictional
txn-00878,2025-04-21 18:00:00+00:00,customer-013,657.34,0,0,0,1,4,0,0,fictional
txn-00879,2025-04-21 21:00:00+00:00,customer-014,1343.04,0,0,0,0,0,0,0,fictional
txn-00880,2025-04-22 00:00:00+00:00,customer-015,1417.8,0,1,0,3,5,1,1,fictional
txn-00881,2025-04-22 03:00:00+00:00,customer-016,3612.27,0,0,0,2,3,1,0,fictional
txn-00882,2025-04-22 06:00:00+00:00,customer-017,6304.27,0,0,0,0,2,0,0,fictional
txn-00883,2025-04-22 09:00:00+00:00,customer-018,3463.07,1,0,0,0,4,0,0,fictional
txn-00884,2025-04-22 12:00:00+00:00,customer-019,62362.72,0,0,0,2,2,0,0,fictional
txn-00885,2025-04-22 15:00:00+00:00,customer-020,5583.53,0,1,0,0,1,0,0,fictional
txn-00886,2025-04-22 18:00:00+00:00,customer-021,795.76,0,0,1,0,1,0,0,fictional
txn-00887,2025-04-22 21:00:00+00:00,customer-022,1658.65,1,0,0,0,4,0,0,fictional
txn-00888,2025-04-23 00:00:00+00:00,customer-023,4085.06,0,0,0,0,2,1,0,fictional
txn-00889,2025-04-23 03:00:00+00:00,customer-024,1462.62,0,0,0,0,3,1,0,fictional
txn-00890,2025-04-23 06:00:00+00:00,customer-025,384.86,0,1,0,0,6,0,0,fictional
txn-00891,2025-04-23 09:00:00+00:00,customer-026,30186.71,0,0,0,1,1,0,0,fictional
txn-00892,2025-04-23 12:00:00+00:00,customer-027,13618.26,0,0,0,0,0,0,0,fictional
txn-00893,2025-04-23 15:00:00+00:00,customer-028,14557.87,0,0,1,0,3,0,0,fictional
txn-00894,2025-04-23 18:00:00+00:00,customer-029,17684.79,0,0,0,3,1,0,0,fictional
txn-00895,2025-04-23 21:00:00+00:00,customer-030,1276.68,0,0,0,1,3,0,0,fictional
txn-00896,2025-04-24 00:00:00+00:00,customer-031,6690.15,0,0,0,1,3,1,0,fictional
txn-00897,2025-04-24 03:00:00+00:00,customer-032,5065.34,0,0,0,0,3,1,0,fictional
txn-00898,2025-04-24 06:00:00+00:00,customer-033,3790.16,0,0,0,0,1,0,0,fictional
txn-00899,2025-04-24 09:00:00+00:00,customer-034,5084.06,0,0,0,2,2,0,0,fictional
txn-00900,2025-04-24 12:00:00+00:00,customer-035,821.95,0,0,0,2,0,0,0,fictional
txn-00901,2025-04-24 15:00:00+00:00,customer-036,1475.01,0,0,0,0,0,0,0,fictional
txn-00902,2025-04-24 18:00:00+00:00,customer-037,6395.16,0,0,0,2,5,0,0,fictional
txn-00903,2025-04-24 21:00:00+00:00,customer-038,11179.14,0,0,0,0,1,0,0,fictional
txn-00904,2025-04-25 00:00:00+00:00,customer-039,2607.15,0,0,0,1,3,1,0,fictional
txn-00905,2025-04-25 03:00:00+00:00,customer-040,39420.99,0,0,0,0,3,1,1,fictional
txn-00906,2025-04-25 06:00:00+00:00,customer-041,5126.97,0,0,0,0,6,0,0,fictional
txn-00907,2025-04-25 09:00:00+00:00,customer-042,12320.8,0,0,0,2,4,0,0,fictional
txn-00908,2025-04-25 12:00:00+00:00,customer-043,483.53,0,0,0,1,1,0,0,fictional
txn-00909,2025-04-25 15:00:00+00:00,customer-044,4585.46,0,0,0,0,1,0,0,fictional
txn-00910,2025-04-25 18:00:00+00:00,customer-045,1670.91,0,1,0,0,3,0,0,fictional
txn-00911,2025-04-25 21:00:00+00:00,customer-046,8424.22,0,0,1,0,5,0,0,fictional
txn-00912,2025-04-26 00:00:00+00:00,customer-047,1515.95,0,1,0,3,3,1,0,fictional
txn-00913,2025-04-26 03:00:00+00:00,customer-048,991.98,1,0,0,1,3,1,0,fictional
txn-00914,2025-04-26 06:00:00+00:00,customer-049,1387.59,1,0,0,0,2,0,0,fictional
txn-00915,2025-04-26 09:00:00+00:00,customer-050,3077.74,1,0,0,0,1,0,0,fictional
txn-00916,2025-04-26 12:00:00+00:00,customer-051,1542.02,0,0,0,3,1,0,0,fictional
txn-00917,2025-04-26 15:00:00+00:00,customer-052,2263.44,0,0,0,1,1,0,0,fictional
txn-00918,2025-04-26 18:00:00+00:00,customer-053,6434.47,0,0,0,1,2,0,0,fictional
txn-00919,2025-04-26 21:00:00+00:00,customer-054,715.53,1,1,0,1,6,0,1,fictional
txn-00920,2025-04-27 00:00:00+00:00,customer-055,5922.26,1,0,0,1,6,1,0,fictional
txn-00921,2025-04-27 03:00:00+00:00,customer-056,3236.63,1,0,0,2,2,1,0,fictional
txn-00922,2025-04-27 06:00:00+00:00,customer-057,1452.25,0,0,0,1,1,0,0,fictional
txn-00923,2025-04-27 09:00:00+00:00,customer-058,1103.68,0,0,0,0,3,0,0,fictional
txn-00924,2025-04-27 12:00:00+00:00,customer-059,5985.52,1,0,0,2,6,0,0,fictional
txn-00925,2025-04-27 15:00:00+00:00,customer-060,9167.85,0,0,0,1,2,0,0,fictional
txn-00926,2025-04-27 18:00:00+00:00,customer-061,1820.96,0,0,0,2,1,0,0,fictional
txn-00927,2025-04-27 21:00:00+00:00,customer-062,35417.34,0,0,0,1,1,0,0,fictional
txn-00928,2025-04-28 00:00:00+00:00,customer-063,3031.14,0,0,0,1,3,1,0,fictional
txn-00929,2025-04-28 03:00:00+00:00,customer-064,312.04,0,0,0,0,5,1,0,fictional
txn-00930,2025-04-28 06:00:00+00:00,customer-065,1326.85,1,0,0,2,3,0,0,fictional
txn-00931,2025-04-28 09:00:00+00:00,customer-066,766.96,0,0,0,0,4,0,0,fictional
txn-00932,2025-04-28 12:00:00+00:00,customer-067,2322.17,0,1,0,0,3,0,0,fictional
txn-00933,2025-04-28 15:00:00+00:00,customer-068,1887.02,0,0,0,1,5,0,0,fictional
txn-00934,2025-04-28 18:00:00+00:00,customer-069,616.2,0,0,0,0,1,0,0,fictional
txn-00935,2025-04-28 21:00:00+00:00,customer-070,2892.54,1,1,0,0,7,0,0,fictional
txn-00936,2025-04-29 00:00:00+00:00,customer-071,7442.04,0,1,0,1,4,1,0,fictional
txn-00937,2025-04-29 03:00:00+00:00,customer-072,18084.81,0,0,0,1,2,1,0,fictional
txn-00938,2025-04-29 06:00:00+00:00,customer-073,26965.08,1,0,1,0,5,0,1,fictional
txn-00939,2025-04-29 09:00:00+00:00,customer-074,5665.5,0,0,0,1,4,0,0,fictional
txn-00940,2025-04-29 12:00:00+00:00,customer-075,3119.08,0,0,0,1,0,0,0,fictional
txn-00941,2025-04-29 15:00:00+00:00,customer-076,1549.62,0,1,0,0,2,0,0,fictional
txn-00942,2025-04-29 18:00:00+00:00,customer-077,2043.07,0,0,0,1,4,0,0,fictional
txn-00943,2025-04-29 21:00:00+00:00,customer-078,1244.48,1,0,0,1,4,0,0,fictional
txn-00944,2025-04-30 00:00:00+00:00,customer-079,44667.31,1,0,0,2,4,1,1,fictional
txn-00945,2025-04-30 03:00:00+00:00,customer-080,13966.35,0,0,0,0,2,1,0,fictional
txn-00946,2025-04-30 06:00:00+00:00,customer-081,8545.66,0,0,0,0,2,0,0,fictional
txn-00947,2025-04-30 09:00:00+00:00,customer-082,34273.47,0,0,0,0,4,0,0,fictional
txn-00948,2025-04-30 12:00:00+00:00,customer-083,424.03,0,0,0,1,3,0,0,fictional
txn-00949,2025-04-30 15:00:00+00:00,customer-084,3600.89,0,0,0,0,3,0,0,fictional
txn-00950,2025-04-30 18:00:00+00:00,customer-085,26527.23,0,0,0,2,4,0,0,fictional
txn-00951,2025-04-30 21:00:00+00:00,customer-086,4107.65,0,0,0,0,2,0,0,fictional
txn-00952,2025-05-01 00:00:00+00:00,customer-087,4303.69,0,0,0,2,2,1,0,fictional
txn-00953,2025-05-01 03:00:00+00:00,customer-088,12509.47,0,0,0,1,3,1,0,fictional
txn-00954,2025-05-01 06:00:00+00:00,customer-089,151563.56,0,1,0,0,3,0,1,fictional
txn-00955,2025-05-01 09:00:00+00:00,customer-090,8661.27,0,0,0,1,3,0,0,fictional
txn-00956,2025-05-01 12:00:00+00:00,customer-091,2340.09,0,0,0,2,4,0,0,fictional
txn-00957,2025-05-01 15:00:00+00:00,customer-092,1416.52,0,1,0,0,1,0,0,fictional
txn-00958,2025-05-01 18:00:00+00:00,customer-093,11643.93,1,0,0,1,3,0,0,fictional
txn-00959,2025-05-01 21:00:00+00:00,customer-094,68799.24,0,0,0,0,0,0,0,fictional
txn-00960,2025-05-02 00:00:00+00:00,customer-095,1365.17,0,0,0,0,3,1,0,fictional
txn-00961,2025-05-02 03:00:00+00:00,customer-096,1902.3,0,1,0,0,3,1,0,fictional
txn-00962,2025-05-02 06:00:00+00:00,customer-097,3565.93,0,0,0,0,3,0,0,fictional
txn-00963,2025-05-02 09:00:00+00:00,customer-098,713.95,0,0,1,3,4,0,0,fictional
txn-00964,2025-05-02 12:00:00+00:00,customer-099,13745.4,0,0,0,0,4,0,0,fictional
txn-00965,2025-05-02 15:00:00+00:00,customer-100,456.34,0,0,0,2,4,0,0,fictional
txn-00966,2025-05-02 18:00:00+00:00,customer-101,6286.14,1,0,0,2,5,0,0,fictional
txn-00967,2025-05-02 21:00:00+00:00,customer-102,13762.46,0,0,0,2,1,0,0,fictional
txn-00968,2025-05-03 00:00:00+00:00,customer-103,829.13,0,0,0,0,2,1,0,fictional
txn-00969,2025-05-03 03:00:00+00:00,customer-104,3669.89,0,0,0,2,1,1,0,fictional
txn-00970,2025-05-03 06:00:00+00:00,customer-105,1209.33,0,0,0,1,2,0,0,fictional
txn-00971,2025-05-03 09:00:00+00:00,customer-106,6506.16,1,0,0,0,4,0,0,fictional
txn-00972,2025-05-03 12:00:00+00:00,customer-107,3033.46,0,0,0,1,2,0,0,fictional
txn-00973,2025-05-03 15:00:00+00:00,customer-108,332.99,0,0,0,3,0,0,0,fictional
txn-00974,2025-05-03 18:00:00+00:00,customer-109,549.05,0,0,0,1,2,0,0,fictional
txn-00975,2025-05-03 21:00:00+00:00,customer-110,7100.85,1,1,0,1,4,0,1,fictional
txn-00976,2025-05-04 00:00:00+00:00,customer-111,2949.53,0,0,0,1,2,1,0,fictional
txn-00977,2025-05-04 03:00:00+00:00,customer-112,5163.46,0,0,1,0,1,1,0,fictional
txn-00978,2025-05-04 06:00:00+00:00,customer-113,360.5,0,0,0,0,1,0,0,fictional
txn-00979,2025-05-04 09:00:00+00:00,customer-114,8891.12,1,0,0,0,4,0,0,fictional
txn-00980,2025-05-04 12:00:00+00:00,customer-115,6692.5,1,0,1,0,5,0,0,fictional
txn-00981,2025-05-04 15:00:00+00:00,customer-116,1207.65,0,0,0,2,2,0,0,fictional
txn-00982,2025-05-04 18:00:00+00:00,customer-117,8572.23,0,0,0,0,5,0,0,fictional
txn-00983,2025-05-04 21:00:00+00:00,customer-118,432.64,0,0,0,1,2,0,0,fictional
txn-00984,2025-05-05 00:00:00+00:00,customer-119,769.38,0,0,0,2,1,1,0,fictional
txn-00985,2025-05-05 03:00:00+00:00,customer-120,1257.43,0,0,0,1,1,1,0,fictional
txn-00986,2025-05-05 06:00:00+00:00,customer-121,1165.55,1,0,0,3,4,0,0,fictional
txn-00987,2025-05-05 09:00:00+00:00,customer-122,84450.78,0,1,0,0,2,0,1,fictional
txn-00988,2025-05-05 12:00:00+00:00,customer-123,28947.91,0,0,1,1,2,0,0,fictional
txn-00989,2025-05-05 15:00:00+00:00,customer-124,1119.76,0,0,0,0,1,0,0,fictional
txn-00990,2025-05-05 18:00:00+00:00,customer-125,10838.23,1,1,0,1,5,0,1,fictional
txn-00991,2025-05-05 21:00:00+00:00,customer-126,36960.81,0,0,0,0,1,0,0,fictional
txn-00992,2025-05-06 00:00:00+00:00,customer-127,7773.78,0,0,0,0,1,1,0,fictional
txn-00993,2025-05-06 03:00:00+00:00,customer-128,12542.92,0,1,0,1,2,1,0,fictional
txn-00994,2025-05-06 06:00:00+00:00,customer-129,14181.68,0,0,0,0,0,0,0,fictional
txn-00995,2025-05-06 09:00:00+00:00,customer-130,3531.96,0,0,0,0,2,0,0,fictional
txn-00996,2025-05-06 12:00:00+00:00,customer-131,914.44,0,0,0,0,5,0,0,fictional
txn-00997,2025-05-06 15:00:00+00:00,customer-132,5587.07,1,0,0,1,4,0,0,fictional
txn-00998,2025-05-06 18:00:00+00:00,customer-133,1720.62,0,1,0,0,3,0,0,fictional
txn-00999,2025-05-06 21:00:00+00:00,customer-134,2466.79,0,0,0,1,5,0,0,fictional
txn-01000,2025-05-07 00:00:00+00:00,customer-135,270.24,1,0,0,0,4,1,0,fictional
txn-01001,2025-05-07 03:00:00+00:00,customer-136,2278.92,0,0,0,1,4,1,0,fictional
txn-01002,2025-05-07 06:00:00+00:00,customer-137,1961.74,1,0,0,1,3,0,0,fictional
txn-01003,2025-05-07 09:00:00+00:00,customer-138,12970.67,0,0,0,0,5,0,0,fictional
txn-01004,2025-05-07 12:00:00+00:00,customer-139,2062.85,0,0,0,0,2,0,0,fictional
txn-01005,2025-05-07 15:00:00+00:00,customer-140,319.03,0,1,0,1,4,0,0,fictional
txn-01006,2025-05-07 18:00:00+00:00,customer-141,22164.67,0,0,0,1,2,0,0,fictional
txn-01007,2025-05-07 21:00:00+00:00,customer-142,360.3,0,0,0,0,3,0,0,fictional
txn-01008,2025-05-08 00:00:00+00:00,customer-143,248.14,1,0,0,1,2,1,0,fictional
txn-01009,2025-05-08 03:00:00+00:00,customer-144,18862.68,0,0,0,1,6,1,0,fictional
txn-01010,2025-05-08 06:00:00+00:00,customer-145,4694.56,0,1,0,1,2,0,0,fictional
txn-01011,2025-05-08 09:00:00+00:00,customer-146,5715.25,1,1,0,0,5,0,0,fictional
txn-01012,2025-05-08 12:00:00+00:00,customer-147,13805.49,0,0,0,0,2,0,0,fictional
txn-01013,2025-05-08 15:00:00+00:00,customer-148,1954.78,0,0,0,0,1,0,0,fictional
txn-01014,2025-05-08 18:00:00+00:00,customer-149,1865.57,1,1,0,0,3,0,0,fictional
txn-01015,2025-05-08 21:00:00+00:00,customer-150,5377.98,0,0,0,0,3,0,0,fictional
txn-01016,2025-05-09 00:00:00+00:00,customer-151,66006.24,0,0,0,2,1,1,0,fictional
txn-01017,2025-05-09 03:00:00+00:00,customer-152,2388.14,0,0,0,2,3,1,0,fictional
txn-01018,2025-05-09 06:00:00+00:00,customer-153,8826.83,0,0,0,2,1,0,0,fictional
txn-01019,2025-05-09 09:00:00+00:00,customer-154,4087.3,1,0,0,1,3,0,0,fictional
txn-01020,2025-05-09 12:00:00+00:00,customer-155,401.21,0,0,0,2,1,0,0,fictional
txn-01021,2025-05-09 15:00:00+00:00,customer-156,4796.06,0,0,0,2,2,0,0,fictional
txn-01022,2025-05-09 18:00:00+00:00,customer-157,728.98,0,0,0,1,2,0,0,fictional
txn-01023,2025-05-09 21:00:00+00:00,customer-158,2636.69,0,0,0,1,3,0,0,fictional
txn-01024,2025-05-10 00:00:00+00:00,customer-159,5450.49,0,1,0,1,3,1,0,fictional
txn-01025,2025-05-10 03:00:00+00:00,customer-160,2545.82,1,0,0,2,3,1,0,fictional
txn-01026,2025-05-10 06:00:00+00:00,customer-161,6536.01,0,0,0,0,3,0,0,fictional
txn-01027,2025-05-10 09:00:00+00:00,customer-162,464.97,1,0,0,1,4,0,0,fictional
txn-01028,2025-05-10 12:00:00+00:00,customer-163,1253.57,1,0,0,1,3,0,0,fictional
txn-01029,2025-05-10 15:00:00+00:00,customer-164,5839.22,0,0,0,0,2,0,0,fictional
txn-01030,2025-05-10 18:00:00+00:00,customer-165,1190.99,0,0,0,1,5,0,0,fictional
txn-01031,2025-05-10 21:00:00+00:00,customer-166,2584.97,0,0,0,0,2,0,0,fictional
txn-01032,2025-05-11 00:00:00+00:00,customer-167,658.93,0,1,0,1,4,1,0,fictional
txn-01033,2025-05-11 03:00:00+00:00,customer-168,14795.95,0,0,0,0,0,1,0,fictional
txn-01034,2025-05-11 06:00:00+00:00,customer-169,1429.17,0,0,0,1,1,0,0,fictional
txn-01035,2025-05-11 09:00:00+00:00,customer-170,979.64,0,0,0,0,2,0,0,fictional
txn-01036,2025-05-11 12:00:00+00:00,customer-171,2308.89,1,0,0,0,10,0,0,fictional
txn-01037,2025-05-11 15:00:00+00:00,customer-172,2436.07,0,0,0,0,2,0,0,fictional
txn-01038,2025-05-11 18:00:00+00:00,customer-000,11406.38,1,0,0,1,4,0,0,fictional
txn-01039,2025-05-11 21:00:00+00:00,customer-001,1988.73,0,0,0,0,2,0,0,fictional
txn-01040,2025-05-12 00:00:00+00:00,customer-002,4393.33,1,1,0,0,6,1,0,fictional
txn-01041,2025-05-12 03:00:00+00:00,customer-003,426.65,1,0,0,1,3,1,0,fictional
txn-01042,2025-05-12 06:00:00+00:00,customer-004,5991.59,0,0,0,0,4,0,0,fictional
txn-01043,2025-05-12 09:00:00+00:00,customer-005,1540.64,0,0,0,1,5,0,0,fictional
txn-01044,2025-05-12 12:00:00+00:00,customer-006,140513.34,0,1,0,0,3,0,1,fictional
txn-01045,2025-05-12 15:00:00+00:00,customer-007,1555.51,0,0,0,0,4,0,0,fictional
txn-01046,2025-05-12 18:00:00+00:00,customer-008,1402.73,1,0,0,0,5,0,0,fictional
txn-01047,2025-05-12 21:00:00+00:00,customer-009,10230.4,0,1,0,3,1,0,0,fictional
txn-01048,2025-05-13 00:00:00+00:00,customer-010,6859.65,0,1,0,0,2,1,0,fictional
txn-01049,2025-05-13 03:00:00+00:00,customer-011,2530.25,0,0,0,0,1,1,0,fictional
txn-01050,2025-05-13 06:00:00+00:00,customer-012,15197.13,0,0,0,1,0,0,0,fictional
txn-01051,2025-05-13 09:00:00+00:00,customer-013,15252.31,0,0,0,0,0,0,0,fictional
txn-01052,2025-05-13 12:00:00+00:00,customer-014,822.0,0,1,0,0,4,0,0,fictional
txn-01053,2025-05-13 15:00:00+00:00,customer-015,6505.68,0,0,0,1,1,0,0,fictional
txn-01054,2025-05-13 18:00:00+00:00,customer-016,2302.09,0,1,0,1,3,0,0,fictional
txn-01055,2025-05-13 21:00:00+00:00,customer-017,1801.9,0,0,1,0,1,0,0,fictional
txn-01056,2025-05-14 00:00:00+00:00,customer-018,955.91,0,0,0,0,3,1,0,fictional
txn-01057,2025-05-14 03:00:00+00:00,customer-019,4814.31,0,0,0,1,3,1,0,fictional
txn-01058,2025-05-14 06:00:00+00:00,customer-020,4300.24,0,0,0,2,2,0,0,fictional
txn-01059,2025-05-14 09:00:00+00:00,customer-021,2760.45,0,1,0,1,3,0,0,fictional
txn-01060,2025-05-14 12:00:00+00:00,customer-022,5966.9,0,1,0,2,2,0,0,fictional
txn-01061,2025-05-14 15:00:00+00:00,customer-023,17530.82,0,0,0,0,3,0,0,fictional
txn-01062,2025-05-14 18:00:00+00:00,customer-024,11418.25,0,0,0,1,3,0,0,fictional
txn-01063,2025-05-14 21:00:00+00:00,customer-025,4061.19,1,0,0,1,5,0,0,fictional
txn-01064,2025-05-15 00:00:00+00:00,customer-026,1359.71,0,0,1,1,3,1,0,fictional
txn-01065,2025-05-15 03:00:00+00:00,customer-027,2032.68,0,0,0,2,1,1,0,fictional
txn-01066,2025-05-15 06:00:00+00:00,customer-028,3959.22,0,0,0,2,3,0,0,fictional
txn-01067,2025-05-15 09:00:00+00:00,customer-029,1372.24,0,0,0,3,4,0,0,fictional
txn-01068,2025-05-15 12:00:00+00:00,customer-030,1702.05,0,0,0,0,5,0,0,fictional
txn-01069,2025-05-15 15:00:00+00:00,customer-031,401.37,1,0,0,0,5,0,0,fictional
txn-01070,2025-05-15 18:00:00+00:00,customer-032,571.04,0,0,0,2,1,0,0,fictional
txn-01071,2025-05-15 21:00:00+00:00,customer-033,474.95,0,1,0,0,4,0,0,fictional
txn-01072,2025-05-16 00:00:00+00:00,customer-034,11801.63,0,1,0,2,4,1,0,fictional
txn-01073,2025-05-16 03:00:00+00:00,customer-035,4869.38,1,1,0,2,3,1,0,fictional
txn-01074,2025-05-16 06:00:00+00:00,customer-036,627.93,1,0,0,1,5,0,0,fictional
txn-01075,2025-05-16 09:00:00+00:00,customer-037,6058.51,0,0,0,0,1,0,0,fictional
txn-01076,2025-05-16 12:00:00+00:00,customer-038,2299.62,0,0,0,1,1,0,0,fictional
txn-01077,2025-05-16 15:00:00+00:00,customer-039,471.23,0,1,0,0,3,0,0,fictional
txn-01078,2025-05-16 18:00:00+00:00,customer-040,1737.29,0,0,0,1,2,0,0,fictional
txn-01079,2025-05-16 21:00:00+00:00,customer-041,1646.41,0,0,0,2,2,0,0,fictional
txn-01080,2025-05-17 00:00:00+00:00,customer-042,751.26,0,0,1,1,3,1,0,fictional
txn-01081,2025-05-17 03:00:00+00:00,customer-043,1115.67,0,1,0,0,4,1,0,fictional
txn-01082,2025-05-17 06:00:00+00:00,customer-044,995.45,0,0,0,1,1,0,0,fictional
txn-01083,2025-05-17 09:00:00+00:00,customer-045,3118.74,0,1,1,1,3,0,0,fictional
txn-01084,2025-05-17 12:00:00+00:00,customer-046,8541.62,0,1,0,3,4,0,0,fictional
txn-01085,2025-05-17 15:00:00+00:00,customer-047,3128.18,0,0,1,1,1,0,0,fictional
txn-01086,2025-05-17 18:00:00+00:00,customer-048,684.6,0,1,0,0,4,0,0,fictional
txn-01087,2025-05-17 21:00:00+00:00,customer-049,6403.74,1,0,0,1,4,0,0,fictional
txn-01088,2025-05-18 00:00:00+00:00,customer-050,22104.99,0,0,0,1,1,1,0,fictional
txn-01089,2025-05-18 03:00:00+00:00,customer-051,5028.04,0,0,0,0,4,1,0,fictional
txn-01090,2025-05-18 06:00:00+00:00,customer-052,6749.72,1,0,1,1,3,0,0,fictional
txn-01091,2025-05-18 09:00:00+00:00,customer-053,2014.85,0,1,1,0,2,0,0,fictional
txn-01092,2025-05-18 12:00:00+00:00,customer-054,1772.02,0,0,0,0,2,0,0,fictional
txn-01093,2025-05-18 15:00:00+00:00,customer-055,21922.3,1,0,0,0,3,0,0,fictional
txn-01094,2025-05-18 18:00:00+00:00,customer-056,5189.66,0,0,0,0,1,0,0,fictional
txn-01095,2025-05-18 21:00:00+00:00,customer-057,9050.37,0,0,0,0,1,0,0,fictional
txn-01096,2025-05-19 00:00:00+00:00,customer-058,4633.92,0,0,0,1,3,1,0,fictional
txn-01097,2025-05-19 03:00:00+00:00,customer-059,33509.97,0,0,0,3,1,1,1,fictional
txn-01098,2025-05-19 06:00:00+00:00,customer-060,5288.22,0,0,0,1,2,0,0,fictional
txn-01099,2025-05-19 09:00:00+00:00,customer-061,7069.98,1,0,0,0,5,0,0,fictional
txn-01100,2025-05-19 12:00:00+00:00,customer-062,1166.35,0,1,0,1,3,0,0,fictional
txn-01101,2025-05-19 15:00:00+00:00,customer-063,350.26,0,1,0,1,4,0,0,fictional
txn-01102,2025-05-19 18:00:00+00:00,customer-064,1694.32,1,1,0,0,6,0,0,fictional
txn-01103,2025-05-19 21:00:00+00:00,customer-065,4770.8,0,0,0,3,1,0,0,fictional
txn-01104,2025-05-20 00:00:00+00:00,customer-066,1577.05,0,0,0,0,1,1,0,fictional
txn-01105,2025-05-20 03:00:00+00:00,customer-067,2192.17,0,0,0,0,3,1,0,fictional
txn-01106,2025-05-20 06:00:00+00:00,customer-068,852.48,0,0,0,2,2,0,0,fictional
txn-01107,2025-05-20 09:00:00+00:00,customer-069,20946.03,0,0,0,2,4,0,0,fictional
txn-01108,2025-05-20 12:00:00+00:00,customer-070,4887.51,1,0,0,0,3,0,0,fictional
txn-01109,2025-05-20 15:00:00+00:00,customer-071,5666.3,0,0,0,1,5,0,0,fictional
txn-01110,2025-05-20 18:00:00+00:00,customer-072,5158.63,0,0,0,0,3,0,0,fictional
txn-01111,2025-05-20 21:00:00+00:00,customer-073,2059.08,0,0,0,1,2,0,0,fictional
txn-01112,2025-05-21 00:00:00+00:00,customer-074,1702.19,0,1,0,1,1,1,0,fictional
txn-01113,2025-05-21 03:00:00+00:00,customer-075,2812.63,0,0,0,0,2,1,0,fictional
txn-01114,2025-05-21 06:00:00+00:00,customer-076,507.1,0,0,0,0,3,0,0,fictional
txn-01115,2025-05-21 09:00:00+00:00,customer-077,10220.19,0,0,0,0,4,0,0,fictional
txn-01116,2025-05-21 12:00:00+00:00,customer-078,649.34,0,0,0,0,0,0,0,fictional
txn-01117,2025-05-21 15:00:00+00:00,customer-079,6782.6,1,0,0,1,3,0,0,fictional
txn-01118,2025-05-21 18:00:00+00:00,customer-080,87721.25,1,0,1,1,3,0,1,fictional
txn-01119,2025-05-21 21:00:00+00:00,customer-081,693.41,0,0,0,3,0,0,0,fictional
txn-01120,2025-05-22 00:00:00+00:00,customer-082,848.01,0,0,0,2,1,1,0,fictional
txn-01121,2025-05-22 03:00:00+00:00,customer-083,1846.36,0,0,0,2,2,1,0,fictional
txn-01122,2025-05-22 06:00:00+00:00,customer-084,5516.44,0,0,0,1,2,0,0,fictional
txn-01123,2025-05-22 09:00:00+00:00,customer-085,2875.82,0,0,0,0,1,0,0,fictional
txn-01124,2025-05-22 12:00:00+00:00,customer-086,744.31,0,0,1,0,2,0,0,fictional
txn-01125,2025-05-22 15:00:00+00:00,customer-087,1028.28,1,0,0,0,2,0,0,fictional
txn-01126,2025-05-22 18:00:00+00:00,customer-088,1653.94,0,1,0,0,2,0,0,fictional
txn-01127,2025-05-22 21:00:00+00:00,customer-089,2176.83,1,0,0,2,3,0,0,fictional
txn-01128,2025-05-23 00:00:00+00:00,customer-090,730.52,0,0,0,1,2,1,0,fictional
txn-01129,2025-05-23 03:00:00+00:00,customer-091,1058.59,0,0,0,0,0,1,0,fictional
txn-01130,2025-05-23 06:00:00+00:00,customer-092,2715.79,1,0,0,1,3,0,0,fictional
txn-01131,2025-05-23 09:00:00+00:00,customer-093,1962.09,1,0,0,1,5,0,0,fictional
txn-01132,2025-05-23 12:00:00+00:00,customer-094,795.86,1,0,0,0,4,0,0,fictional
txn-01133,2025-05-23 15:00:00+00:00,customer-095,1236.54,1,0,0,1,2,0,0,fictional
txn-01134,2025-05-23 18:00:00+00:00,customer-096,19998.77,0,0,0,1,1,0,0,fictional
txn-01135,2025-05-23 21:00:00+00:00,customer-097,3026.95,0,0,0,0,2,0,0,fictional
txn-01136,2025-05-24 00:00:00+00:00,customer-098,60056.98,0,0,0,0,1,1,1,fictional
txn-01137,2025-05-24 03:00:00+00:00,customer-099,2439.85,0,1,0,1,4,1,0,fictional
txn-01138,2025-05-24 06:00:00+00:00,customer-100,3172.6,0,0,0,1,0,0,0,fictional
txn-01139,2025-05-24 09:00:00+00:00,customer-101,4020.37,1,0,0,0,4,0,0,fictional
txn-01140,2025-05-24 12:00:00+00:00,customer-102,1431.72,0,0,0,1,0,0,0,fictional
txn-01141,2025-05-24 15:00:00+00:00,customer-103,36741.44,0,0,1,0,3,0,0,fictional
txn-01142,2025-05-24 18:00:00+00:00,customer-104,2256.19,0,0,0,1,4,0,0,fictional
txn-01143,2025-05-24 21:00:00+00:00,customer-105,1202.2,0,0,0,2,1,0,0,fictional
txn-01144,2025-05-25 00:00:00+00:00,customer-106,1392.85,0,0,0,0,5,1,0,fictional
txn-01145,2025-05-25 03:00:00+00:00,customer-107,1925.88,0,1,0,2,2,1,0,fictional
txn-01146,2025-05-25 06:00:00+00:00,customer-108,930.68,1,0,0,0,3,0,0,fictional
txn-01147,2025-05-25 09:00:00+00:00,customer-109,251.88,0,1,0,2,2,0,0,fictional
txn-01148,2025-05-25 12:00:00+00:00,customer-110,2674.56,1,1,0,0,4,0,0,fictional
txn-01149,2025-05-25 15:00:00+00:00,customer-111,3816.03,1,0,0,1,6,0,0,fictional
txn-01150,2025-05-25 18:00:00+00:00,customer-112,28770.07,0,0,0,1,3,0,0,fictional
txn-01151,2025-05-25 21:00:00+00:00,customer-113,1656.12,1,0,0,0,2,0,0,fictional
txn-01152,2025-05-26 00:00:00+00:00,customer-114,15866.6,0,0,0,0,0,1,0,fictional
txn-01153,2025-05-26 03:00:00+00:00,customer-115,4586.27,0,0,0,1,2,1,0,fictional
txn-01154,2025-05-26 06:00:00+00:00,customer-116,892.96,0,0,0,3,4,0,0,fictional
txn-01155,2025-05-26 09:00:00+00:00,customer-117,2998.65,0,0,0,0,4,0,0,fictional
txn-01156,2025-05-26 12:00:00+00:00,customer-118,2886.4,1,0,0,3,2,0,0,fictional
txn-01157,2025-05-26 15:00:00+00:00,customer-119,16127.09,0,0,0,0,4,0,0,fictional
txn-01158,2025-05-26 18:00:00+00:00,customer-120,7050.5,0,0,0,0,2,0,0,fictional
txn-01159,2025-05-26 21:00:00+00:00,customer-121,6060.94,0,1,0,0,2,0,0,fictional
txn-01160,2025-05-27 00:00:00+00:00,customer-122,1410.26,0,0,0,2,2,1,0,fictional
txn-01161,2025-05-27 03:00:00+00:00,customer-123,4428.3,0,0,0,0,1,1,0,fictional
txn-01162,2025-05-27 06:00:00+00:00,customer-124,23964.24,0,0,0,3,1,0,0,fictional
txn-01163,2025-05-27 09:00:00+00:00,customer-125,7232.8,0,0,0,0,3,0,0,fictional
txn-01164,2025-05-27 12:00:00+00:00,customer-126,5507.35,1,1,0,1,6,0,0,fictional
txn-01165,2025-05-27 15:00:00+00:00,customer-127,15177.16,1,0,0,0,3,0,0,fictional
txn-01166,2025-05-27 18:00:00+00:00,customer-128,614.61,1,0,0,2,3,0,0,fictional
txn-01167,2025-05-27 21:00:00+00:00,customer-129,7117.28,0,0,0,2,4,0,0,fictional
txn-01168,2025-05-28 00:00:00+00:00,customer-130,5406.23,0,0,0,1,1,1,0,fictional
txn-01169,2025-05-28 03:00:00+00:00,customer-131,1965.13,0,1,0,2,4,1,0,fictional
txn-01170,2025-05-28 06:00:00+00:00,customer-132,2236.21,1,0,0,1,3,0,0,fictional
txn-01171,2025-05-28 09:00:00+00:00,customer-133,828.74,0,1,0,0,2,0,0,fictional
txn-01172,2025-05-28 12:00:00+00:00,customer-134,2994.53,0,0,0,0,3,0,0,fictional
txn-01173,2025-05-28 15:00:00+00:00,customer-135,2709.69,0,0,0,0,1,0,0,fictional
txn-01174,2025-05-28 18:00:00+00:00,customer-136,3870.57,1,0,0,2,3,0,0,fictional
txn-01175,2025-05-28 21:00:00+00:00,customer-137,9864.89,0,0,0,0,3,0,0,fictional
txn-01176,2025-05-29 00:00:00+00:00,customer-138,1989.31,0,0,0,1,2,1,0,fictional
txn-01177,2025-05-29 03:00:00+00:00,customer-139,1629.56,0,0,0,2,1,1,0,fictional
txn-01178,2025-05-29 06:00:00+00:00,customer-140,1756.2,0,0,0,1,2,0,0,fictional
txn-01179,2025-05-29 09:00:00+00:00,customer-141,456.97,0,0,0,0,0,0,0,fictional
txn-01180,2025-05-29 12:00:00+00:00,customer-142,8248.36,0,0,0,1,1,0,0,fictional
txn-01181,2025-05-29 15:00:00+00:00,customer-143,3976.79,0,0,0,1,2,0,0,fictional
txn-01182,2025-05-29 18:00:00+00:00,customer-144,1083.29,1,0,0,1,1,0,0,fictional
txn-01183,2025-05-29 21:00:00+00:00,customer-145,763.69,1,1,0,2,5,0,1,fictional
txn-01184,2025-05-30 00:00:00+00:00,customer-146,958.33,0,0,0,0,8,1,0,fictional
txn-01185,2025-05-30 03:00:00+00:00,customer-147,11831.92,0,1,0,1,3,1,0,fictional
txn-01186,2025-05-30 06:00:00+00:00,customer-148,26821.3,0,0,0,1,3,0,0,fictional
txn-01187,2025-05-30 09:00:00+00:00,customer-149,5091.66,1,0,0,0,3,0,0,fictional
txn-01188,2025-05-30 12:00:00+00:00,customer-150,3206.06,0,0,1,2,4,0,0,fictional
txn-01189,2025-05-30 15:00:00+00:00,customer-151,12212.23,0,0,1,0,2,0,0,fictional
txn-01190,2025-05-30 18:00:00+00:00,customer-152,1006.55,0,0,0,1,2,0,0,fictional
txn-01191,2025-05-30 21:00:00+00:00,customer-153,1578.36,1,1,0,1,4,0,0,fictional
txn-01192,2025-05-31 00:00:00+00:00,customer-154,1889.63,0,0,0,1,1,1,0,fictional
txn-01193,2025-05-31 03:00:00+00:00,customer-155,1659.92,0,0,0,2,2,1,0,fictional
txn-01194,2025-05-31 06:00:00+00:00,customer-156,3634.33,0,1,0,1,4,0,0,fictional
txn-01195,2025-05-31 09:00:00+00:00,customer-157,452.52,1,1,0,1,4,0,0,fictional
txn-01196,2025-05-31 12:00:00+00:00,customer-158,925.65,0,0,0,1,4,0,0,fictional
txn-01197,2025-05-31 15:00:00+00:00,customer-159,4293.77,0,0,0,0,0,0,0,fictional
txn-01198,2025-05-31 18:00:00+00:00,customer-160,629.13,0,1,0,2,3,0,0,fictional
txn-01199,2025-05-31 21:00:00+00:00,customer-161,8342.13,0,0,0,2,3,0,0,fictional
txn-01200,2025-06-01 00:00:00+00:00,customer-162,3852.03,0,0,0,0,1,1,0,fictional
txn-01201,2025-06-01 03:00:00+00:00,customer-163,21897.85,1,0,0,0,1,1,0,fictional
txn-01202,2025-06-01 06:00:00+00:00,customer-164,1771.03,0,0,0,2,2,0,0,fictional
txn-01203,2025-06-01 09:00:00+00:00,customer-165,3597.96,0,0,0,0,1,0,0,fictional
txn-01204,2025-06-01 12:00:00+00:00,customer-166,1468.73,0,1,0,3,3,0,0,fictional
txn-01205,2025-06-01 15:00:00+00:00,customer-167,852.11,0,0,0,2,2,0,0,fictional
txn-01206,2025-06-01 18:00:00+00:00,customer-168,2903.59,0,1,0,1,3,0,0,fictional
txn-01207,2025-06-01 21:00:00+00:00,customer-169,11235.21,0,0,1,0,4,0,0,fictional
txn-01208,2025-06-02 00:00:00+00:00,customer-170,1772.01,0,0,0,0,2,1,0,fictional
txn-01209,2025-06-02 03:00:00+00:00,customer-171,5739.03,0,0,0,1,1,1,0,fictional
txn-01210,2025-06-02 06:00:00+00:00,customer-172,1108.45,0,0,0,1,3,0,0,fictional
txn-01211,2025-06-02 09:00:00+00:00,customer-000,560.75,0,0,0,3,6,0,0,fictional
txn-01212,2025-06-02 12:00:00+00:00,customer-001,8251.92,1,0,0,1,4,0,0,fictional
txn-01213,2025-06-02 15:00:00+00:00,customer-002,372.12,0,0,0,0,2,0,0,fictional
txn-01214,2025-06-02 18:00:00+00:00,customer-003,4245.7,1,0,0,1,2,0,0,fictional
txn-01215,2025-06-02 21:00:00+00:00,customer-004,420.63,0,0,0,1,1,0,0,fictional
txn-01216,2025-06-03 00:00:00+00:00,customer-005,13314.1,0,0,0,0,0,1,0,fictional
txn-01217,2025-06-03 03:00:00+00:00,customer-006,1182.71,1,1,0,2,4,1,1,fictional
txn-01218,2025-06-03 06:00:00+00:00,customer-007,8035.85,1,0,0,0,5,0,0,fictional
txn-01219,2025-06-03 09:00:00+00:00,customer-008,2023.09,0,0,0,1,1,0,0,fictional
txn-01220,2025-06-03 12:00:00+00:00,customer-009,9852.97,0,0,1,1,1,0,0,fictional
txn-01221,2025-06-03 15:00:00+00:00,customer-010,409.38,1,0,0,0,1,0,0,fictional
txn-01222,2025-06-03 18:00:00+00:00,customer-011,8932.6,1,1,0,0,5,0,0,fictional
txn-01223,2025-06-03 21:00:00+00:00,customer-012,3824.95,0,0,0,0,1,0,0,fictional
txn-01224,2025-06-04 00:00:00+00:00,customer-013,2145.55,0,1,0,0,5,1,0,fictional
txn-01225,2025-06-04 03:00:00+00:00,customer-014,897.33,1,0,1,1,3,1,0,fictional
txn-01226,2025-06-04 06:00:00+00:00,customer-015,340.92,0,0,0,0,2,0,0,fictional
txn-01227,2025-06-04 09:00:00+00:00,customer-016,61584.63,1,0,0,2,2,0,1,fictional
txn-01228,2025-06-04 12:00:00+00:00,customer-017,2062.98,0,0,0,0,6,0,0,fictional
txn-01229,2025-06-04 15:00:00+00:00,customer-018,438.92,0,0,0,1,0,0,0,fictional
txn-01230,2025-06-04 18:00:00+00:00,customer-019,766.5,0,0,0,2,3,0,0,fictional
txn-01231,2025-06-04 21:00:00+00:00,customer-020,9396.22,0,1,0,0,5,0,0,fictional
txn-01232,2025-06-05 00:00:00+00:00,customer-021,35184.95,0,0,0,2,4,1,1,fictional
txn-01233,2025-06-05 03:00:00+00:00,customer-022,2020.85,0,0,1,2,1,1,0,fictional
txn-01234,2025-06-05 06:00:00+00:00,customer-023,1371.92,0,0,0,0,0,0,0,fictional
txn-01235,2025-06-05 09:00:00+00:00,customer-024,634.44,0,0,1,1,1,0,0,fictional
txn-01236,2025-06-05 12:00:00+00:00,customer-025,1649.19,1,0,0,2,3,0,0,fictional
txn-01237,2025-06-05 15:00:00+00:00,customer-026,3422.9,0,0,0,0,4,0,0,fictional
txn-01238,2025-06-05 18:00:00+00:00,customer-027,1499.81,1,0,0,2,6,0,0,fictional
txn-01239,2025-06-05 21:00:00+00:00,customer-028,2597.94,0,0,0,0,2,0,0,fictional
txn-01240,2025-06-06 00:00:00+00:00,customer-029,4402.45,0,0,0,0,4,1,0,fictional
txn-01241,2025-06-06 03:00:00+00:00,customer-030,36395.8,0,0,0,1,2,1,0,fictional
txn-01242,2025-06-06 06:00:00+00:00,customer-031,4295.3,0,0,0,0,2,0,0,fictional
txn-01243,2025-06-06 09:00:00+00:00,customer-032,1942.33,0,0,0,2,5,0,0,fictional
txn-01244,2025-06-06 12:00:00+00:00,customer-033,723.19,0,0,0,1,3,0,0,fictional
txn-01245,2025-06-06 15:00:00+00:00,customer-034,4056.05,0,1,0,1,3,0,0,fictional
txn-01246,2025-06-06 18:00:00+00:00,customer-035,30501.9,1,1,0,0,7,0,0,fictional
txn-01247,2025-06-06 21:00:00+00:00,customer-036,2635.48,0,1,0,0,2,0,0,fictional
txn-01248,2025-06-07 00:00:00+00:00,customer-037,2940.3,0,0,0,1,2,1,0,fictional
txn-01249,2025-06-07 03:00:00+00:00,customer-038,2335.75,1,0,0,0,5,1,0,fictional
txn-01250,2025-06-07 06:00:00+00:00,customer-039,1469.19,0,0,0,1,3,0,0,fictional
txn-01251,2025-06-07 09:00:00+00:00,customer-040,1944.49,0,0,0,0,2,0,0,fictional
txn-01252,2025-06-07 12:00:00+00:00,customer-041,2389.89,1,1,0,0,5,0,0,fictional
txn-01253,2025-06-07 15:00:00+00:00,customer-042,602.22,0,1,0,0,5,0,0,fictional
txn-01254,2025-06-07 18:00:00+00:00,customer-043,23555.12,0,1,0,0,1,0,0,fictional
txn-01255,2025-06-07 21:00:00+00:00,customer-044,2722.04,0,0,0,2,3,0,0,fictional
txn-01256,2025-06-08 00:00:00+00:00,customer-045,21190.82,0,0,0,3,2,1,0,fictional
txn-01257,2025-06-08 03:00:00+00:00,customer-046,981.33,0,0,0,2,1,1,0,fictional
txn-01258,2025-06-08 06:00:00+00:00,customer-047,1018.09,0,0,0,0,0,0,0,fictional
txn-01259,2025-06-08 09:00:00+00:00,customer-048,3975.64,0,0,0,0,0,0,0,fictional
txn-01260,2025-06-08 12:00:00+00:00,customer-049,1913.85,1,0,0,0,4,0,0,fictional
txn-01261,2025-06-08 15:00:00+00:00,customer-050,2593.11,0,0,0,0,3,0,0,fictional
txn-01262,2025-06-08 18:00:00+00:00,customer-051,11970.49,1,0,0,0,3,0,0,fictional
txn-01263,2025-06-08 21:00:00+00:00,customer-052,3723.21,0,0,0,3,6,0,0,fictional
txn-01264,2025-06-09 00:00:00+00:00,customer-053,930.87,1,0,0,1,8,1,0,fictional
txn-01265,2025-06-09 03:00:00+00:00,customer-054,6043.35,0,0,0,1,1,1,0,fictional
txn-01266,2025-06-09 06:00:00+00:00,customer-055,151.15,0,0,0,0,3,0,0,fictional
txn-01267,2025-06-09 09:00:00+00:00,customer-056,292.56,0,0,0,2,2,0,0,fictional
txn-01268,2025-06-09 12:00:00+00:00,customer-057,793.44,0,0,0,0,3,0,0,fictional
txn-01269,2025-06-09 15:00:00+00:00,customer-058,1239.28,0,1,1,1,1,0,0,fictional
txn-01270,2025-06-09 18:00:00+00:00,customer-059,985.81,0,0,0,2,1,0,0,fictional
txn-01271,2025-06-09 21:00:00+00:00,customer-060,1136.39,1,0,0,0,3,0,0,fictional
txn-01272,2025-06-10 00:00:00+00:00,customer-061,1381.21,0,0,0,2,0,1,0,fictional
txn-01273,2025-06-10 03:00:00+00:00,customer-062,112.56,0,0,0,1,4,1,0,fictional
txn-01274,2025-06-10 06:00:00+00:00,customer-063,1718.08,0,0,0,0,4,0,0,fictional
txn-01275,2025-06-10 09:00:00+00:00,customer-064,552.73,0,0,0,2,2,0,0,fictional
txn-01276,2025-06-10 12:00:00+00:00,customer-065,1122.19,1,0,0,1,1,0,0,fictional
txn-01277,2025-06-10 15:00:00+00:00,customer-066,5194.76,0,0,0,1,2,0,0,fictional
txn-01278,2025-06-10 18:00:00+00:00,customer-067,269.25,0,0,0,0,3,0,0,fictional
txn-01279,2025-06-10 21:00:00+00:00,customer-068,4324.61,1,0,0,1,4,0,0,fictional
txn-01280,2025-06-11 00:00:00+00:00,customer-069,5673.85,1,0,0,2,3,1,0,fictional
txn-01281,2025-06-11 03:00:00+00:00,customer-070,3839.63,0,1,0,3,3,1,0,fictional
txn-01282,2025-06-11 06:00:00+00:00,customer-071,2063.84,0,0,0,2,0,0,0,fictional
txn-01283,2025-06-11 09:00:00+00:00,customer-072,5029.71,0,0,0,0,1,0,0,fictional
txn-01284,2025-06-11 12:00:00+00:00,customer-073,15459.6,0,0,0,0,2,0,0,fictional
txn-01285,2025-06-11 15:00:00+00:00,customer-074,1407.92,1,0,0,0,4,0,0,fictional
txn-01286,2025-06-11 18:00:00+00:00,customer-075,23217.68,1,1,0,0,3,0,0,fictional
txn-01287,2025-06-11 21:00:00+00:00,customer-076,2024.37,0,0,1,0,0,0,0,fictional
txn-01288,2025-06-12 00:00:00+00:00,customer-077,1153.32,0,0,0,0,3,1,0,fictional
txn-01289,2025-06-12 03:00:00+00:00,customer-078,1237.84,1,0,0,1,4,1,0,fictional
txn-01290,2025-06-12 06:00:00+00:00,customer-079,985.71,0,1,0,0,3,0,0,fictional
txn-01291,2025-06-12 09:00:00+00:00,customer-080,1513.25,1,0,0,0,4,0,0,fictional
txn-01292,2025-06-12 12:00:00+00:00,customer-081,3726.77,0,0,0,1,2,0,0,fictional
txn-01293,2025-06-12 15:00:00+00:00,customer-082,18285.47,0,0,0,3,3,0,0,fictional
txn-01294,2025-06-12 18:00:00+00:00,customer-083,6666.42,1,0,0,0,2,0,0,fictional
txn-01295,2025-06-12 21:00:00+00:00,customer-084,2128.2,0,1,0,0,4,0,0,fictional
txn-01296,2025-06-13 00:00:00+00:00,customer-085,22557.68,0,0,0,0,6,1,0,fictional
txn-01297,2025-06-13 03:00:00+00:00,customer-086,3794.96,0,0,0,2,2,1,0,fictional
txn-01298,2025-06-13 06:00:00+00:00,customer-087,90.03,1,1,0,0,8,0,0,fictional
txn-01299,2025-06-13 09:00:00+00:00,customer-088,5916.25,1,0,0,0,2,0,0,fictional
txn-01300,2025-06-13 12:00:00+00:00,customer-089,1867.47,0,0,0,0,3,0,0,fictional
txn-01301,2025-06-13 15:00:00+00:00,customer-090,9376.98,0,0,0,1,0,0,0,fictional
txn-01302,2025-06-13 18:00:00+00:00,customer-091,8076.67,1,0,0,0,4,0,0,fictional
txn-01303,2025-06-13 21:00:00+00:00,customer-092,3344.46,0,0,0,0,2,0,0,fictional
txn-01304,2025-06-14 00:00:00+00:00,customer-093,1882.92,0,0,0,0,3,1,0,fictional
txn-01305,2025-06-14 03:00:00+00:00,customer-094,7953.59,0,0,0,2,3,1,0,fictional
txn-01306,2025-06-14 06:00:00+00:00,customer-095,2969.68,0,0,0,0,3,0,0,fictional
txn-01307,2025-06-14 09:00:00+00:00,customer-096,30596.57,0,0,0,0,1,0,0,fictional
txn-01308,2025-06-14 12:00:00+00:00,customer-097,4382.27,0,0,0,0,3,0,0,fictional
txn-01309,2025-06-14 15:00:00+00:00,customer-098,4902.88,1,0,0,0,4,0,0,fictional
txn-01310,2025-06-14 18:00:00+00:00,customer-099,13250.89,0,0,0,0,3,0,0,fictional
txn-01311,2025-06-14 21:00:00+00:00,customer-100,780.85,0,0,0,0,2,0,0,fictional
txn-01312,2025-06-15 00:00:00+00:00,customer-101,10892.37,0,0,0,1,4,1,0,fictional
txn-01313,2025-06-15 03:00:00+00:00,customer-102,11632.97,1,0,0,2,2,1,0,fictional
txn-01314,2025-06-15 06:00:00+00:00,customer-103,2771.89,0,0,0,0,5,0,0,fictional
txn-01315,2025-06-15 09:00:00+00:00,customer-104,253.72,0,0,0,2,2,0,0,fictional
txn-01316,2025-06-15 12:00:00+00:00,customer-105,4724.72,0,0,0,0,3,0,0,fictional
txn-01317,2025-06-15 15:00:00+00:00,customer-106,3592.54,0,1,0,3,3,0,0,fictional
txn-01318,2025-06-15 18:00:00+00:00,customer-107,1355.28,1,0,0,1,2,0,0,fictional
txn-01319,2025-06-15 21:00:00+00:00,customer-108,1095.25,0,0,0,0,2,0,0,fictional
txn-01320,2025-06-16 00:00:00+00:00,customer-109,180.3,0,0,0,1,1,1,0,fictional
txn-01321,2025-06-16 03:00:00+00:00,customer-110,1280.57,0,1,0,0,2,1,0,fictional
txn-01322,2025-06-16 06:00:00+00:00,customer-111,2503.92,0,0,0,0,1,0,0,fictional
txn-01323,2025-06-16 09:00:00+00:00,customer-112,2187.68,1,0,1,0,2,0,0,fictional
txn-01324,2025-06-16 12:00:00+00:00,customer-113,1754.68,0,0,0,2,3,0,0,fictional
txn-01325,2025-06-16 15:00:00+00:00,customer-114,1701.71,0,0,0,0,1,0,0,fictional
txn-01326,2025-06-16 18:00:00+00:00,customer-115,724.3,0,0,0,2,1,0,0,fictional
txn-01327,2025-06-16 21:00:00+00:00,customer-116,1253.85,1,1,0,1,3,0,0,fictional
txn-01328,2025-06-17 00:00:00+00:00,customer-117,1213.48,0,0,0,1,2,1,0,fictional
txn-01329,2025-06-17 03:00:00+00:00,customer-118,1264.76,0,0,0,1,5,1,0,fictional
txn-01330,2025-06-17 06:00:00+00:00,customer-119,3649.36,0,0,0,0,2,0,0,fictional
txn-01331,2025-06-17 09:00:00+00:00,customer-120,2986.89,0,0,0,0,2,0,0,fictional
txn-01332,2025-06-17 12:00:00+00:00,customer-121,27297.94,0,1,0,1,5,0,0,fictional
txn-01333,2025-06-17 15:00:00+00:00,customer-122,3409.77,1,0,1,1,3,0,0,fictional
txn-01334,2025-06-17 18:00:00+00:00,customer-123,1668.98,0,0,0,3,3,0,0,fictional
txn-01335,2025-06-17 21:00:00+00:00,customer-124,1369.96,0,0,0,2,1,0,0,fictional
txn-01336,2025-06-18 00:00:00+00:00,customer-125,13325.56,0,0,0,0,5,1,0,fictional
txn-01337,2025-06-18 03:00:00+00:00,customer-126,2472.15,0,0,0,1,2,1,0,fictional
txn-01338,2025-06-18 06:00:00+00:00,customer-127,11772.16,0,1,1,1,2,0,0,fictional
txn-01339,2025-06-18 09:00:00+00:00,customer-128,1366.16,1,0,0,3,1,0,0,fictional
txn-01340,2025-06-18 12:00:00+00:00,customer-129,2733.29,0,0,0,1,0,0,0,fictional
txn-01341,2025-06-18 15:00:00+00:00,customer-130,1612.87,1,0,0,0,3,0,0,fictional
txn-01342,2025-06-18 18:00:00+00:00,customer-131,358.33,0,0,0,0,2,0,0,fictional
txn-01343,2025-06-18 21:00:00+00:00,customer-132,1640.58,1,0,0,1,2,0,0,fictional
txn-01344,2025-06-19 00:00:00+00:00,customer-133,6221.41,1,0,0,1,4,1,0,fictional
txn-01345,2025-06-19 03:00:00+00:00,customer-134,12213.11,0,0,0,0,1,1,0,fictional
txn-01346,2025-06-19 06:00:00+00:00,customer-135,498.44,0,0,1,0,4,0,0,fictional
txn-01347,2025-06-19 09:00:00+00:00,customer-136,6202.62,0,0,0,1,2,0,0,fictional
txn-01348,2025-06-19 12:00:00+00:00,customer-137,669.25,1,0,0,2,3,0,0,fictional
txn-01349,2025-06-19 15:00:00+00:00,customer-138,906.76,0,0,0,1,2,0,0,fictional
txn-01350,2025-06-19 18:00:00+00:00,customer-139,473.75,1,0,0,2,3,0,0,fictional
txn-01351,2025-06-19 21:00:00+00:00,customer-140,1075.9,0,0,0,0,1,0,0,fictional
txn-01352,2025-06-20 00:00:00+00:00,customer-141,2513.25,0,0,0,1,5,1,0,fictional
txn-01353,2025-06-20 03:00:00+00:00,customer-142,2960.35,0,0,0,0,2,1,0,fictional
txn-01354,2025-06-20 06:00:00+00:00,customer-143,10715.75,1,0,0,0,3,0,0,fictional
txn-01355,2025-06-20 09:00:00+00:00,customer-144,156632.17,1,1,0,0,4,0,1,fictional
txn-01356,2025-06-20 12:00:00+00:00,customer-145,4092.07,1,0,0,0,2,0,0,fictional
txn-01357,2025-06-20 15:00:00+00:00,customer-146,3696.12,0,0,0,0,1,0,0,fictional
txn-01358,2025-06-20 18:00:00+00:00,customer-147,5483.53,0,0,0,3,1,0,0,fictional
txn-01359,2025-06-20 21:00:00+00:00,customer-148,735.49,1,0,0,1,5,0,0,fictional
txn-01360,2025-06-21 00:00:00+00:00,customer-149,3811.91,0,0,0,0,3,1,0,fictional
txn-01361,2025-06-21 03:00:00+00:00,customer-150,14056.28,0,0,0,0,3,1,0,fictional
txn-01362,2025-06-21 06:00:00+00:00,customer-151,10820.57,1,0,0,0,4,0,0,fictional
txn-01363,2025-06-21 09:00:00+00:00,customer-152,191617.7,0,0,0,0,1,0,1,fictional
txn-01364,2025-06-21 12:00:00+00:00,customer-153,1379.57,0,0,0,2,0,0,0,fictional
txn-01365,2025-06-21 15:00:00+00:00,customer-154,626.37,0,0,1,0,1,0,0,fictional
txn-01366,2025-06-21 18:00:00+00:00,customer-155,3769.36,1,0,0,3,1,0,0,fictional
txn-01367,2025-06-21 21:00:00+00:00,customer-156,2373.54,0,1,0,0,6,0,0,fictional
txn-01368,2025-06-22 00:00:00+00:00,customer-157,2791.86,0,0,0,0,3,1,0,fictional
txn-01369,2025-06-22 03:00:00+00:00,customer-158,6922.89,0,0,1,0,4,1,0,fictional
txn-01370,2025-06-22 06:00:00+00:00,customer-159,6994.02,0,0,0,0,4,0,0,fictional
txn-01371,2025-06-22 09:00:00+00:00,customer-160,39730.9,0,1,0,0,2,0,0,fictional
txn-01372,2025-06-22 12:00:00+00:00,customer-161,68743.45,1,0,0,1,2,0,1,fictional
txn-01373,2025-06-22 15:00:00+00:00,customer-162,14029.99,0,0,0,2,5,0,0,fictional
txn-01374,2025-06-22 18:00:00+00:00,customer-163,643.32,0,1,0,0,1,0,0,fictional
txn-01375,2025-06-22 21:00:00+00:00,customer-164,3724.24,0,1,0,0,2,0,0,fictional
txn-01376,2025-06-23 00:00:00+00:00,customer-165,1828.2,0,0,0,1,3,1,0,fictional
txn-01377,2025-06-23 03:00:00+00:00,customer-166,2006.89,0,0,0,0,3,1,0,fictional
txn-01378,2025-06-23 06:00:00+00:00,customer-167,12766.19,0,0,0,2,3,0,0,fictional
txn-01379,2025-06-23 09:00:00+00:00,customer-168,5389.09,0,0,0,0,2,0,0,fictional
txn-01380,2025-06-23 12:00:00+00:00,customer-169,1338.56,0,0,0,2,2,0,0,fictional
txn-01381,2025-06-23 15:00:00+00:00,customer-170,1433.27,0,0,0,1,4,0,0,fictional
txn-01382,2025-06-23 18:00:00+00:00,customer-171,1099.32,0,1,0,2,1,0,0,fictional
txn-01383,2025-06-23 21:00:00+00:00,customer-172,3565.75,1,0,0,0,5,0,0,fictional
txn-01384,2025-06-24 00:00:00+00:00,customer-000,5491.69,0,0,0,0,3,1,0,fictional
txn-01385,2025-06-24 03:00:00+00:00,customer-001,905.14,1,1,0,0,5,1,0,fictional
txn-01386,2025-06-24 06:00:00+00:00,customer-002,585.4,0,0,0,0,2,0,0,fictional
txn-01387,2025-06-24 09:00:00+00:00,customer-003,11722.01,0,0,0,3,0,0,0,fictional
txn-01388,2025-06-24 12:00:00+00:00,customer-004,5102.39,0,0,0,1,5,0,0,fictional
txn-01389,2025-06-24 15:00:00+00:00,customer-005,145.02,0,0,0,1,3,0,0,fictional
txn-01390,2025-06-24 18:00:00+00:00,customer-006,10886.99,1,0,0,1,4,0,0,fictional
txn-01391,2025-06-24 21:00:00+00:00,customer-007,2631.67,0,0,0,2,2,0,0,fictional
txn-01392,2025-06-25 00:00:00+00:00,customer-008,4050.19,0,0,0,0,4,1,0,fictional
txn-01393,2025-06-25 03:00:00+00:00,customer-009,1835.72,1,0,0,2,4,1,1,fictional
txn-01394,2025-06-25 06:00:00+00:00,customer-010,782.94,0,0,0,0,0,0,0,fictional
txn-01395,2025-06-25 09:00:00+00:00,customer-011,1289.25,1,0,0,2,4,0,0,fictional
txn-01396,2025-06-25 12:00:00+00:00,customer-012,5703.08,0,1,0,2,6,0,0,fictional
txn-01397,2025-06-25 15:00:00+00:00,customer-013,6842.58,0,1,0,0,3,0,0,fictional
txn-01398,2025-06-25 18:00:00+00:00,customer-014,4860.66,0,0,0,0,1,0,0,fictional
txn-01399,2025-06-25 21:00:00+00:00,customer-015,30452.63,0,0,0,0,1,0,0,fictional
txn-01400,2025-06-26 00:00:00+00:00,customer-016,10637.66,1,0,0,2,4,1,0,fictional
txn-01401,2025-06-26 03:00:00+00:00,customer-017,7321.71,0,0,0,2,2,1,0,fictional
txn-01402,2025-06-26 06:00:00+00:00,customer-018,7259.69,0,1,0,0,4,0,0,fictional
txn-01403,2025-06-26 09:00:00+00:00,customer-019,8144.32,0,0,0,0,4,0,0,fictional
txn-01404,2025-06-26 12:00:00+00:00,customer-020,7102.12,0,0,0,3,1,0,0,fictional
txn-01405,2025-06-26 15:00:00+00:00,customer-021,3377.48,0,0,0,0,0,0,0,fictional
txn-01406,2025-06-26 18:00:00+00:00,customer-022,1704.12,0,0,0,0,2,0,0,fictional
txn-01407,2025-06-26 21:00:00+00:00,customer-023,2535.58,0,0,0,0,1,0,0,fictional
txn-01408,2025-06-27 00:00:00+00:00,customer-024,455.5,0,0,0,3,2,1,0,fictional
txn-01409,2025-06-27 03:00:00+00:00,customer-025,1854.32,0,0,0,2,1,1,0,fictional
txn-01410,2025-06-27 06:00:00+00:00,customer-026,140.02,0,0,0,2,2,0,0,fictional
txn-01411,2025-06-27 09:00:00+00:00,customer-027,19507.29,0,0,0,2,1,0,0,fictional
txn-01412,2025-06-27 12:00:00+00:00,customer-028,2225.79,0,0,0,0,3,0,0,fictional
txn-01413,2025-06-27 15:00:00+00:00,customer-029,13401.34,0,0,0,1,2,0,0,fictional
txn-01414,2025-06-27 18:00:00+00:00,customer-030,1785.48,0,1,1,1,4,0,1,fictional
txn-01415,2025-06-27 21:00:00+00:00,customer-031,346.94,0,0,1,2,2,0,0,fictional
txn-01416,2025-06-28 00:00:00+00:00,customer-032,8684.11,0,0,0,0,2,1,0,fictional
txn-01417,2025-06-28 03:00:00+00:00,customer-033,2167.21,0,0,0,2,2,1,0,fictional
txn-01418,2025-06-28 06:00:00+00:00,customer-034,110205.85,0,0,0,0,2,0,1,fictional
txn-01419,2025-06-28 09:00:00+00:00,customer-035,1918.88,0,1,0,0,4,0,0,fictional
txn-01420,2025-06-28 12:00:00+00:00,customer-036,8368.22,1,1,0,0,3,0,0,fictional
txn-01421,2025-06-28 15:00:00+00:00,customer-037,7851.34,0,0,0,0,1,0,0,fictional
txn-01422,2025-06-28 18:00:00+00:00,customer-038,668.39,0,0,0,0,1,0,0,fictional
txn-01423,2025-06-28 21:00:00+00:00,customer-039,575.73,0,0,0,0,2,0,0,fictional
txn-01424,2025-06-29 00:00:00+00:00,customer-040,11717.65,1,0,0,0,2,1,0,fictional
txn-01425,2025-06-29 03:00:00+00:00,customer-041,2824.46,1,0,0,0,4,1,0,fictional
txn-01426,2025-06-29 06:00:00+00:00,customer-042,2653.54,0,0,0,0,1,0,0,fictional
txn-01427,2025-06-29 09:00:00+00:00,customer-043,25503.43,0,0,0,1,0,0,0,fictional
txn-01428,2025-06-29 12:00:00+00:00,customer-044,4427.67,0,0,1,2,4,0,0,fictional
txn-01429,2025-06-29 15:00:00+00:00,customer-045,4359.07,0,0,0,0,2,0,0,fictional
txn-01430,2025-06-29 18:00:00+00:00,customer-046,2048.5,1,0,0,0,2,0,0,fictional
txn-01431,2025-06-29 21:00:00+00:00,customer-047,3436.18,1,0,0,0,4,0,0,fictional
txn-01432,2025-06-30 00:00:00+00:00,customer-048,823.49,0,0,0,0,5,1,0,fictional
txn-01433,2025-06-30 03:00:00+00:00,customer-049,2802.01,1,0,0,1,6,1,0,fictional
txn-01434,2025-06-30 06:00:00+00:00,customer-050,14604.07,1,0,1,0,3,0,0,fictional
txn-01435,2025-06-30 09:00:00+00:00,customer-051,429.87,0,1,0,1,2,0,0,fictional
txn-01436,2025-06-30 12:00:00+00:00,customer-052,1400.04,0,0,0,2,2,0,0,fictional
txn-01437,2025-06-30 15:00:00+00:00,customer-053,134.68,1,0,0,0,3,0,0,fictional
txn-01438,2025-06-30 18:00:00+00:00,customer-054,17007.4,0,0,0,0,2,0,0,fictional
txn-01439,2025-06-30 21:00:00+00:00,customer-055,14221.18,1,0,0,2,5,0,0,fictional
txn-01440,2025-07-01 00:00:00+00:00,customer-056,7273.58,1,0,0,3,8,1,1,fictional
txn-01441,2025-07-01 03:00:00+00:00,customer-057,882.29,0,0,0,0,2,1,0,fictional
txn-01442,2025-07-01 06:00:00+00:00,customer-058,3476.89,0,0,0,1,3,0,0,fictional
txn-01443,2025-07-01 09:00:00+00:00,customer-059,1365.06,0,0,0,1,1,0,0,fictional
txn-01444,2025-07-01 12:00:00+00:00,customer-060,3313.51,0,1,0,1,6,0,0,fictional
txn-01445,2025-07-01 15:00:00+00:00,customer-061,6557.46,0,0,0,0,2,0,0,fictional
txn-01446,2025-07-01 18:00:00+00:00,customer-062,642.57,0,0,0,1,1,0,0,fictional
txn-01447,2025-07-01 21:00:00+00:00,customer-063,1621.1,0,0,0,0,4,0,0,fictional
txn-01448,2025-07-02 00:00:00+00:00,customer-064,465.57,1,0,0,1,3,1,0,fictional
txn-01449,2025-07-02 03:00:00+00:00,customer-065,300.29,1,0,0,1,1,1,0,fictional
txn-01450,2025-07-02 06:00:00+00:00,customer-066,6296.66,0,0,0,1,1,0,0,fictional
txn-01451,2025-07-02 09:00:00+00:00,customer-067,3808.94,0,0,0,0,1,0,0,fictional
txn-01452,2025-07-02 12:00:00+00:00,customer-068,3844.35,0,1,0,3,4,0,0,fictional
txn-01453,2025-07-02 15:00:00+00:00,customer-069,1697.67,0,0,1,0,2,0,0,fictional
txn-01454,2025-07-02 18:00:00+00:00,customer-070,6013.68,0,0,0,1,5,0,0,fictional
txn-01455,2025-07-02 21:00:00+00:00,customer-071,1027.07,1,1,0,2,3,0,0,fictional
txn-01456,2025-07-03 00:00:00+00:00,customer-072,3612.39,0,0,0,0,4,1,0,fictional
txn-01457,2025-07-03 03:00:00+00:00,customer-073,2566.84,0,0,0,1,6,1,0,fictional
txn-01458,2025-07-03 06:00:00+00:00,customer-074,3635.55,1,0,0,1,3,0,0,fictional
txn-01459,2025-07-03 09:00:00+00:00,customer-075,6846.66,0,0,0,2,2,0,0,fictional
txn-01460,2025-07-03 12:00:00+00:00,customer-076,11599.26,0,0,0,3,8,0,1,fictional
txn-01461,2025-07-03 15:00:00+00:00,customer-077,25050.74,0,0,0,0,2,0,0,fictional
txn-01462,2025-07-03 18:00:00+00:00,customer-078,32551.72,1,0,0,2,5,0,1,fictional
txn-01463,2025-07-03 21:00:00+00:00,customer-079,1567.38,0,0,0,0,3,0,0,fictional
txn-01464,2025-07-04 00:00:00+00:00,customer-080,10815.59,0,0,0,0,2,1,0,fictional
txn-01465,2025-07-04 03:00:00+00:00,customer-081,1035.45,0,0,1,1,2,1,0,fictional
txn-01466,2025-07-04 06:00:00+00:00,customer-082,6686.14,1,1,0,3,4,0,1,fictional
txn-01467,2025-07-04 09:00:00+00:00,customer-083,1109.95,1,0,1,1,4,0,1,fictional
txn-01468,2025-07-04 12:00:00+00:00,customer-084,3107.79,0,0,0,1,1,0,0,fictional
txn-01469,2025-07-04 15:00:00+00:00,customer-085,682.06,0,0,0,0,1,0,0,fictional
txn-01470,2025-07-04 18:00:00+00:00,customer-086,342.63,0,1,0,1,1,0,0,fictional
txn-01471,2025-07-04 21:00:00+00:00,customer-087,19486.56,0,0,0,3,1,0,0,fictional
txn-01472,2025-07-05 00:00:00+00:00,customer-088,113.38,0,0,0,2,3,1,0,fictional
txn-01473,2025-07-05 03:00:00+00:00,customer-089,1279.43,1,1,0,1,3,1,0,fictional
txn-01474,2025-07-05 06:00:00+00:00,customer-090,15735.6,0,0,0,0,0,0,0,fictional
txn-01475,2025-07-05 09:00:00+00:00,customer-091,196.94,0,0,0,1,2,0,0,fictional
txn-01476,2025-07-05 12:00:00+00:00,customer-092,7420.55,0,0,0,0,2,0,0,fictional
txn-01477,2025-07-05 15:00:00+00:00,customer-093,1317.16,0,0,0,1,1,0,0,fictional
txn-01478,2025-07-05 18:00:00+00:00,customer-094,1231.06,1,0,0,0,3,0,0,fictional
txn-01479,2025-07-05 21:00:00+00:00,customer-095,157.95,1,1,0,0,5,0,0,fictional
txn-01480,2025-07-06 00:00:00+00:00,customer-096,3783.45,1,0,0,0,5,1,0,fictional
txn-01481,2025-07-06 03:00:00+00:00,customer-097,1145.5,0,0,0,1,1,1,0,fictional
txn-01482,2025-07-06 06:00:00+00:00,customer-098,2802.5,1,0,0,3,4,0,0,fictional
txn-01483,2025-07-06 09:00:00+00:00,customer-099,2611.47,1,0,0,2,2,0,0,fictional
txn-01484,2025-07-06 12:00:00+00:00,customer-100,708.02,0,0,0,0,3,0,0,fictional
txn-01485,2025-07-06 15:00:00+00:00,customer-101,1450.85,0,0,0,0,2,0,0,fictional
txn-01486,2025-07-06 18:00:00+00:00,customer-102,3505.72,1,0,0,1,4,0,0,fictional
txn-01487,2025-07-06 21:00:00+00:00,customer-103,571.89,0,0,0,0,1,0,0,fictional
txn-01488,2025-07-07 00:00:00+00:00,customer-104,7704.56,0,0,1,2,0,1,0,fictional
txn-01489,2025-07-07 03:00:00+00:00,customer-105,1739.05,0,0,0,0,1,1,0,fictional
txn-01490,2025-07-07 06:00:00+00:00,customer-106,6848.38,0,0,0,3,2,0,0,fictional
txn-01491,2025-07-07 09:00:00+00:00,customer-107,784.78,0,0,0,1,3,0,0,fictional
txn-01492,2025-07-07 12:00:00+00:00,customer-108,311.81,0,0,0,3,2,0,0,fictional
txn-01493,2025-07-07 15:00:00+00:00,customer-109,582.32,0,1,0,3,1,0,0,fictional
txn-01494,2025-07-07 18:00:00+00:00,customer-110,7004.58,0,0,0,1,2,0,0,fictional
txn-01495,2025-07-07 21:00:00+00:00,customer-111,2586.95,0,0,0,0,1,0,0,fictional
txn-01496,2025-07-08 00:00:00+00:00,customer-112,2665.52,0,0,0,1,3,1,0,fictional
txn-01497,2025-07-08 03:00:00+00:00,customer-113,3066.51,0,1,0,0,3,1,0,fictional
txn-01498,2025-07-08 06:00:00+00:00,customer-114,5072.78,1,0,0,0,2,0,0,fictional
txn-01499,2025-07-08 09:00:00+00:00,customer-115,2908.97,1,0,0,1,2,0,0,fictional
txn-01500,2025-07-08 12:00:00+00:00,customer-116,1851.43,0,0,0,0,1,0,0,fictional
txn-01501,2025-07-08 15:00:00+00:00,customer-117,1796.22,1,0,0,0,3,0,0,fictional
txn-01502,2025-07-08 18:00:00+00:00,customer-118,2589.72,0,0,0,2,0,0,0,fictional
txn-01503,2025-07-08 21:00:00+00:00,customer-119,4088.08,0,1,0,0,2,0,0,fictional
txn-01504,2025-07-09 00:00:00+00:00,customer-120,2678.74,0,0,0,1,4,1,0,fictional
txn-01505,2025-07-09 03:00:00+00:00,customer-121,803.42,0,0,0,2,5,1,0,fictional
txn-01506,2025-07-09 06:00:00+00:00,customer-122,979.55,0,0,0,0,1,0,0,fictional
txn-01507,2025-07-09 09:00:00+00:00,customer-123,7746.99,0,0,0,1,4,0,0,fictional
txn-01508,2025-07-09 12:00:00+00:00,customer-124,16661.85,0,0,0,2,1,0,0,fictional
txn-01509,2025-07-09 15:00:00+00:00,customer-125,267.76,0,0,0,0,1,0,0,fictional
txn-01510,2025-07-09 18:00:00+00:00,customer-126,796.69,0,0,0,2,0,0,0,fictional
txn-01511,2025-07-09 21:00:00+00:00,customer-127,1974.33,0,0,0,2,4,0,0,fictional
txn-01512,2025-07-10 00:00:00+00:00,customer-128,2910.58,0,0,0,1,2,1,0,fictional
txn-01513,2025-07-10 03:00:00+00:00,customer-129,621.72,0,0,0,1,1,1,0,fictional
txn-01514,2025-07-10 06:00:00+00:00,customer-130,38393.98,0,0,0,2,0,0,0,fictional
txn-01515,2025-07-10 09:00:00+00:00,customer-131,6304.05,0,0,1,2,2,0,0,fictional
txn-01516,2025-07-10 12:00:00+00:00,customer-132,394.9,0,1,0,2,4,0,0,fictional
txn-01517,2025-07-10 15:00:00+00:00,customer-133,19587.01,0,0,0,3,2,0,0,fictional
txn-01518,2025-07-10 18:00:00+00:00,customer-134,2356.55,0,0,0,0,1,0,0,fictional
txn-01519,2025-07-10 21:00:00+00:00,customer-135,66.97,0,0,0,0,3,0,0,fictional
txn-01520,2025-07-11 00:00:00+00:00,customer-136,1125.47,0,0,0,1,2,1,0,fictional
txn-01521,2025-07-11 03:00:00+00:00,customer-137,2136.06,0,1,0,2,3,1,0,fictional
txn-01522,2025-07-11 06:00:00+00:00,customer-138,7073.75,0,0,0,0,0,0,0,fictional
txn-01523,2025-07-11 09:00:00+00:00,customer-139,5884.27,0,0,0,0,3,0,0,fictional
txn-01524,2025-07-11 12:00:00+00:00,customer-140,1847.88,1,0,0,1,1,0,0,fictional
txn-01525,2025-07-11 15:00:00+00:00,customer-141,7647.64,0,0,0,0,2,0,0,fictional
txn-01526,2025-07-11 18:00:00+00:00,customer-142,4032.97,0,0,0,1,3,0,0,fictional
txn-01527,2025-07-11 21:00:00+00:00,customer-143,15701.48,0,0,0,0,3,0,0,fictional
txn-01528,2025-07-12 00:00:00+00:00,customer-144,185.17,0,0,0,0,4,1,0,fictional
txn-01529,2025-07-12 03:00:00+00:00,customer-145,525.66,0,0,0,0,2,1,0,fictional
txn-01530,2025-07-12 06:00:00+00:00,customer-146,11918.79,0,0,0,1,2,0,0,fictional
txn-01531,2025-07-12 09:00:00+00:00,customer-147,5072.18,0,0,0,1,2,0,0,fictional
txn-01532,2025-07-12 12:00:00+00:00,customer-148,653.33,0,0,0,1,5,0,0,fictional
txn-01533,2025-07-12 15:00:00+00:00,customer-149,5629.07,0,0,1,3,5,0,0,fictional
txn-01534,2025-07-12 18:00:00+00:00,customer-150,939.13,1,0,0,0,2,0,0,fictional
txn-01535,2025-07-12 21:00:00+00:00,customer-151,17750.77,0,1,0,1,2,0,0,fictional
txn-01536,2025-07-13 00:00:00+00:00,customer-152,2480.58,0,0,0,0,3,1,0,fictional
txn-01537,2025-07-13 03:00:00+00:00,customer-153,2386.72,0,0,0,1,2,1,0,fictional
txn-01538,2025-07-13 06:00:00+00:00,customer-154,710.74,0,0,0,1,1,0,0,fictional
txn-01539,2025-07-13 09:00:00+00:00,customer-155,1996.71,0,0,0,1,1,0,0,fictional
txn-01540,2025-07-13 12:00:00+00:00,customer-156,20615.36,0,0,0,1,2,0,0,fictional
txn-01541,2025-07-13 15:00:00+00:00,customer-157,1459.02,0,0,0,1,2,0,0,fictional
txn-01542,2025-07-13 18:00:00+00:00,customer-158,60920.61,0,0,0,2,2,0,1,fictional
txn-01543,2025-07-13 21:00:00+00:00,customer-159,4064.62,0,0,0,0,3,0,0,fictional
txn-01544,2025-07-14 00:00:00+00:00,customer-160,1643.67,0,0,0,1,2,1,0,fictional
txn-01545,2025-07-14 03:00:00+00:00,customer-161,4961.25,0,0,0,0,1,1,0,fictional
txn-01546,2025-07-14 06:00:00+00:00,customer-162,522.62,1,0,0,0,5,0,0,fictional
txn-01547,2025-07-14 09:00:00+00:00,customer-163,821.62,1,0,0,1,3,0,0,fictional
txn-01548,2025-07-14 12:00:00+00:00,customer-164,7644.03,0,1,0,0,1,0,0,fictional
txn-01549,2025-07-14 15:00:00+00:00,customer-165,329.63,1,1,0,1,4,0,1,fictional
txn-01550,2025-07-14 18:00:00+00:00,customer-166,4846.97,0,0,0,0,0,0,0,fictional
txn-01551,2025-07-14 21:00:00+00:00,customer-167,2002.94,0,1,1,1,3,0,0,fictional
txn-01552,2025-07-15 00:00:00+00:00,customer-168,2452.18,0,0,1,1,0,1,0,fictional
txn-01553,2025-07-15 03:00:00+00:00,customer-169,53686.51,0,0,0,0,1,1,1,fictional
txn-01554,2025-07-15 06:00:00+00:00,customer-170,327.86,1,0,1,2,3,0,1,fictional
txn-01555,2025-07-15 09:00:00+00:00,customer-171,4593.09,1,0,0,1,3,0,0,fictional
txn-01556,2025-07-15 12:00:00+00:00,customer-172,4275.36,0,0,0,2,0,0,0,fictional
txn-01557,2025-07-15 15:00:00+00:00,customer-000,3577.06,1,0,1,0,4,0,0,fictional
txn-01558,2025-07-15 18:00:00+00:00,customer-001,21742.13,0,0,0,0,1,0,0,fictional
txn-01559,2025-07-15 21:00:00+00:00,customer-002,1000.9,0,0,0,0,2,0,0,fictional
txn-01560,2025-07-16 00:00:00+00:00,customer-003,1232.31,0,0,0,0,0,1,0,fictional
txn-01561,2025-07-16 03:00:00+00:00,customer-004,1402.57,1,1,0,1,2,1,0,fictional
txn-01562,2025-07-16 06:00:00+00:00,customer-005,2041.14,0,0,0,1,3,0,0,fictional
txn-01563,2025-07-16 09:00:00+00:00,customer-006,802.98,0,0,0,1,0,0,0,fictional
txn-01564,2025-07-16 12:00:00+00:00,customer-007,2232.18,0,0,0,1,2,0,0,fictional
txn-01565,2025-07-16 15:00:00+00:00,customer-008,8086.41,1,0,0,2,3,0,0,fictional
txn-01566,2025-07-16 18:00:00+00:00,customer-009,3908.21,1,0,0,2,3,0,0,fictional
txn-01567,2025-07-16 21:00:00+00:00,customer-010,27942.52,0,0,0,1,0,0,0,fictional
txn-01568,2025-07-17 00:00:00+00:00,customer-011,1191.58,0,1,0,0,4,1,0,fictional
txn-01569,2025-07-17 03:00:00+00:00,customer-012,21639.94,0,0,0,0,2,1,0,fictional
txn-01570,2025-07-17 06:00:00+00:00,customer-013,9816.42,0,0,0,2,1,0,0,fictional
txn-01571,2025-07-17 09:00:00+00:00,customer-014,1915.35,0,1,0,2,2,0,0,fictional
txn-01572,2025-07-17 12:00:00+00:00,customer-015,32192.45,1,0,0,2,1,0,0,fictional
txn-01573,2025-07-17 15:00:00+00:00,customer-016,4521.18,0,1,0,0,5,0,0,fictional
txn-01574,2025-07-17 18:00:00+00:00,customer-017,6500.06,0,0,0,0,4,0,0,fictional
txn-01575,2025-07-17 21:00:00+00:00,customer-018,2709.93,0,0,0,0,3,0,0,fictional
txn-01576,2025-07-18 00:00:00+00:00,customer-019,2813.33,0,0,0,0,1,1,0,fictional
txn-01577,2025-07-18 03:00:00+00:00,customer-020,26741.68,0,0,0,0,1,1,0,fictional
txn-01578,2025-07-18 06:00:00+00:00,customer-021,16374.63,0,0,0,0,0,0,0,fictional
txn-01579,2025-07-18 09:00:00+00:00,customer-022,6274.92,0,0,0,1,1,0,0,fictional
txn-01580,2025-07-18 12:00:00+00:00,customer-023,375.17,1,1,0,0,5,0,0,fictional
txn-01581,2025-07-18 15:00:00+00:00,customer-024,801.51,0,0,0,0,3,0,0,fictional
txn-01582,2025-07-18 18:00:00+00:00,customer-025,2004.95,0,1,0,1,4,0,0,fictional
txn-01583,2025-07-18 21:00:00+00:00,customer-026,4275.16,0,0,0,0,0,0,0,fictional
txn-01584,2025-07-19 00:00:00+00:00,customer-027,6955.72,1,0,0,0,3,1,0,fictional
txn-01585,2025-07-19 03:00:00+00:00,customer-028,3885.31,0,0,0,1,2,1,0,fictional
txn-01586,2025-07-19 06:00:00+00:00,customer-029,5417.23,0,0,1,0,1,0,0,fictional
txn-01587,2025-07-19 09:00:00+00:00,customer-030,26877.17,0,0,0,3,4,0,0,fictional
txn-01588,2025-07-19 12:00:00+00:00,customer-031,488.66,1,0,0,0,3,0,0,fictional
txn-01589,2025-07-19 15:00:00+00:00,customer-032,4702.22,0,0,0,0,7,0,0,fictional
txn-01590,2025-07-19 18:00:00+00:00,customer-033,17840.65,0,0,0,3,3,0,0,fictional
txn-01591,2025-07-19 21:00:00+00:00,customer-034,1911.24,1,0,0,0,5,0,0,fictional
txn-01592,2025-07-20 00:00:00+00:00,customer-035,17450.89,0,0,0,1,2,1,0,fictional
txn-01593,2025-07-20 03:00:00+00:00,customer-036,1293.49,1,0,0,1,8,1,0,fictional
txn-01594,2025-07-20 06:00:00+00:00,customer-037,3836.69,1,1,0,0,3,0,0,fictional
txn-01595,2025-07-20 09:00:00+00:00,customer-038,2639.65,0,0,0,0,1,0,0,fictional
txn-01596,2025-07-20 12:00:00+00:00,customer-039,434.75,0,0,0,1,4,0,0,fictional
txn-01597,2025-07-20 15:00:00+00:00,customer-040,8744.61,0,1,0,0,5,0,0,fictional
txn-01598,2025-07-20 18:00:00+00:00,customer-041,21413.4,1,0,1,0,2,0,0,fictional
txn-01599,2025-07-20 21:00:00+00:00,customer-042,1997.19,0,0,0,1,4,0,0,fictional
